target_word,sentence_1_id,sentence_1,sentence_2_id,sentence_2,era_group,[Bewertung]
bergwerk,662719,"Die dritte Grundſtuͤtze iſt der Bergbau , indem die Bergwerke , ſonderlich die Eiſenbergwerke , den groͤßten Reichthum des Koͤnigreichs Schweden ausmachen ( §. 293 ) .",3652508,"Die Leitung geht von hier aus durch einen Wetterſchacht bis zu einer Tiefe von 90 Meter auf die erſte Sohle des Bergwerkes , führt eine Strecke über dieſe und geht dann durch ein Geſenk auf die zweite Sohle , von da aus auf die dritte und von dieſer zurück zum Ventilationsſchacht .",Cross-Era,3
sündenfall,5401767,"Waͤre kein Suͤndenfall , und keine Erloͤſung geſchehen , ſo waͤre dieſer Unterſchied nicht Aber der innere , auf der ewigen Zeugung und Ausgang beruhende Unterſchied , iſt nothwendig , ewig , unveraͤnderlich , und bleibet in dem Schooſe der Gottheit , wenn gleich Welt und Menſchen , Fall und Erloͤſung nicht verhanden waͤren .",521198,"Bei weiterem Umblick finden wir , daß das Widerſtreben gegen gedrängte und geſchloſſene Wohnſitze nicht den Germanen allein eigen iſt , ſondern allen mit ihnen verwandten Volksſtämmen , und zwar iſt das vorſtädtiſche Leben derſelben kein durchaus vorgeſchichtliches , ſo daß man ſich denken könnte , es ſtamme das Bild deſſelben aus einer Zeit , wo man , vom Stadtleben überſättigt , die Gründung von Städten als eine Art Sündenfall anſah , welche die Menſchen klüger und geſchickter , aber auch unreiner und unglücklicher gemacht habe :",Cross-Era,2
salzwasser,4615028,"Das Salzwasser selbst zu erreichen , war mir nur an einer Stelle möglich , wo ein Weg zwischen dem bodenlosen Schlamm zu einem kleinen Hause und Nachen an der Ostseite des Sees führt ; hier ist ein Streif weichen Sandbodens : von Phanerogamen war nur eine niedrige Portulacee mit rosenrothen Blumen und etwas fleischigen Blättern , Sesuvium L. , von Thieren nichts zu sehen , der Kescher brachte unter vielen Holzstückchen und schwarzem Schlamm nur todte Schalen einer kleinen Schnecke aus der Gattung Hydrobia hervor .",6106153,"Plötzlich ſtampfte die „ Alma “ tief in die See , ich verlor das Gleichgewicht , fiel auf das Deck nieder und ein gleichzeitig über den Bug kommender kräftiger Sprützer weichte mich gründlich in Salzwaſſer ein .",Late-Late,4
tagewerk,3397450,"Der frohe Schnitter ſammlet fruͤhe , Und fuͤhlt auch Abends keine Pein , Jhm faͤllt bey aller ſeiner Muͤhe GOTT , Friedrich und Luiſe ein ; Die koͤnnen alle Laſt verſuͤſſen , Sollt ihm ein Tagewerk verdrieſſen , Das ihn bey ſeinem Feuerheerd Durch lange Winter-Naͤchte naͤhrt ?",3678841,"Tagewerck , heißet nach dem Saͤchſiſchen Landrecht die Arbeit derjenigen Leute , welche ſie taͤglich um ihre Nahrung arbeiten muͤſſen .",Early-Early,4
ziegenbock,651402,"Die Waaren , welche von dieſem Thiere in die Handlung kommen , ſind : 1 ) die Haut , oder das Fell , ſowol von Ziegenboͤcken , als Ziegen und jungen Zicklein , von denen jene , naͤmlich die von den Ziegenboͤcken , insgemein zu ſaͤmiſchem Leder verarbeitet ; die von den Ziegen vornehmlich zum Saffian und Corduanmachen , bisweilen auch zum Pergamentmachen gebraucht , manchmal auch mit den Bockhaͤuten ſaͤmiſch gaar gemacht ; und die von den jungen Ziegen , oder Zicklein , inſonderheit von den Handſchuhmachern zu Handſchuhen , desgleichen mit den Haaren gar gemacht von den Kuͤrſchnern zuweilen zum Unterfutter unter verſchiedene Sachen , vornehmlich in Handſchuhe , gebrauchet wird .",1937130,"Eine Lauß aus Nova Zembla , ein Ziegenbock aus Meſopotamien ſind auch etwas rares .",Early-Early,4
sonnenschein,2035940,"Sonnenſchein und milder Regen , Beide bringen uns den Seegen , Aus des guͤtgen Gebers Hand : Aus des Herbſtes neblicht Trauffen , Waͤchſt hernach noch mancher Hauffen Frucht , auf dem beſaamten Land :",4067304,"Und wen nur der Frühling zum Feſte ſich lud , Der mag nun nimmermehr traurig ſein ; Doch mich hat er nicht geladen , Ich kann ja die Seele nicht baden In dem goldigen Sonnenſchein !",Cross-Era,4
hausstand,5121398,EJn Kauffmann / der einen Diener annehmen will / hat zuforderſt Acht zu geben ( 1. ) auf ſich / ſeine Handlung / und Haußſtand / ( 2. ) auf des Dieners / den er annehmen will / ſeine Perſohn / Qualitaͤten / und andere Umbſtaͤnde ; und ( 3. ) auf das Publicum ſelbſt / und etwann die Beſchaffenheit des Orts / und der Zeiten / in welchen er lebet / und ſeine Handlung établiret hat .,5405978,"Auf die Chinesenstadt rechnete man 50,000 Hausstände ; somit betrüge die Gesammtbevölkerung gegen 1,300,000 Seelen .",Cross-Era,4
feuerwerk,6068417,"Der Gouverneur und alle Anweſende bezeigten ihr Vergnuͤgen daruͤber , indem kam mein Bruder ſelbſt , und bath unſere ſaͤmmtlichen Gaͤſte , mit ihm an den Strand zu ſpazieren , um auf der See ein kleines Feuerwerck anzuͤnden zu ſehen .",6067576,"Dieſe wuſten wegen der Schwaͤrtze und des Feuerwercks alles ſo accurat auszuſagen , als wir es mit unſern Augen geſehen hatten .",Early-Early,4
stockwerk,6068077,"Nach aufgehobener Taffel ſahe ſich ein jeder nach ſeiner Ruhe-Stelle um , mich und meinen Bruder aber , welcher etwas blaß ausſahe , begleiteten der Gouverneur , deſſen Gemahlin , Toͤchter und Soͤhne biß hinauf in das Obere Stockwerck , allwo uns zwey Zimmer angewieſen wurden , welche Communication mit einander hatten .",6104435,"Mehrentheils wird das Stockwerck , ſo eine Treppe hoch , vor das bequemſte und beſte geachtet , und daher auch am beſten ausmeubliret ; Je hoͤher nun die Stockwercke ſteigen , je mehr nehmen auch die Meublen , wegen der Beſchwerlichkeit im Steigen / an Propreté und Koſtbarkeit ab , weil die Geringern immer hoͤher und hoͤher logiret werden .",Early-Early,4
trauerspiel,1215592,"» Es ist mir aufgefallen , dass die Charaktere des griechischen Trauerspiels mehr oder weniger idealische Masken und keine eigentlichen Individuen sind , wie ich sie in Shakespeare und auch in Ihren Stücken finde . «",3862515,"Sie kannten ja Robert , den Bruder von Frau Rahel Varnhagen in Karlsruhe ; hat er Ihnen nie aus dieſem bürgerlichen Trauerſpiel vorgeleſen ?",Late-Late,2
eisenwerk,969459,3. b. vermittelſt was fuͤr Gelegenheiten ſie offenbahret zu werden pflegen ? ibid. alles Ertztes und Eyſenwercks erſter Meiſter / 3. b.,5501474,"Ein gleiches iſt nachhero auch unterſchiedliche mahl mit denen angelegten Ketten und Banden geſchehen , jedoch endlich hat ein Schmid die ſtaͤrckſten eiſernen Bande verfertiget , auch die Muͤhe auf ſich genommen , nebſt ſeinen Geſellen bey mir zu wachen , und meine Haͤnde , ſo offt ſie ſich an dem Eiſenwercke vergreiffen wollen , mit Brenn-Neſſeln ſo lange zu peitſchen , biß mir die Luſt zum Zerbrechen nach und nach verſchwunden .",Early-Early,4
sonnenblume,1121738,"O wahre Sonnenblumen ! ihr Erweiſt , da ihr faſt Graͤnzen-lo ! , Nicht nur , daß eures Gartens Zier Und Raum faſt unermeßlich groß ; Jhr ſtellt zugleich den Schoͤpfer mir Recht wuͤrdig , recht unendlich fuͤr .",4284674,"Die Sonnenblumen welken und knicken , die Aſtern ſchrumpfen eines Tages ein .",Cross-Era,4
sündenfall,4312354,"JCh habe aus deſſelben neulichem den uͤberſchickten caſum wohl verſtanden / wie nemlich Ucalegon , nach dem er mehrmahl uͤber den mangel der andacht indem gebet und viele hertzensangſt geklaget / endlich von ſeinem gewiſſen getrieben / ſeine ſchwehre ſuͤndenfaͤlle / ſonderlich veruͤbter fleiſchlicher unzucht / reuig gebeichtet und geklaget / da nun die frage ſeye / wie den jenigen weibsverſonen / welche mit ihm geſuͤndiget zu helffen / und ſie zur wahren buß zu bringen ſeyen / als welches denſelben auch obliege / nach dem er aller derſelben beichtvater nicht weniger ſeye / als deſſen der nunmehr ſeine ſuͤnde erkant habe .",110299,"2. Dieſes Gebot vom Glauben und von der Liebe hat er uns gegeben gleich vom Anfange her nach dem Suͤndenfall in den Patriarchen durch ſeine unmittelbare Offenbarung , und durch die Patriarchen , als geſegnete Mittels-Perſonen , hat er es andern Menſchen kund gemacht , auch von den Zeiten Moſis an es durch die Propheten in Schriften laſſen verfaſſet werden .",Early-Early,2
bergwerk,2588925,"Kaiser Maximilian , der lebhaften Anteil an der Entwickelung des Bergbaues seiner Länder nahm , erlieſs Montag vor heiligen drei Könige 1517 eine Bergordnung für die Bergwerke in Österreich , Steiermark , Kärnthen und Krain .",451297,"Eine Specialität der Königshütte war Seildraht für die Harzer Bergwerke , der nicht gezogen , sondern mit dem Zainhammer rund geschmiedet wurde .",Late-Late,4
heerführer,1468354,"Die Namen der Baukünstler erscheinen neben den Namen der Könige , während andere Namen , etwa von Staatsmännern , Heerführern , Gelehrten kaum bekannt sind .",1470104,"Doch lieſsen sich die Fürsten und Heerführer ihr Schlachtschwert auch öfter von einem Waffenträger nachtragen , wie dies Saul in seinem letzten verzweifelten Kampfe gegen die Philister auf dem Gebirge Gilboa that .",Late-Late,2
ruhestand,847968,Sie helffen dir das recht und die geſetze ſchuͤtzen ; So bluͤht durch dich und ſie des Pindus ruheſtand .,5204638,Da iſts alſo kein wunder wo uns der HERR / als der ſich in die harꝛe nicht ſpoten laͤſſet / endlich alles ſolches / unſere politiſche freyheit und ruhe-ſtand / ſo dann die religions freyheit und dero umeingeſchrenckten gebrauch wegnehme / oder doch dermaſſen beſchneide und einſchrencke / daß wir ſagen muͤſſen / der HERR hat nicht vergeſſen / was wir gegen ihn geſuͤndiget / ſondern unſere miſſethaten in das liecht vor ſeinem angeſicht geſtellet .,Early-Early,4
feldzug,3620581,"Der Mangel am Gelde , weil ſowol die aͤußere als innere Schatzkammer durch den aͤgyptiſchen Feldzug erſchoͤpfet waren , noͤthigte Selim , ſeinen vorhabenden Krieg das erſte Jahr aufzuſchieben , und ſeine Gedanken darauf zu richten , wie er von den eroberten Landſchaften friſchen Vorrath erheben moͤchte .",3626329,Die Venetianer kroͤneten ihren Feldzug in Morea mit der Eroberung von Neapel von Romanien .,Early-Early,2
feldzug,5467475,"Nachdem nun die Muͤden von dieſem Feldzuge ausgeruhet , und ſo wol ſie , als ihre Pferde ſich wieder erholet hatten ; ſo ſchrieben ſie in der Faſten einen andern Feldzug aus .",3948115,"Wir ſehen aus sidonii panegyrico , daß Avitus dieſen Feldzuͤgen mit beygewohnet , und daß theils Hunnen und Sarmater , theils verſchiedene Teutſche Voͤlcker , als namentlich Eruler , Salier und andere Francken , wie es ſcheinet , auf Burgundiſcher , Seiten mit gefochten .",Early-Early,2
mauerwerk,1350758,"1 □m volles Mauerwerk , ½ Stein ſtark = 50 „",1352498,"Falls beim Backſteinrohbau Doſſirungen oder Biegungen und Winkel vorkommen , ferner das Mauerwerk , wie z. B. bei Treppenhäuſern , eckig iſt , muß man dieſes nach Schablonen mauern ; daſſelbe gilt für eckige Pfeiler .",Late-Late,2
bergwerk,3166298,"Alſo gehoͤren unter die ſachen des ſtates die oͤffentliche heerſtraßen , bergwerke , die fluͤſſe , ſeen , meere , welche beſtrichen werden koͤnnen , die luft , die waͤlder , ſalzquellen , edelgeſteine , inſeln ꝛc. wie bald mit merern gezeiget werden ſoll , Hert am a. o. § 56 , Stryk de iure principis aereo , Kreß im ſpecim. iurisprud. lib. I tit. II § 3 , Engau in der diſp. cuinam inſularum in fluminibus publicis natarum competat dominium ? cap. II , Schilter in der exercit . IIII § 19 , Gryphiander de inſulis , Link de iure fluminum , Fritſch de iure fluuiat . , Buchner de re et iure aquatili § 113 fg .",3175568,Wo demnach ein bergwerk von ſteinkolen in einen brand geraͤt ; ſo weiß man zwar noch kein loͤſch-mittel : behilft ſich aber noch mit daͤmpfung durch den miſt .,Early-Early,2
wunderwerk,3480971,Wir ſetzen ſie demnach voll reiner Liebes-Flammen / Als ein recht Wunderwerck in eine Grufft zuſammen .,3509891,"Was der Zaubrer nicht vermag ; thut derjenige , den er gelaͤſtert hat ; und was das Aergſte iſt , durch ein wahrhaftes Wunderwerck , dabey er die Geſetze der Natur aufheben muß .",Early-Early,4
zeughaus,14475,"Die Sammlung füllt alle Räume des königlichen Zeughauses an der Schloſsbrücke , welches bis zum Jahre 1875 teilweise noch dem praktischen Zwecke der Aufbewahrung des Kriegsmateriales diente .",1219244,"Die militäriſchen Schnurrbärte der Caſſeler Bürgergarde verletzten ſein heiligſtes Gefühl ; nun mußte er dieſen Unholden aus ſeinem Zeughauſe Waffen geben und ſogar in einem Manifeſte verkündigen , daß er „ den guten Geiſt und den bewährten treuen Sinn der Heſſen mit Wohlgefallen erkennend “ überall im Lande die Bildung von Bürgerbataillonen geſtatten wolle .",Late-Late,4
sonnenblume,4756093,"Wie ſpielt nicht die himmliſche Sonn in Wundern , das niedere Veyelchen der Demuth , der reinliche Jeſmin der Weißheit , Unſchuld , Kleinheit , voll balſamiſchen Geruchs des Evangelii , die Glocken-Blum ſoll oͤffters als ein Bett-Glock gezogen werden , JEſum mit liebreichem Geſang zu erhoͤhen , und mit ſehnlichſter Begierde um ſein Huͤlff zu erſuchen ; Die Sonnen-Blum heißt uns in Liebes-Flammen funcklen gegen GOTT , die hohen Kayſer-Cronen lehren uns die Eitelkeit aller Welt Herrlichkeit , ſo mehr von rauchen Winden beſchwert iſt als niedriges Graß ; Die Tulipen mahnen mich an ſtoltze Toͤchteren in ihren buntfaͤrbigen Kleideren , eine ſchlechte Augenluſt ohne Geruch der H. Liebe Chriſti , alſo iſt ein jeder gerechtfertigter und geheiligter , der in Chriſti geiſtlich Paradiſiſcher Erde ſtehet eine Blume nach ſeiner Art ;",2404018,Auch das Bildniss mit der Sonnenblume ( Nr. 440 ) hiess früher spanische Schule und ist ebenfalls mailändisch .,Cross-Era,2
meerwasser,3929187,Und laſſet ſich auch hierauß ſchlieſſen / daß die Waſſer der Suͤndflut ſchwerer muͤſſen an gewicht geweſen ſeyn / als die heutigen Meerwaſſer / weilen die ſo ſchweren Perlen Muͤſchelen auf ſo langer Reiſe auß Jndien hieher nicht untergangen / da ſie ſonſten von denen Meereswellen nicht weit pflegen getriben zuwerden :,1128106,Sie waren zum Teil durch den Sturz und das Meerwaſſer beſchädigt .,Cross-Era,4
trauerspiel,2252492,Seneca hat ſolche Tragoͤdie und Trauerſpiel wohl beſchrieben .,3862515,"Sie kannten ja Robert , den Bruder von Frau Rahel Varnhagen in Karlsruhe ; hat er Ihnen nie aus dieſem bürgerlichen Trauerſpiel vorgeleſen ?",Cross-Era,4
salzwasser,1457457,"Daß der Weg aus dem Zellgewebe unter der Haut in die Blutadern offen ſtehe , iſt durch beſondre Verſuche bekannt geworden , die man vornaͤmlich in Abſicht auf das Verſchlukken des Fettes angeſtellt hat . Es kehren aber auch andre Saͤfte , die ſich in dieſe Raͤume ergoſſen , wieder ins Gebluͤte zuruͤk , dergleichen die verſperrte Luft , das Waſſer in Waſſerſuͤchtigen , die kuͤnſtlich unter die Haut gebrachte Feuchtigkeiten , und endlich das Blut ſelbſt iſt , welches an gequetſchten Stellen , die damit unterlaufen ſind , in den Fettzellen ſtokket , und ſich wieder in die andere Blutmaſſe hineinſchleicht , nachdem es ſich erſt in ein duͤnnes gelbes Salzwaſſer aufgeloͤſet hat .",2256204,"Siedet den Karpffen-Rogen in Saltz-Waſſer halb gar ab , darnach ſchneidet ihn mit einem Schneide- Meſſer klein , pasſiret ihn ein wenig in Butter , thut etwas geriebene Semmel , und auch 3. Eyer drein , wuͤrtzet es mit Ingber und Pfeffer , gieſſet ein Paar Eß-Loͤffel voll ſuͤſſen Rahm drunter , und ruͤhret es alſo auf dem Kohlfeuer durch einander ab .",Early-Early,4
seewasser,650997,"Der Zeug , woraus ſie gemacht werden , iſt anfangs , wenn er vom Stuhle koͤmmt , nichts anders , als ein ſehr lockerer Zeug ; aber , wenn er gekrumpen , und auf dem Sande und mit Seewaſſer gewalket iſt , ſo wird er ſo dicht , daß er faſt nicht von dem Regen durchdrungen werden kann .",4615649,"Schnepfen und Strandläufer ; hier scheint in den Namen Verwirrung zu herrschen ; shingi ( sigi ) , von Medhurst als Schnepfe erklärt , ist nach mehreren Bilderbüchern eine Art Strandläufer , mit nicht besonders langem Schnabel , im Wasser watend , nach der Umgebung zu schliessen , bald Süss- , bald Seewasser ; in der Encyclopädie dagegen ist der Vogel dieses Namens im Flug abgebildet , mit grossem Kopf und starkem Schnabel , als ob er sich eben in’s Wasser herabstürzen wollte , was nur auf einen Eisvogel passt , dazu mit feingeschecktem Gefieder und verhältnissmässig gross , also vielleicht Alcedo lugubris Schlegel .",Cross-Era,4
bildhauer,1252101,Wann der Schiffs- Zimmermann nunmehro fertig / ſo koͤmmt der Tiſcher oder Schreiner / die kleine und feine Arbeit / ferner der Bildhauer / um die Zierrahten / und ſonderlich was das Schiff hinten in ſeinen Spiegel oder zu ſeinen Zeichen fuͤhren ſoll / zu machen :,3598796,"Auch entſchloß er ſich , ein Empfehlungsſchreiben des Bildhauers in Hamburg an einen Kunſtgenoſſen abzugeben .",Cross-Era,4
meerwasser,3172561,"Hingegen iſt das meerwaſſer am ſchwereſten , mithin traͤget es auch am ſchwereſten , iedoch traͤget wohl ein ſtrom ſchwerer als der andre .",2995719,"Die circumpolaren Riementange ( Laminarien ) und Blasentange ( Fucusarten ) lieben kaltes Meerwasser und starke Brandung , wie sie die Umgebung der Insel Yezo und der Kurilen bietet , während zwei andere Gruppen der Melanospermen , die Cystosireen ( Blasenschnur- ) und Sargassaceen ( Beeren-Tange ) sich südwärts anschliessen .",Cross-Era,2
zitronensaft,4640950,Dann gab ich ihr ſtarken Kaffee mit Citronenſaft und dann den Galläpfelaufguß .,1471622,Statt der Mineralsäuren kann man auch Citronensaft oder Bieressig anwenden .,Late-Late,3
streitsache,3475480,"Es regierte damahls zu Rom nach Adriani Hintritt / Johannes VIII , der An. 873. zur Paͤbſtlichen Wuͤrde kommen war / ein Mann von ziemlich guten Gemuͤth / aber ſehr opiniatre und eigenſinnig / dabey auch etwas grauſam ( wie ihn ein alter Scribent nennet ) welches er in der Streitſache mit den Patriarchen zu Conſtantinopel ziemlich ſehen lieſſe .",4657066,"Sofern aber eine dazu berufene Verwaltungsbehörde nicht gegeben ist , führt das mit Notwendigkeit zu den für „ vermögensrechtliche Streitsachen “ allgemein zuständigen Civilgerichten : die Verwaltung klagt ihre öffentlichrechtliche Gebührenforderung ein .",Cross-Era,2
bergwerk,2592766,"In demselben Jahre verlieh er durch Patent vom Montag nach Quasimod . seinen Bergwerken am Iberge , zu Gittelde und in Grund , wie denen zu Zellerfelde folgende Privilegien : Freiheit der Wege , des Wassers , der Hütten und Pochwerke , auch aller Andern Gelände , wie altes Herkommen , Bergwerksrecht und Gewohnheit sei , freien Handel und Wandel der Bergleute , freies Geleit , freies Backen , Brauen und Schlachten , freien Wochenmarkt am Samstag bei Gittelde , in Grund und zu Zellerfeld .",2588925,"Kaiser Maximilian , der lebhaften Anteil an der Entwickelung des Bergbaues seiner Länder nahm , erlieſs Montag vor heiligen drei Könige 1517 eine Bergordnung für die Bergwerke in Österreich , Steiermark , Kärnthen und Krain .",Late-Late,2
gesichtszug,1090946,"Peter Camper , über den natürlichen Unterschied der Gesichtszüge .",1090414,"Dort lag vor Zeiten ein grosses Festland , dem Madagaskar und vielleicht Stücke von Ostafrika , dem die Malediven und Lakadiven , ferner die Insel Ceylon , die nie mit Indien zusammenhing , vielleicht sogar im fernen Osten die Insel Celebes , die eine befremdende Thierwelt mit halbafrikanischen Gesichtszügen besitzt , angehört haben .",Late-Late,4
uhrwerk,3657334,"Die Linienleitung L iſt durch eine Schleiffeder an eine Axe x gelegt , welche durch ein Uhrwerk in Umdrehung verſetzt wird und dadurch den Zeiger x z veranlaßt , über die voneinander iſolirten Contactſtücke I , II , III und IV der Reihe nach in der durch den Pfeil angegebenen Richtung zu ſchleifen .",2588685,"„ Wasserräder treiben eine eiserne Maschine , einem Uhrwerk nicht unähnlich , mit groſser Gewalt um .",Late-Late,4
stockwerk,6117227,Die 4. Modi ſind 4. Stockwercke .,1352963,"Bei Anwendung gewölbter Decken auf eiſernen Trägern kann die Mauerſtärke in ſämmtlichen Stockwerken und zu ebener Erde bei einer Zimmertiefe von 6m 48zm betragen , bei größeren Zimmertiefen 60zm , vorausgeſetzt , daß die Tragfähigkeit des Mauerwerkes nachgewieſen iſt .",Cross-Era,4
sündenfall,1210335,"Sündenfall und Gnade sind aber so eng zusammengehörige Teile eines einzigen Organismus , dass die leiseste Berührung des einen auf den anderen wirkt und so wurde denn auch nach und nach die wahre Bedeutung des Mythus vom Sündenfall derartig abgeschwächt , dass man heute allgemein die Jesuiten als Semipelagianer bezeichnet , und dass sogar sie selber ihre Lehre eine scientia media nennen .",2197938,"Die Form der Theophanie verbleibt auch noch für dieſe letztere die vorherrſchende Offenbarungsweiſe der Gottheit ; daß der Sündenfall eine gänzlich umgeſtaltende Einwirkung auf dieſen Verkehr Gottes mit der noch kindlichen Menſchheit geübt hätte , iſt aus den bibliſchen Berichten nicht zu erſehen .",Late-Late,2
leinöl,4208952,"Die Europaͤer machen es in einem Moͤrſel mit Leinoͤl an , und daraus , nachdem ſie es genugſam geſtoſſen , eine Maſſa , die ſie nach Franckreich verſenden , woſelbſt es gebraucht , und das Wachs , wenn es zu blaß iſt , gelb damit gefaͤrbet wird .",647442,"Gedachtes Gemenge wird entweder aus Wachs oder Harz , mit einigen andern Zuthaten verſetzet ; oder auch aus Leinoͤl und Silberglaͤtte , zu einem Firniß gekocht , gemacht .",Early-Early,4
sonnenstrahl,1655751,"Es koͤnnte zwar ſcheinen , als wenn man daraus den Urſprung des Cometenſchwanzes ganz begreiflich machen koͤnnte , weil die Sonnenſtrahlen , welche durch eine glaͤſerne Kugel hindurch gehen , dergeſtalt gebrochen werden , daß ſie , nachdem ſie einander in der Entfernung des vierten Theils von Diameter der Kugel durchſchnitten haben , aus einanderfahren , und die Figur eines Cometenſchwanzes vorſtellen , welcher denn auch nothwendig der Sonne gegen uͤber ſeyn muͤſte , aber auch dieſer Schein verſchwindet , wenn wir bedenken , daß die Lichtſtrahlen nicht empfunden werden , wenn nicht ein Koͤrper vorhanden iſt , der ſie in unſer Auge reflectirt , was ſollte aber dieſes fuͤr ein Koͤrper ſeyn , welcher machen koͤnnte , daß die Sonnenſtrahlen blos hinter den Kopf des Cometens , und nicht vielmehr von den Himmel allenthalben reflectirt wuͤrden .",2544130,"Durch den ſchweren Blüthenregen der Obſtbäume ſchoſſen die Sonnenſtrahlen ſchräg in den wieſigen Grund , ihn mit goldigen Tupfen überdeckend .",Cross-Era,3
sündenfall,4768709,"Verlaͤugnung ſeiner ſelbſten . 140 . in Reichthum und Gluͤck . 143 . in Armuth und Verachtung , in Suͤndenfaͤllen und Elend .",1210570,"Im Gegensatz zu anderen Stellen wird hier ( V , 12 ) der Sündenfall als ein rein historisches Ereignis eingeführt , der dann das zweite historische Ereignis , die Geburt des zweiten Adam » aus David’s Samen « ( I , 3 ) logisch bedingt .",Cross-Era,2
sündenfall,2947236,"Bald laͤſſet er einen blinden , aber in eigener Gerechtigkeit ſtehenden Menſchen durch ſchwere Suͤndenfaͤlle in den Koth geworfen werden , damit er uͤberzeuget werde , wie noͤthig er der Reinigung in dem Blute des Lammes habe .",146356,"Jch weiß wohl , man ſaget , er habe ſie durch den Suͤndenfall verlohren :",Early-Early,2
leinöl,4208952,"Die Europaͤer machen es in einem Moͤrſel mit Leinoͤl an , und daraus , nachdem ſie es genugſam geſtoſſen , eine Maſſa , die ſie nach Franckreich verſenden , woſelbſt es gebraucht , und das Wachs , wenn es zu blaß iſt , gelb damit gefaͤrbet wird .",124035,Etwa vorhandene Flecken lassen sich mit einem in etwas Leinöl getauchten Stückchen Watte oder Flanell leicht entfernen .,Cross-Era,4
leinöl,5529943,"Es ſei nur erwähnt , daß die gewöhnliche Druckerſchwärze meiſt aus Leinöl , das bis zur Sirupskonſiſtenz eingekocht iſt , und aus Lampenruß beſteht .",2997171,"Dasselbe wird z. B. in Awa auf der Insel Shikoku aus Samen von Gossypium herbaceum dargestellt und als Brennöl benutzt , gibt aber , wie das Leinöl , an dessen Geruch und Geschmack es erinnert , eine starkrussende Flamme .",Late-Late,2
sonnenlicht,4454376,"Die Zahl der Wenden war ſo groß , daß , als die Sonne jetzt hell auf die durchnäßten Kleider der hunderttauſend Wenden ſchien , ein Dampf zum Himmel aufſtieg , der ſie wie in eine Nebelwolke hüllte , während die Chriſten in hellem Sonnenlicht heranzogen und ob dieſer Erſcheinung voll Hoffnung und Zuverſicht waren .",5529004,"Dieſelbe iſt es z. B. , welche uns die Luftbläschen im Waſſer als glänzende Perlen ſichtbar werden läßt , während die Erſcheinungen der Fata morgana auf der einfachen Brechung der Lichtſtrahlen in verſchieden dichten Schichten der Atmoſphäre und die prachtvolle Erſcheinung des Regenbogens gleichzeitig auf der Brechung und totalen Reflexion des Sonnenlichtes an den Waſſerkügelchen der Wolken beruht .",Late-Late,2
feuerwerk,5407916,"Dann zündete der König eigenhändig das Feuerwerk an und nahm mit seinen Kindern auf dem Estrich des Katafalkes Platz , wohin der Phraklaṅ auch den Gesandten führte .",3861156,Sie hatten ein Feuerwerk abbrennen wollen — und verbrannten ſich dabei nebſt einigen Scheunen .,Late-Late,4
kartenspiel,986775,WAnn wir die eitlen Sachen Der ſuͤſſen loͤffeley Und etwas kuntbar machen / So iſt die fantaſey / Wo man die warheit ſagen will / Ein umgekehrtes kartenſpiel .,476279,"DEr ehſtand iſt ein kartenſpiel , Da ſpielt ein jeder , der nur will .",Early-Early,4
stockwerk,6117227,Die 4. Modi ſind 4. Stockwercke .,2639250,400. Aus der gegebenen Hoͤhe des Stockwerckes die Zahl der Stufen zu finden / welche die Treppe haben muß .,Early-Early,4
feldzug,1469058,"Verschiedene Könige folgten , unter denen wir nur Bin-nirarr ( von 810 bis 781 v. Chr. ) deshalb erwähnen wollen , weil uns von ihm eine interessante Keilinschrift , die sich auf einen siegreichen Feldzug in Syrien und eine groſsartige Brandschatzung der reichen Stadt Damaskus bezieht , erhalten ist ; sie lautet :",5839732,"Nochmals hoffte er , wie ſo oft ſchon , in der eroberten Hauptſtadt den Frieden zu diktiren und vergeudete , nachdem der Feldzug ohnehin allzu ſpät im Jahre begonnen worden , noch fünf unſchätzbare Wochen durch fruchtloſe Friedensverhandlungen .",Late-Late,2
stockwerk,2638593,Z. E. Wenn der Boden durch die Kapfenſter erleuchtet iſt / machet man an die Decke des Stockwerckes darunter ein viereckichtes Loch / damit das Licht herunter fallen kan .,4861599,"Damit nun die darinnen befindlichen Zeuge recht lufftig hangen moͤgen , ſo werden durchgehends ſo wohl im oberſten und unterſten Stockwercke , als auch auf beyden Dach-Boͤden Loͤcher in guter Ordnung nach einander gemacht , iedoch muͤſſen ſie dabey mit Laͤden vor dem Wetter wohl verwahret werden .",Early-Early,4
murmeltier,3973923,Das Murmelthier .,1454569,"Wenn man alte Rinder , die vor dem Pfluge abgetrieben worden , auf eine luſtige Weide bringt , ſo weis man aus der gemeinen Erfarung , daß ſie in gar kurzer Zeit ein wohlſchmekkendes Fett anlegen . Vermittelſt der Ruhe , nehmen Gaͤnſe , die man geblendet , und denen man die Schenkel zerbrochen , bis zur Unfoͤrmlichkeit am Fette uͤberfluͤßig zu , wenn man ſie mit Fleis maͤſtet , welches auch von den jungen Tauben gilt . Die Murmelthiere leben den Winter uͤber bei einem fetten Leibe , ohne Speiſe , wie man von den Baͤren ebenfalls weis; denn es ſchlafen beiderlei Thiere in dieſen Jareszeit beſtaͤndig fort , ob ſie gleich wenig oder nichts genieſſen .",Early-Early,2
windspiel,1093229,"Auch die Erfahrungen der Thierzüchter sind dieser Vermuthung nicht günstig , denn bei Rennpferden , Windspielen und Cochinchinahühnern bleibt das Zahlengleichgewicht der Geburten ungestört , obgleich die strengste Polygamie herrscht .",2659561,Jch komm mir ſelbſt wie ein Windſpiel vor .,Late-Late,1
feldzug,5834976,"Die zwölf Feldzüge der fridericianiſchen Zeit haben dem kriegeriſchen Geiſte des preußiſchen Volkes und Heeres für immer ſeine Eigenart gegeben ; noch heute verfällt der Norddeutſche , wenn auf den Krieg die Rede kommt , unwillkürlich in die Ausdrucksweiſe jener heroiſchen Tage und ſpricht wie Friedrich von brillanten Campagnen und fulminanten Attaken .",1475822,Den Zinnober lernten die Römer erst durch Scipios Feldzug nach Spanien kennen und sie gewannen daraus das Quecksilber durch einfache Destillation in eisernen Schalen .,Late-Late,2
sonnenuhr,646320,"Es ſoll aber ein Uhrmacher ( naͤchſt der Wiſſenſchaft die Metalle zu tractiren , und ſeinen in Verfertigung ſeiner Kunſtwerke erforderten Handgriffe , vornehmlich in kuͤnſtlichem Drehen , und accuraten Abtheilen und Einſchneiden der Raͤder ) auch die Zeichenkunſt , ingleichen die Aſtronomie , ferner die Gewicht- und Rechenkunſt , das Graviren oder Stechen , die | Gnomonik oder die Kunſt Sonnenuhren zu machen ꝛc. verſtehen .",5950235,"Steht auf der Sonnenuhr im großen Garten , Auf deſſen Weiſer ſich ein alter Spatz Den unſcheinbaren Kragen emſig putzt Und ſchnell das ſchiefgebogne Köpfchen kraut .",Cross-Era,4
rehbock,1457198,Heinr. Meibom de venar . valv . am Rehbokke .,5211155,"Der Jäger , welcher an zwei verſchiedenen , neben einander im Dickicht gelegenen , Stellen Geräuſch hört und weiß , das eine rühre von einem Rehbock , das andere von einem Treiber her , aber nicht welches , und nun nach der Stelle des einen Geräuſches , oder auch in der Richtung der beiden Geräuſche , ſchießt , ſo daß er gerade ſo gut den Treiber wie das Thier treffen kann , hat unerachtet dieſer gleichen Wahrſcheinlichkeit , wenn er den Treiber trifft , nur für culpa einzuſtehen .",Cross-Era,2
heerführer,1468354,"Die Namen der Baukünstler erscheinen neben den Namen der Könige , während andere Namen , etwa von Staatsmännern , Heerführern , Gelehrten kaum bekannt sind .",6007284,"Traumweissagungen anderer Art spendeten aus ihren Gräbern heraus vor Allem solche Heroen , die einst im Leben Wahrsager gewesen waren , wie Mopsos und Amphilochos zu Mallos in Kilikien , Amphilochos auch in Akarnanien , Tiresias zu Orchomenos , Kalchas in Apulien , in der Nähe des eben erwähnten Heroon des Podalirios . Aber auch Odysseus hatte ein Traumorakel bei den Eurytanen in Aetolien , Protesilaos an seinem Grabmal bei Elaius auf dem thracischen Chersones , Sarpedon in Kilikien , angeblich auch in Troas , Menestheus , der athenische Heerführer , fern in Spanien , Autolykos in Sinope , vielleicht auch Anios auf Delos .",Late-Late,2
rechtsstreit,2017942,"Inſoweit eine Vertretung durch Anwälte nicht geboten iſt , können die Parteien den Rechtsſtreit ſelbſt oder durch jede prozeßfähige Perſon als Bevollmächtigten führen .",2017807,"6. wenn verſchiedene Gerichte , von welchen eines für den Rechtsſtreit zuſtändig iſt , ſich rechtskräftig für unzuſtändig erklärt haben .",Late-Late,4
tagewerk,1314211,"Alle dieſe Theile waren bey der Schoͤpfung mit einander vermenget , bis ſie von einander geſchieden wurden , dieſes geſchahe in den ſechs Tagewercken , nach dem bekannten Verſe :",2927979,"Derjenige , ſo einen Lehrjungen aufuͤhret , hat Macht , demſelben aufferhalb Druckerey , doch ohne vorſetzlichen Mißbrauch , und daß der Junge an ſeinem Tagewerck nicht zu ſehr gehindert werde / zu verſchicken , noch einem andern , nach Gelegenheit zu erlauben .",Early-Early,4
windspiel,963292,Von denen Windſpielen .,1093229,"Auch die Erfahrungen der Thierzüchter sind dieser Vermuthung nicht günstig , denn bei Rennpferden , Windspielen und Cochinchinahühnern bleibt das Zahlengleichgewicht der Geburten ungestört , obgleich die strengste Polygamie herrscht .",Cross-Era,1
rehbock,4415853,"Werden die Hoͤrner eines Hirſchen , des Rehebocks Hoͤrner aber Gehoͤrne genennet . ſiehe Gehoͤrn .",2329966,"Es galt vor allem den Faſanen , aber auch Birkwild , Rebhühner , Rehböcke und Haſen ſollten zum Abſchuß kommen .",Cross-Era,4
tagewerk,2419894,"Er hat ſein Tagewerk vollbracht , und leget ſeine Axe nieder , Und ſtrekket , wenn er hat geſpeiſt , die etwas ſchon erwaͤrmten Glieder , Bei einem heiſſen Ofen aus ; Er ſiehet in der ſchwuͤlen Ruh , Wie ſein Geſinde dreht und ſpinnt , mit innigen Ergoͤtzen zu ; Er ſucht durch munteres Geſchwaͤz den langen Abend zu verkuͤrzen , Und weiß auf unterſchiedne Art der ſauren Arbeit Laſt zu wuͤrzen .",3933233,Alſo auch ſoll es mit dem Woll-Schlagen uͤber das Tage-Werck gehalten werden .,Early-Early,2
sonnenschein,5711278,"Als nun Juſtus Lipſius auf dem groſſen Platz in dem Parnaſſo angelanget war , wurde ihm nicht geſtattet den Apollinem in ſeiner hoͤchſten Majeſtaͤt und Herrlichkeit bey hellem Sonnenſchein anzuſchauen .",3876194,"Wenn da doch Lärm und Streit geweſen wäre ; aber nur der Sonnenſchein lag auf dem chauſſierten Wege und dazwiſchen die Schatten , die das Gitter und die Bäume warfen .",Cross-Era,4
sonnenstrahl,241196,"Ich blickte auf — Durch ſpitze Fenſter fielen Die ſchrägen , gelben Sonnenſtrahlen Und woben um das Haupt dir Dort an dem Kreuze mit der Dornenkrone Hell flimmernd einen gold’nen Ring — Und deine Züge lebten noch , Ich ſah noch einmal dir den Kampf Hin durch den Leib , den müden , zieh’n , Und deine Wunden floſſen noch einmal Wie blut’ge Zähren , die ein Gott Um ſein verſunken Eden weint .",316021,"Ich hab 's geſeh'n , mit dieſen Augen geſehen , ich ſteckte gerade die Naſe zum Fenſter hinaus und ließ die Sonnenſtrahlen hineinfallen , um das Nieſen zu beobachten , die Entſtehung des Nieſens .",Late-Late,2
triebwerk,4450181,"Eben ſo wie unter allen Aufgaben der Naturforſchung keine mit mehr Richtigkeit und Gewisheit aufgeloͤſet worden , als die wahre Verfaſſung des Weltbaues im Groſſen , die Geſetze der Bewegungen und das innere Triebwerk der Umlaͤufe aller Planeten ; als worin die Newtoniſche Weltweisheit ſolche Einſichten gewaͤhren kan , dergleichen man ſonſt in keinem Theile der Weltweisheit antrift ; eben alſo , behaupte ich , ſey unter allen Naturdingen , deren erſte Urſache man nachforſchet , der Urſprung des Weltſyſtems und die Erzeugung der Himmelskoͤrper , ſamt den Urſachen ihrer Bewegungen , dasjenige , was man am erſten gruͤndlich und zuverlaͤßig einzuſehen hoffen darf .",4972735,"Auf der linken Seite des Thurmes iſt in der Abbildung das Triebwerk erſichtlich , das in den Zahnkranz des Thurmes eingreift und dadurch die Drehung des letzteren bewirkt .",Cross-Era,3
schauspiel,2402971,"Es war ein Unrecht gegen die übrige Menschheit , sie als Schauspiel für nur Wenige zurückzuhalten …",2872224,"Aber die bureaukratiſche Leitung der königlichen Schauſpiele wollte ſich nicht entſchließen , die leichte Waare der Poſſen und Singſpiele dem Volkstheater zu überlaſſen .",Late-Late,2
zeughaus,771301,"Arſenal , ein Zeughauß , oder anderer Ort in einer Stadt oder Feſtung , allwo man die Waffen nebſt ihrem Zugehoͤr verfertiget und verwahret .",2593769,"Der Stein Senseneisen sollte mit 8 gr. 6 Pf. , geviertes Eisen mit 8 gr. , alles für den Hof und das Zeughaus gelieferte um 1 gr. geringer bezahlt , von den Hammermeistern aber ein Teil geviertes und zwei Teile Senseneisen wöchentlich in die Kammer geliefert , jede Gattung bei zwei Gulden Strafe besonders gewogen und Niemanden davon ohne besonderen Befehl abgegeben werden .",Cross-Era,4
feldzug,5629919,"Allein dieſer Richter ſchien dem Koͤnige von Pohlen ein wenig zu entlegen zu ſeyn ; daher er ſich in der Zuruͤſtung gegen die Lieflaͤnder nicht aufhalten lies , obgleich die daͤniſchen Geſandten die Einſtellung dieſes Feldzuges zu bewirken ſich viele Muͤhe gaben .",5470464,"Albert , Graf von Sachſen Anhalt , komt nach Liefland , S. 142 . §. 1. haͤlt ſich ſehr tapfer in Belagerung des Schloſſes Meſothen , S. 150 . wird Oberſter in dem Feldzuge wider die Harrier , S. 152 . mehr Nachricht von ihm und ſeiner Geſchichte , S. 155. 156 .",Early-Early,4
heerführer,1483022,Die Fürsten und Heerführer der Vorzeit besaſsen nichts Ähnliches und kannten auch darüber nichts .,1589073,"Wenn uns aus der Geschichte der ältesten Culturstätten die glanzvollen Namen grosser Fürsten , Heerführer , Staatsmänner und Heroen des Geistes entgegenleuchten , so gehört in der so treffend bezeichneten „ neuen “ Welt der ganze Ruhm der historischen Vergangenheit jenen kühnen Seefahrern , die von einem mächtigen Gedanken geleitet und allen Gefahren trotzend , als unerschrockene Pionniere der Cultur unbekannten Zielen entgegensteuerten .",Late-Late,4
tagewerk,3399163,"Jhr Koͤrper war ſo wohlgebauet , Ja ſelbſt der Reizung Augenmerk , Daß dieſes letzte Tagewerk Die Liebe ganz entzuͤckt geſchauet , Dabey die Meynung feſtgeſtellt : Sie iſt ein Engel auf der Welt .",5837589,"Auch die ſchwerfällige Pedanterei und die gedankenloſe Pünktlichkeit des Beamtenthums lähmten dem Staate die Widerſtandskraft ; alle Behörden beſorgten in der wilden Zeit ruhig ihr gewohntes Tagewerk , alſo daß die einrückenden Sieger überall einen geordneten Verwaltungsapparat zu ihren Dienſten vorfanden und mancher wohlmeinende alte Kriegsrath , ohne es ſelber recht zu merken , ein Werkzeug des Feindes wurde .",Cross-Era,3
sonnenstrahl,3928735,AUf den hoͤchſten Alp-Spitzen iſt die Luft am kaͤlteſten / weilen dorten die Winde beſtaͤndig blaſen / die Wolken gezeuget werden / und ſich aufhalten / und die Sonnenſtralen keine ſolche kraft koͤnnen außuͤben / wie an den ſeiten der Bergen / und in den Thaͤleren / wohin ſie durch unzahlbar vil zurukprellungen eine empfindliche / und oft ſo ſtarke waͤrme bringen / daß dergleichen kaum an einichem Ort Europæ anzutreffen .,4122291,"Hinſauſet der Wind durch das Thüringerland Und tilget die Fußſpur , die friſche , im Sand , Und fern , wo des Rhönlandes dämmernde Firn Aufrichtet zum Himmel die zackige Stirn , Da fliehet auf bleichem , wild haſtendem Roß Der Nebelfeien geſpenſtiger Troß , Denn Sonnenſtrahl , jener keckliche Fant , Im güldenen Panzer , den Speer in der Hand , Der hat ſie im ſchlummernden Thale entdeckt , Mit ſtürmiſchem Glühen die Scheuen erſchreckt , Verfolgt ſie , und hat wohl in zorniger Haſt Die weiten , langwallenden Schleier erfaßt Und reißt ſie herab in der Hufe Geſtampf ; Nach wallen ſie über den Wieſen wie Dampf .",Cross-Era,2
eisenwerk,457748,"Das gräflich Harrachsche Eisenwerk zu Janowitz zeichnete sich durch seine Holzkohlenbleche , namentlich auch durch sein schönes Weiſsblech aus .",457870,"Zu Sargadelos , in der Nähe der Küste , befand sich ein Eisenwerk mit 2 Hochöfen und einem Flammofen , wo Munition und Töpfe gegossen wurden .",Late-Late,4
bergwerk,3985475,"ERwarte hier nicht eine Beſchreibung deß gantzen Schweitzerlands mit ſeinen Luſt-Gefilden , Fiſch- und Schiffreichen Seen , weiten Korn-Feldern , luſtigen Wein-Huͤglen , Kraut-und Obs-Gaͤrten , klaren Bruͤnnen , lautern Waſſer-Baͤchen und kommlichen Stroͤmen , anmuhtigen Luſt-Waͤldern , gruͤnen Wieſen und uͤberall wohl-angebauten Lande , der nehrhaffteſten Speiſe an Brodt und Fleiſch , auch allerhand Geflugel und Wildprett , alles wohl-geſchmackt und ſo voller Nahrungs-Safft , daß mans kaum ſo gut in Europa findet , von Saltz-Quellen , Berg-wercken , und andern Reichthuͤmmern nichts zu melden ; Zumal diß alles einen zimlich groſſen Tractat erforderte , wann darbey fuͤrnemlich gezeigt werden ſolte , wie alle dieſe Geſchoͤpffe ſamt allen denen Aemtern , Verrichtungen , Handthierungen der Burger in Staͤdten und der Bauren in Flecken und Doͤrffern nur Schildereyen ſeyen von denen Guͤtern , Schaͤtzen , Haͤndeln und Aemtern im unvergaͤnglichen Reich Chriſti , deſſen ſich der Regent in ſeinem Stand , der Burger in ſeinem Kauffladen und Werckſtatt , der Landmann bey ſeinen Reben und Ackerbau , bey aller ſeiner Feld- Arbeit im Vieh-Weiden , Holtzen , Zaunen , Fiſchen , Hetzen , Jagen zu erinnern haͤtte :",2582117,"„ Von Bergleuten , von Rothgieſsern und sonderlich von Geschütz- und Glockengiessern “ , behandelt zunächst das Aufsuchen der Erze und Erzmittel , das Schürfen , Probieren und Rösten der Erze , die Anlage des Bergwerkes , die Einteilung der Mineralien , die Ansichten über die Natur der Metalle , das Vorkommen derselben , die Kunst des Gieſsens und Formens besonders von Glocken und Kanonen , wobei wieder hauptsächlich Vanuccio ausgeschrieben ist .",Cross-Era,3
stockwerk,3626951,"In dem andern Stockwerke des Palaſtes des Weßirs iſt ein ſehr großer Sal , der an dreyen Seiten mit Waͤnden eingeſchloſſen iſt : die vierte Seite aber , da ſich das Treppengehaͤuſe befindet , iſt mit Saͤulen beſetzet ; und dieſes iſt mit Fleiß alſo eingerichtet , damit die Klaͤger deſto beſſer gehoͤret und deſto leichter koͤnnen eingelaſſen werden : diejenigen aber , die auf den Stuffen ſtehen , vernehmen koͤnnen , was oben verhandelt wird .",4284117,"Wir folgen jenem dritten Seitenarm im oberen Stockwerk des Tierreichs , — dem höchſten , der ſich im Laufe der unendlichen Jahresfolge , die dieſer alte Planet Erde jetzt ſchon ſteht und Leben trägt , neben dem letzten und allerhöchſten aufgethan hat , der zum Menſchen wachſen ſollte .",Cross-Era,4
brunnenwasser,2596560,"Sobald man sieht , daſs sie heiſs genug sind , wirft man den ganzen Pack in ein Gefäſs mit kaltem Quell- oder Brunnenwasser , je kälter , je besser .",2764222,"Zunächſt iſt zu unterſcheiden zwiſchen dem Waſſer , welches uns die Erde bietet ( Flußwaſſer , Quellwaſſer , Brunnenwaſſer ) , und dem , welches aus der Luft kommt ( Regenwaſſer ) .",Late-Late,4
bildhauer,5501542,"Jedoch weil ich mich ſonſten in des Rectors Hauſe jederzeit dienſtfertig , gehorſam und getreue finden laſſen , nahm mich derſelbe eines Tages vor , und ſagte : Mein lieber Junge ! ich habe nunmehro wider mein Vermuthen vollkommen angemerckt daß aus dir ſchwerlich ein Gelehrter werden wird , denn du biſt ein Holtz-Wurm , und haſt mehr Luſt zu ſchnitzeln und hacken , als zum Latein und andern gelehrten Ubungen , derowegen ſage nur frey heraus , ob dir beliebig iſt ein Zimmermann , Tiſchler , Drechsler , Bildhauer oder dergleichen zu werden , ſo will ich nebſt andern guthertzigen Leuten Sorge tragen , daß du zu einem guten Meiſter , von dieſer Profeſſionen einer gethan wirſt , und dieſelbe Zunfftmaͤßig erlerneſt .",1091778,"Man könnte auch den ersteren mit dem Marmorblock vergleichen , den andern mit dem Bildhauer .",Cross-Era,2
uhrwerk,2204455,Uhr-Werck der Ewigkeit .,2203124,"Selbſt das Uhr-Werck der Natur Wird mir , vor mein Seelen-Aug ’ , in der allgemeinen Welt Als ein ungemeſſnes Uhr-Werck anzuſehen vorgeſtellt : Worauf die Planeten Scheiben , und zugleich auch Zeiger ſeyn ; Als die uͤm den Mittel-Punct , uͤm der Sonnen Glut und Schein , Jn ſo unverruͤckter Ordnung , in ſo feſter Spur ſich drehn , Daß ſie , uͤm die Zeit zu zeigen , unaufhoͤrlich richtig gehn .",Early-Early,4
murmeltier,1753807,"Er hauſte in einer Almhütte , um die das luſtige Volk der Murmeltiere pfiff und zu dem ab und zu die Gemſen äugten , die echten , nicht bloß die gefütterten aus dem Tartarin .",829746,"Der Moſchusochſe in ſeinen Polaröden , wo unſere Menſchentechnik erfriert und das letzte Birkengeſtrüpp unter Schneeſtürmen begraben wird , wie der Löwe im äquatorialen Sonnenbrand , — die Fledermaus in der blauen Luft und der ſammetſchwarze Maulwurf im dunklen Erdreich , das rote Eichhorn , das im grünen Baume klettert , und das Wildroß , das durch die Blumenſteppe trabt , die Springmaus im gelben Wüſtenſand und das Murmeltier im weißen Alpenſchnee und der Biber im Sumpf , — bepelzt ſind ſie alle .",Late-Late,2
gesichtszug,1090946,"Peter Camper , über den natürlichen Unterschied der Gesichtszüge .",3236243,"Und als er nach einer Viertelſtunde draußen auf der Straße Kruſemeyer fragte , ob er ſich die Geſichtszüge des Diebes eingeprägt habe , erwiderte dieſer kurz und bündig :",Late-Late,4
zeughaus,6068995,"Solcher Geſtalt wurden binnen weniger Zeit unſere Zeughaͤuſer dergeſtalt angefuͤllet , daß faſt kein Platz und Raum mehr vorhanden war , wo das grobe Geſchuͤtz ſtehen ſolte , ja , es war kein leerer Haacken oder Nagel anzutreffen , an dem nicht eine Buͤchſe , Flinte , Piſtole ꝛc. Pallaͤſche und andere dergleichen Geraͤthſchafft hieng , wie es denn biß dieſe Stunde noch alſo beſchaffen und anzutreffen iſt .",2469703,"Oben auf der Platte „ ist eine Zeit lang ein glaskopfartiger Eisenstein aus einem ordentlichen Gang , der durch die Thonwerke setzt , gewonnen worden , woraus noch eine Menge von den Mainzischen vor dem Zeughause befindlichen Bombenkugeln sollen gegossen worden sein .",Cross-Era,2
hausstand,5828552,"„ Die alte patriarchaliſche Sitte “ — ſagt er — „ die Gewerbsgehülfen als zum Hausſtande des Meiſters gehörig zu betrachten , herrſcht faſt nirgendwo mehr , vielmehr wird der Lohn nur in baarem Gelde gegeben .",2856453,"In den jahren , wo der Athener sich seinen hausstand zu gründen pflegte , hat auch Euripides ein weib genommen und drei söhne mit ihr gezeugt . sie hieſs wahrscheinlich Melito und war die tochter des Mnesilochos . da dessen name an Mnesarchos anklingt , ist anzunehmen , daſs Euripides der volkssitte gemäſs ein mädchen aus seinem väterlichen geschlecht , etwa eine nichte , geheiratet hat . wenn der thukydideische spruch wahr ist , war Melito eine brave frau :",Late-Late,4
murmeltier,2382225,"Auf der 1889er Sommermesse zu Irkutsk in Sibirien , welche nur einen Teil der in Sibirien erbeuteten Pelzwaren umfaſst , erschienen die Felle von 3180000 Eichhörnchen , 11000 Blaufüchsen , 140000 Murmeltieren , 30 Iltissen , 11000 Dachsen , 1300000 Hasen , 2000 gewöhnlichen Füchsen , zahlreichen Bären , Wölfen u. s. w. In Norwegen sind in 6 Jahren ( 1882 — 1887 ) erlegt worden : 621 Bären , 193 Wölfe , 495 Luchse , 346 Vielfraſse , 45141 Füchse ; in Schweden 1886 : 31 Bären , 23 Wölfe , 16 Luchse , 85 Vielfraſse und 16415 Füchse .",1753807,"Er hauſte in einer Almhütte , um die das luſtige Volk der Murmeltiere pfiff und zu dem ab und zu die Gemſen äugten , die echten , nicht bloß die gefütterten aus dem Tartarin .",Late-Late,4
grundfläche,4113107,"Nun ſihet man in dieſen 3. Groͤſſen d. n. 551. 15. daß ⅓ aac die Groͤſſe iſt eines Kegels der aa zur Grundflaͤche und c zur Hoͤhe hat ; daß ⅓ abc die Groͤſſe eines andern Kegels iſt deſſen Grundflaͤche ab und deſſen Hoͤhe auch c , und daß die dritte ⅓ bbc die Groͤſſe eines dritten Kegels waͤre / deſſen Grundflaͤche bb mit eben derſelben Hoͤhe c , darnach ſiehet man d n 72. daß dieſe drey Grundflaͤchen aa , ab , bb in einer gebundenen Ebenmaͤßigkeit ſtehen / und d. n. 38. daß derſelben gemeine Verhaltnuß iſt als a gegen b das iſt d. n. 407. wie die correſpondirende Seite oder wie die gleicher weiſe in den beyden Grundflaͤchen aa und bb gezogene Linien / ſo muß man dann endlich ſchlieſſen d. n. 538. daß dieſe Summe ⅓ aac + ⅓ abc + ⅓ bbc die Groͤſſe ausweiſet des vorgegebenen Stuͤck-Kegels .",2363994,"Gauss nennt besonders den Satz von Euklid , daß dreiseitige Pyramiden von gleicher Höhe sich wie ihre Grundflächen verhalten .",Cross-Era,2
sonnenblume,2186568,Sonnenblume 2,5167034,Die lehrenden Sonnenblumen .,Early-Early,4
wunderwerk,3973626,"Wir beten denn mit allem Recht , da man nicht weiter gehen kann , Jn dieſem Wunderwerk , mit Demuth den Willen unſers Schoͤpfers an .",6064574,"Wir reden von dem was nach der goͤttlichen Ordnung im Gnadenreich / geſchiehet : nach welcher Ordnung die Diener Chriſti ſich bequemen , und auf kein Wunderwerk warten muͤſſen .",Early-Early,4
heerführer,4864003,"Die Fiſcher an dem Rhein-Strohme nennen den Stoͤhr den Koͤnig oder Heerfuͤhrer der Lachſe , denn wenn derſelbe zum Vorſchein kommt , ſo ſind insgemein die Salmen oder Lachſe hernachmahls nicht gar weit .",5626274,"Dieſer Ordensmeiſter ſahe ſich uͤbrigens genoͤthiget , mit den Litthauern , Samogiten und den unruhigen Semgalliern zu ſchlagen , deren Heerfuͤhrer auch das Leben verlohr .",Early-Early,4
sündenfall,1210306,"Den treffendsten Beleg liefert die Thatsache , dass , obwohl die Juden den Mythus des Sündenfalls am Anfang ihrer heiligen Bücher selber erzählen , sie niemals von Erbsünde etwas gewusst haben !",2318735,"Die wenigen italienischen sind von Tizian : die Dolorosa und das Eccehomo auf Probirstein , die heil. Margaretha mit dem Drachen , der Sündenfall .",Late-Late,4
wortspiel,1535133,"Ein Wortſpiel auf den Namen desjenigen , den der Gratulant beſingt , koſtet billig ‒ 1 Schill . und es iſt nicht zu viel ; denn in der That iſt das Wortſpiel gemeiniglich das Hauptwerk vom Gedichte .",2004521,"Hörst du nicht , wie der Geist hier zum Wortspiel wurde ?",Cross-Era,2
bergwerk,2001608,Um aber Silbergeſchirr und dergleichen etwas ſpaͤhrlich zu machen / und darmit nicht iedweder deſſelben ſich abundant anzuſchaffen belieben tragen moͤchte / ſolte nicht uͤbel gethan ſeyn / wann ſtabiliret wuͤrde / daß das Bruchſilber und Bruchgold anders nicht verdebatiret werden ſolle / als in die Muͤntz zu gewiſſen ſtabilirten Preiß / darmit der Muͤntzſtand bey beſtehen / und daraus Gelder machen koͤnte / in gebuͤhrenden Alloy und Halt / alſo daß es den Silber und Gold ſo aus denen Fodinen oder Bergwercken gezogen wird gewiſſer Maſſen gleichbaar ſich ereignete .,650050,"Wismuth , oder Wißmuth und Bismuth , ingleichen Aſchbley , oder Aſchzinn , und von den Materialiſten und Apothekern Markaſit genannt , lat. Wismuthum , Bismuthum , Plumbum cinereum , Stannum cinereum , Marcaſita officinarum , franz. Bismuth , oder Etain de Glace , ein Halbmetall , ſo unter dem Zinnerzte bricht , und auf den Bergwerken gerne geſehen wird , weil gern Silber darnach bricht ; daher ihn auch die Bergleute des Erztes , oder Silbers Dach zu nennen pflegen .",Early-Early,2
bildhauer,2409890,"Colyns de Nole , Adrian , Bildhauer I 53 .",1505747,"Laſſen wir die Scheidung nach Nationalitäten fallen und gruppiren ſtatt deſſen nach Beruf und Lebensſtellung , ſo geben die Mappen , unter Ausſchluß der Fürſtlichkeiten , die das ſtärkſte Contingent ſtellen , folgendes an Ausbeute : Dichter , Gelehrte , Schriftſteller 89 ; Architekten , Maler , Bildhauer , Componiſten 62 ; Staatsmänner und Generale 51 ; Schauſpieler und Sänger 21 .",Late-Late,4
brunnenwasser,5523219,"In den meiſten Fällen ſind daher Quellwaſſer und Brunnenwaſſer hartes Waſſer , während Flußwaſſer und beſonders Regenwaſſer zu den weichen Wäſſern zählen .",2596535,Man kann wohl auch die Federn in dem Wasser der Schmiede oder eines Flusses oder auch in Quell- und Brunnenwasser ablöschen .,Late-Late,4
rehbock,960034,"Wie wir ſolches im Alten Teſtament an dem Exempel des Eſau , Jſmael und anderer , wahrnehmen koͤnnen , die , wenn ſie der Appetit ankam , ſich aufmachten , dem Wilde nachjageten und an ihrem Tiſche mit einem Rehbock ergoͤtzten , da ihnen vorher ein Ziegenbock den Hunger geſtillet ; und wer wolte es ihnen auch veruͤbeln , da ja die Jagd an und vor ſich ſelbſt , auch der Goͤttlichen Ordnung nach , zu des Menſchen Nahrung und Kleibung nuͤtzlich und erlaubet iſt .",4415510,"Die Hoͤrner eines Reh-Bocks , werden allein Gehoͤrne , nicht aber Geweih genennet .",Early-Early,2
feuerwerk,4399001,4 ) wer ohne die vorgeſchriebene Erlaubniß Schießpulver oder andere explodirende Stoffe oder Feuerwerke zubereitet ;,1750778,"Grüne und violette Sternſchnuppen und Feuerkugeln verpufften wie die Exploſion eines Streichholzköpfchens an dem ungeheuren ſauſenden Luftball während ſeiner Sonnenfahrt , periodiſch ſogar zu blendendem Feuerwerk vereint .",Late-Late,2
trauerspiel,3276482,Des Herrn Vatry Gedancken von den Choͤren in den Trauerſpielen .,2017387,"Ein Ungenannter von Br. ... hat unter dem Titel , der Zwitter , Addiſons Cato , und Deschamps ſeinen , unterſuchet , und gezeiget , wie dieſe beyde Trauerſpiele in Hr. Profeſſ. Gottſcheds deutſchen Cato zuſammengewachſen .",Early-Early,2
rehbock,4407885,"Sagen die Jaͤger , wenn dem Hirſche oder Rehebock das abgeworffene Gehoͤrne oder Geweih wieder waͤchſet .",4395259,"„ Ich mag halt eben die ordentlichen Thierli nicht umbringen , ſie wollen halt auch leben ; und weißt , neulich wieder — wie ich den angeſchoſſenen Rehbock im Wald gefunden , mit dem Pfeil im Leib , langſam verendet , aber noch lebig von Hunden angefreſſen , — ſeitdem mag ich ſchon gar nicht mehr jagen ; ja , wenn 's auf ein recht ſchädliches wildes Thier geht — hab' ich je den Wolf gefürchtet ? — ſoll ich dick damit thun , daß ich jüngſt den Bären — “",Cross-Era,2
rechtsstreit,2018558,"Das Gericht kann , wenn durch das nachträgliche Vorbringen eines Angriffs- oder Vertheidigungsmittels die Erledigung des Rechtsſtreits verzögert wird , der obſiegenden Partei , welche nach freier richterlicher Ueberzeugung im Stande war , das Angriffs- oder Vertheidigungsmittel zeitiger geltend zu machen , die Prozeßkoſten ganz oder theilweiſe auferlegen .",4825521,"Die Verhandlung des Rechtsſtreites erfolgt aber nur dann vor der Kammer für Handelsſachen , wenn der Kläger dies in der Klageſchrift beantragt hat , oder wenn bei einer vor die Kammer für Handelsſachen gehörigen , aber vor die Civilkammer gebrachten Klage der Beklagte die Verweiſung des Rechtsſtreits an die Kammer für Handelsſachen beantragt hat ; auch iſt der Prozeß auf Antrag vor die Civilkammer zu verweiſen , wenn die Klage durch Antrag auf Feſtſtellung eines Rechtsverhältniſſes erweitert oder eine Widerklage erhoben wird und die erweiterte Klage oder die Widerklage als Klage nicht vor die Kammer für Handelsſachen gehört. Gerichtsverf. Geſ. §. 102. 104. 105 .",Late-Late,4
eisenwerk,5501454,"Demnach erwartete ich mit Schmertzen , biß der Kercker-Meiſter Nachts um etwa 10. Uhr , zum letztenmahle nach mir geſehen hatte , wandte hierauf mittelmaͤßige Kraͤfte an , und zerbrach binnen einer halben Stunde , nicht allein alles an mir habende Eiſenwerck , ſondern drehete auch die Schloͤſſer und Gelencke von den Hand- und Bein-Schellen gluͤcklich ab , ſo daß ich mich hiervon voͤllig befreyet fand .",2592719,"Um die Mitte des Jahrhunderts , also um dieselbe Zeit wie im Unterharz , begannen sich die Eisenwerke , die vordem auf den Höhen bei den Eisengruben gestanden hatten , in die Thäler an die Wasserläufe zu ziehen .",Cross-Era,2
sündenfall,1656131,Denn auſſer denen bereits angefuͤhrten koͤnnen mehrere Muthmaſſungen und Verſuche die innere Erweißlichkeit der Suͤndfluth darzu thun durch vorgeſtellte Begreiflichkeit und Moͤglichkeit derſelben nachgeſehen werden in Jac. Saurins diſcours hiſtoriques ſur les evenemens du vieux et du nouveau teſt. tom. I. diſc. 8. und Patr. Delany Unterſ. der Offenb. Abhandl. 10. bis 12. Letzterer ſieht die Suͤndfluth als ein Mittel an den Fluch GOttes vom Erdboden zu nehmen : erſterer aber als eine Wirkung und voͤllige Bewerkſtelligung des nach dem Suͤndenfall uͤber den Erdboden ausgeſprochenen Fluchs .,1210268,"Dort , wo das Bildende und Bildliche vorwiegt ( bei den Eraniern und Europäern , in hohem Masse auch , wie es scheint , bei den Sumero-Akkadiern ) , tritt die Entartung als » Sündenfall « ungemein plastisch hervor und wird somit zum Mittelpunkt jenes Komplexes innerer Mythenbildung , der um die Vorstellung der Erlösung sich gruppiert ; wogegen dort , wo dies nicht der Fall ist ( wie z. B. bei den metaphysisch so hoch beanlagten , als Bildner jedoch mehr phantasiereichen als formgewaltigen arischen Indern ) man nirgends den Mythus der Entartung bis zur anschaulichen Deutlichkeit ausgeführt , sondern nur allerhand widersprechende Vorstellungen findet .",Cross-Era,2
ruhestand,4793558,"Diese letztere Bestimmung findet jedoch auf Versetzungen in den Ruhestand , welche wegen eingetretener Dienstuntauglichkeit nach den Vorschriften des Gesetzes erfolgen , sowie auf jene Veränderungen im Richterpersonale , welche durch Aenderung in der Einrichtung der Gerichte nothwendig werden , keine Anwendung . “",2104629,"b ) Jederzeit , auch ohne daß die erwähnte Vorausſetzung gegeben iſt , können durch kaiſerliche Verfügung gewiſſe Beamte einſtweilig in den Ruheſtand verſetzt werden , „ bei denen eine fortdauernde Uebereinſtimmung in principiellen Anſichten mit der leitenden Autorität nothwendig iſt “ .",Late-Late,2
ziegenbock,1478507,"Thor fuhr auf einem mit Ziegenböcken bespannten Wagen und ihm wurden besonders Ziegenopfer gebracht , deshalb sieht auch der mittelalterliche Teufel einem Ziegenbocke ähnlich , hat Hörner , einen Bocksbart und ein haariges Fell , ja sogar den Bocksgeruch .",829941,"auch da iſt bei Affen wie Ziegenböcken ſchon unverkennbar vorgearbeitet , indem die Herrn entweder bloß den Bart beſitzen ( alſo wie bei uns ) oder ihn doch weit entwickelter zeigen als das Weib .",Late-Late,2
grundfläche,4113062,"Hieraus folget / weil man allerhand Eck- Kegel in triangulare Eck-Kegel theilen kan / daß allerhand Stuͤck Eck-Kegel kan zertheilet werden in drey andere Eck-Kegel die gebundener Weiſe ebenmaͤßig ſeynd in ratione laterũ homologorum , das iſt / in Verhaltnus ihrer correſpondenten Seiten / darvon der Erſte und letztere die zwo Grundflaͤchen des Stuͤcks fuͤr ihre Grundflaͤche haben / und gleiche Hoͤhe mit dem gantzen Stuͤck Kegel .",4112729,"Dann / ſchneidet ein Stuͤck ab von dieſem Coͤrper unter dem dichten ∠ , ſelbiger Schnitt wird eine geradlinige Grundflaͤche formiren / als BCDEF . die ſo viel Seiten haben wird / als ∠ oder △ ſeynd die den dichten ∠ A formiren .",Early-Early,4
meerwasser,3929187,Und laſſet ſich auch hierauß ſchlieſſen / daß die Waſſer der Suͤndflut ſchwerer muͤſſen an gewicht geweſen ſeyn / als die heutigen Meerwaſſer / weilen die ſo ſchweren Perlen Muͤſchelen auf ſo langer Reiſe auß Jndien hieher nicht untergangen / da ſie ſonſten von denen Meereswellen nicht weit pflegen getriben zuwerden :,643394,"Wenn man ein Tau probiren will , ob es von gutem Zeuge gearbeitet , lege man es , wenn es getheert , in Meerwaſſer : Jſt der Zeug gut , ſo wird es feſter davon ; wo nicht , ſo wird es morſch , und bricht leicht .",Early-Early,4
stückwerk,1690531,Soll dir des Apffels Preiß nicht zu erkennet werden / Da man dein Weſen gantz / bey andern Stuͤckwerck ſchaut ?,2867924,"Der Wind war ihr günſtig , und leicht konnte ſie bewirken , daß dieſe letzten , ſo erfolgreich begonnenen Reformen des greiſen Staatsmannes ein Stückwerk blieben .",Cross-Era,4
salzwasser,4857895,"Waſch ihn ſauber ab , thu ihn in einen Keſſel , geuß Saltz-Waſſer und Wein-Eßig druͤber , ſchuͤtte Zwiebeln , Lorber-Blaͤtter , Roßmarin und Salbey hinein , laß es ſo lange kochen , nach dem das Schwein alt geweſen , oder nicht , biß es genug iſt .",4191637,"Es gab somit eine Zeit , wo der jetzt so dicht bevölkerte Distrikt Asakusa am Meere lag und die nur in Salzwasser gedeihende Alge Porphyra vulgaris Ag. in seiner nächsten Nähe wuchs .",Cross-Era,4
brunnenwasser,648107,"Unter dem rinnenden Waſſer folget nach dem Quellwaſſer das Brunnenwaſſer , welches von ungleicher Beſchaffenheit , je nachdem das Waſſer durch Sand oder Thonerde laͤuft .",2596535,Man kann wohl auch die Federn in dem Wasser der Schmiede oder eines Flusses oder auch in Quell- und Brunnenwasser ablöschen .,Cross-Era,4
triebwerk,5168018,"Aber wer dies Triebwerk ruͤhret , Und derſelben Lauf regieret , Jſt der weiſeſte Verſtand , Und des Hoͤchſten Allmachts-Hand .",3657998,"Der Strom wird hierdurch erſt unterbrochen und dann wieder geſchloſſen , wodurch die Auslöſung des Triebwerkes in der bereits angegebenen Weiſe erfolgt .",Cross-Era,4
schauspiel,2419867,"Menſch ſieh dieſes Schauſpiel an , und denke wie des Schoͤpfers Macht , Aus troͤpfelnden Gedraͤng des Meers , das harte Eis herfuͤrgebracht , Beſieh darin die ſtrenge Macht , wenn die gezakten rauhen Schollen , Mit einer ſtuͤrmeriſchen Wuth in aufgethauten Fluͤſſen rollen .",3178214,Denn wenn ſie den Reiter unterweiſen wohl zu ſitzen / mit einer freyen und ungezwungenen Poſitur und Mittel an die Hand gibt / die Fauſt und Schenckel wohl zu fuͤhren / ſetzet ſie auch ſo viel als moͤglich ein Pferd in einen ſolchen Stand / daß es eine ſonderbahre Geſchickligkeit erweiſet / die Huͤlffe wohl aufnimmt / die Straffe fuͤrchtet / den Schritt / Trab und Gallop wohl erlernet / auch hernach alle Lectiones mit ſo guter Art machet / daß man ſich deſſen in der Gefahr des Krieges / bey nohtwendigen Gebrauch und unterweilen auch zum Pomp und praͤchtigen Aufzuͤgen und oͤffentlichen Schauſpielen bedienen kan .,Early-Early,2
kreuzzug,5775440,"Creutzzuͤge , was dieſelben befoͤrdert 213",1216387,"Juden , die : ein uns fremdes Volk 323 fg. , 328 , 329 fg . ; Annäherungspunkte 526 ; seit den ältesten Zeiten Geldwucherer 430 fg. , auch Rosstäuscher 431 ; ihr Verhalten gegen Rom 138 , 143 fg . ; ihr Verhalten auf Cypern 333 fg . ; sie bereichern sich durch die Kreuzzüge 333 , 339 ; erringen eine privilegierte Stellung im Mittelalter 333 fg. , 833 ; ihr Verhalten in Spanien 334 ; ihr Verhalten im 19 . Jahrhund. 21 fg. , 323 fg. ; ihre Beziehungen zu Fürsten und Adel 338 fg. ; ihre Beziehungen zu den christlichen Kirchen 340 ; der » reinhumanisierte « Jude 458 ; der » äussere « und der » innere Jude 458 ; das » Judewerden « der Germanen 17 fg. , 457 fg. , 935 , 946 .",Cross-Era,4
kartenspiel,2907077,"Es muß ein ieder Soldat ſeines Landes-Herrn geſamte commandirende Generalitaͤt als ihm ſelbſt ehren , und auf keinerley Weiſe ſich ihnen widerſetzen , ſo lieb ihnen abermahls ihre Ehre , Leib und Leben iſt , die Salva-Guardes und Schutz Briefe , ſo von dem Landes-Fuͤrſten ſelbſt , als auf Ordre von dero Generalitaͤt , ausgeſtellet werden , reſpectiren , denen Ober- Officirern , vom unterſten biß auf den hoͤchſten , ſie ſeyn von demſelben oder einem andern Regiment , mit allen gebuͤhrenden Reſpect und Gehorſam begegnen , alles duelliren , Schlaͤgereyen oder auch andere unfertige Haͤndel , bey einer Lebens- oder andern peinlichen Straffe vermeiden , ſich vor dem Kartenſpielen oder Wuͤrffeln , bey Straffe der Spieß-Ruthen , huͤten , nach dem Zapffen-Schlage in ſeinem Quartier finden laſſen , zur Arbeit , es ſey im Felde , Belagerungen oder Guarniſon , willigſt und zu rechter Zeit einfinden , bey beſetzter Wache , inſonderheit Nachtſchlaffender Zeit , keinen unnoͤthigen Allarm machen , die Wache nicht verſaͤumen , auf der Schild-Wache nicht ſchlaffen , oder vor der Abloͤſung weggehen , ſich den Wachthabenden Officirer oder ſonſt iemand an der Wache , ſie ſeyn von des Landes-Fuͤrſten oder fremder Potentaten Trouppen , wenn ſie mit einander auf Commando ſtehen , in Verrichtungen , darzu er commandiret wird , nicht widerſetzen , zum Marche und Commando auf die gewoͤhnlichen Sammel-Plaͤtze , ſobald darzu angeſchlagen wird , einfinden , die Zug-Ordnung richtig halten , von der Fahne nicht abſentiren , und dahinten bleiben , in Schlachten , Scharmuͤtzeln , Stuͤrmen , oder bey was Gelegenheit es immer wolle , die Flucht nicht ergreiffen , und ſeinen Poſten und Schild-Wache oder andern Herren-Dienſt , der ihm anbefohlen iſt , nicht verlaſſen , noch weniger gar etwan meyneydiger Weiſe deſertiren , mit dem Feinde nicht muͤndlich oder ſchrifftlich correſpondiren , oder demſelben die Loſung offenbahren , alle verdaͤchtige Rottirungen , Zuſammenkuͤnffte und Berathſchlagungen meiden , ohne Conſens der Ober-Officirer keine Sponſalien oder Ehen celebriren , ſeinen Wirth , Wirthin oder Geſinde nicht ungebuͤhrlich tractiren , ſein Gewerbe , Waffen und Kleidung , auch alles andere , was zur Herren-Montur gehoͤrt , nicht wegwerffen , muthwillig verderben , verſetzen , verkauffen , oder aufs Spiel bringen , ohne Vorwiſſen der Ober- Officirer keine unnoͤthige Schulden machen , niemanden , weder auf dem Marche noch ſonſten mit Gewalt etwas abnehmen , bey der Muſterung ſein eignes , keines wegs aber gelehnt fremdes Gewehr und Montur haben , oͤffentlich bey Verſammlung des Kriegs-Volcks nicht um Geld ruffen , und die ſolches thun , ſind als Meutmacher , ohne alle Gnade , an Leib und Leben zu beſtraffen , und uͤberhaupt ſeines Commandeurs Gebothen nachzuleben , und allen oͤffentlichen unter Trompeten , Trommel und Paucken angekuͤndigten Gebothen und Verbothen bey der darinnen geſetzten Straffe nachzukommen und Folge zu leiſten .",1338766,"Wir wollen annehmen , daß wir einem Unbekannten ein Kartenſpiel anboͤthen .",Early-Early,4
eisenwerk,2590399,"Es wurden nämlich jedem Eisenschmelz- und Hammerwerk ein nahgelegenes Waldgebiet „ gewidmet “ , indem die Waldbesitzer verpflichtet wurden , die in diesem Gebiet erzeugten Kohlen nur an die dafür angewiesenen Eisenwerke gegen Vergütung der Erzeugungs- und Zufuhrkosten abzugeben .",453068,"Der Besitzer des Lauffener Eisenwerkes , Herr Näher , machte 1834 Versuche , einen Teil der Holzkohlen durch rohes Holz zu ersetzen in seinem Hochofen bei Plons , ½ Stunde von Sargans im Kanton St. Gallen .",Late-Late,4
kinderspiel,4461077,"Wir , Velten und ich , waren ungefähr zehn oder zwölf Jahre alt , als wir anfingen , mehr und mehr aufzuhorchen , wenn in unſere Kinderſpiele , Schularbeiten und Dummejungenſtreiche der Name Trotzendorff hineinklang , mit bedenklichem Kopfſchütteln von Seiten meiner Eltern , mit bedauerndem von Seiten der Mutter Veltens .",2362719,"Und nicht die unerfahrene Tochter allein , auch die erfahrenen Eltern ſahen kein Kinderſpiel in Siegmund Fabers raſcher That .",Late-Late,4
sonnenlicht,3629996,"denn der Bericht , den er ihrer Majeſtaͤt in ſeinem vorigen Schreiben gegeben , ſey ſo klar und offenbar , als das Sonnenlicht ; und Kibleluͤ Ogli werde dasjenige , was er geſehen habe , nicht leugnen , wenn man ihn genauer und ſchaͤrfer befragen werde .",1921942,"Eine wüſte Unordnung , von dem brutalen Sonnenlicht bis in's Kleinſte hinein entwirrt und umriſſen , machte ſich allenthalben breit .",Cross-Era,4
murmeltier,5640895,"Nenn ich Emilien ſchon vor den Leuten ſchoͤne / Glaubt mir daß ich den Mohr mit leichten Firniß kroͤhne Mein Lob verbeſſert nicht das ſchwartze Murmel-Thier Drum zuͤrnt galantes Kind ins kuͤnfftig nicht mit mir / Wenn bey Emilien , ich eurer ſchlimm erwehne / Jch meyns ſo boͤſe nicht .",1454798,valisnieri T. II. S. 436. iacobaevs de Ranis. S. 71 . rai Wisdom of god S. 292. von den Bergmaͤuſen oder Murmelthieren der beruͤhmte Altmann vom Eismeere. S. 108 .,Early-Early,4
wortspiel,3510314,"Es giebt noch eine Art der Wortſpiele , darauf ſich gewiſſe Leute Wunder was ! einbilden .",3510348,"Darauf haͤtten zwar allenthalben die Unordnungen aufgehoͤrt ; doch waͤren bey Hofe noch Poſſenreißer geblieben ; abgeſchmackte Luſtigmacher , unſeelige Pickelheringe , altfraͤnckiſche Verfechter grober Wortſpiele .",Early-Early,4
gesichtszug,1098273,Schwarz ( taucht den Pinſel ins Ölnäpfchen und überſtreicht die Geſichtszüge ) .,1152655,"Als ein der Substanz nach hiervon sehr entferntes Beispiel nenne ich die merkwürdige Anähnlichung des Wesens , des Charakters und schlieſslich der Gesichtszüge , die manchmal unter alten Ehegatten zu beobachten ist .",Late-Late,4
meerwasser,661949,"Die uͤbrigen Fabriken Frankreichs ſind : p ) Fabriken zu weißem und ſchwarzem Eiſenbleche ; q ) verſchiedene Fabriken zu Porcellaͤn , Faenzer , und anderem irrdenen Geſchirre ; r ) Tabackspfeifenfabriken ; s ) mancherley Eiſen-Stahl-Meſſer- und Gewehrfabriken , unter welchen letztern ſonderlich die zu Paris , zu Sedan in Champagne , und die zu Tulle in der Landſchaft Limoſin in Guienne , die beſten ſind , wie denn auch alle Klingen , die wir ſpaniſche nennen , in Frankreich fabriciret werden , wiewol die Franzoſen den Stahl dazu , aus Biſcaja in Spanien holen ; t ) Salzſiedereyen in Bretagne , der Normandie , in Orleans , Guienne und Provence , in denen ſowol aus dem Meerwaſſer , als aus Salzbrunnen , Salz geſotten wird ; u ) Gruͤnſpanfabriken , ſonderlich die in Montpellier ; v ) Pulvermuͤhlen , deren es in Frankreich ziemlich viele , ſonderlich aber bey la Fere in der Picardie ſehr gute , giebt ; w ) Stuͤckgießereyen , wie denn zu Coſne und zu Rochefort in Orleans viel Stuͤcken gegoſſen werden ; und endlich x ) Schiffbauereyen , deren es in Frankreich in denen an der See gelegenen Provinzen verſchiedene giebt , von denen jedoch die zu l’ Orient in Bretagne eine von den betraͤchtlichſten iſt , als woſelbſt der Koͤnig von Frankreich viele Schiffe bauen laͤßt .",3928072,Diſere halb-Geographiſche und halb-Chymiſche Gedanken geben mir anlas zu folgendem Vernunft-urtheil / daß die ſalzichten Meerwaſſer durch unterirdiſche Gaͤnge aller Orten hinflieſſen in die Eingeweide der Erden / hoͤher aber nicht ſteigen koͤnnen als das Meer ſelbs iſt / folglich nicht einmal unter der Erden koͤnten hinkommen zu den wurzlen unſerer Schweizeriſchen Gebirgen / wil geſchweigen / auf die Spitzen derſelben / ſo daß alle unſere Lande des Waſſers manglen muͤßten / wann nicht die wunderbare / Allweiſe Guͤte Gottes in denen inneren Kammeren der Erden angezuͤndet hette ein brennendes / oder ſonſt waͤrmendes Feuer / welches die Waſſer verwandelt in Duͤnſte / durch hole Kluͤften auftreibet zu der Oberen / und oberſten Erden Rinde / ja auch in die Luft ſelbs / wo ſie nicht hinderhalten / und in Waſſertroͤpflein verſamlet werden / durch beſchloſſene Felſichte Helme / mit denen inſonderheit verſehen die jenigen hoben Gebirge / welche vil Waſſer von ſich geben / wie zum Exempel koͤnnen dienen die ob Flims in Puͤndten ſtehende Stein Gebirge / und haͤuffige in dem Dorff Flims ſelbs hervor flieſſende Brunn und Bachquellen / von denen anderſtwo zu reden ſeyn wird / ꝛc.,Early-Early,2
zitronensaft,124187,"Sollte sich bei dieser Reinigung ergeben , dass nicht alle Flecken herausgegangen , so wird die Anwendung von etwas Zitronensaft , der nachher mit Wasser wieder weggewaschen werden muss , voraussichtlich zum Ziele führen .",2549177,"Olivenöl 61.771 q = 7,412.913 L. Wein in Fässern 31.014 hl = 930.420 L. , ferner Rosinen , Citronensaft roh und concentrirt 2,505.894 kg = 2,466.699 L. , Essenzen aus Bergamotten , Citronen und Orangen 22.450 q = 3,367.662 L.",Late-Late,4
kreuzzug,10335,"Um die Mitte des 12. Jahrhunderts , in jener Epoche , in welcher die Erfahrungen aus den Kreuzzügen greifbare Gestalt angenommen hatten , verändert sich die Form der Stangenwaffe und damit auch die Art ihres Gebrauches .",1481343,"Infolge der Kreuzzüge entwickelte sich das Turnier , sowie seit jener Zeit erst allmählich die geschlossenen Eisenrüstungen zu allgemeiner Einführung bei der Ritterschaft gelangten .",Late-Late,2
schauspiel,3509546,"Was iſt gemeiner als daß man in Romanen , Schauſpielen und andern verliebten Gedichten die Buhler ſo raſend abbildet , daß ſie ſich alle Augenblick hengen , erſtechen und erſaͤufen wollen ?",1490485,"Schauſpiel in einem Akt von Th. de Banville , deutſch von Betti Paoli .",Cross-Era,4
sonnenuhr,3873189,"Sie ſaßen dann oben in der luftigen , großen Stube , Roswitha wiegte das Kind und ſang in einem thüringiſchen Platt allerlei Wiegenlieder , die niemand recht verſtand , vielleicht ſie ſelber nicht ; Effi und Frau von Brieſt aber rückten ans offene Fenſter und ſahen , während ſie ſprachen , auf den Park hinunter , auf die Sonnenuhr oder auf die Libellen , die beinahe regungslos über dem Teich ſtanden , oder auch auf den Flieſengang , wo Herr von Brieſt neben dem Treppenvorbau ſaß und die Zeitungen las .",3870842,"In Front des ſchon ſeit Kurfürſt Georg Wilhelm von der Familie von Brieſt bewohnten Herrenhauſes zu Hohen-Cremmen fiel heller Sonnenſchein auf die mittagsſtille Dorfſtraße , während nach der Park- und Gartenſeite hin ein rechtwinklig angebauter Seitenflügel einen breiten Schatten erſt auf einen weiß und grün quadrierten Flieſengang und dann über dieſen hinaus auf ein großes in ſeiner Mitte mit einer Sonnenuhr und an ſeinem Rande mit Canna indica und Rhabarberſtauden beſetztes Rondell warf .",Late-Late,4
murmeltier,2382225,"Auf der 1889er Sommermesse zu Irkutsk in Sibirien , welche nur einen Teil der in Sibirien erbeuteten Pelzwaren umfaſst , erschienen die Felle von 3180000 Eichhörnchen , 11000 Blaufüchsen , 140000 Murmeltieren , 30 Iltissen , 11000 Dachsen , 1300000 Hasen , 2000 gewöhnlichen Füchsen , zahlreichen Bären , Wölfen u. s. w. In Norwegen sind in 6 Jahren ( 1882 — 1887 ) erlegt worden : 621 Bären , 193 Wölfe , 495 Luchse , 346 Vielfraſse , 45141 Füchse ; in Schweden 1886 : 31 Bären , 23 Wölfe , 16 Luchse , 85 Vielfraſse und 16415 Füchse .",4033878,"Lieben Freunde , trinkt Cognac und Gin , machet ein Feuer in euch an , daß eure Augen glühende Kugeln werden , groß wie die Uhrſcheiben am Rathausturm , und eure Fäuſte ſtark wie die Dampframmen der Weidendammerbrücke , trinket Gin und Cognac , Freunde , lieben Freunde und Genies , trinkt und glaubt an meine ſchlafenden Lieder , dieſe feiſten Murmeltiere , aus deren Fett ich Elender Feuilletons gebacken habe , trinkt , trinkt , trinkt , ſchlagt euch rotgeränderte Wolken um die Schultern als Regenmäntel und kommt mit mir in den Phalluswald !",Late-Late,2
kinderspiel,3300554,"So blindlings handeln leider viele , Die wie in einem Kinderſpiele , Der Seelen Werth gering geacht , Und dadurch ſich ums Wol gebracht : Ach ! moͤgten wir doch ſtets erwegen , Wie viel an unſrer Seel gelegen ; So wuͤrden wir uns recht bemuͤhn , Der Suͤnder Reizung zu entfliehn !",4285115,"Gegen dieſes Naturmärchen iſt eigentlich alles , was ich dir bisher aus dem Reich der Liebe erzählt habe , ein Kinderſpiel .",Cross-Era,2
wunderwerk,1655839,"Jch weiß aber nicht , ob er damit auskommen wird , und ob nicht viele davor halten werden , daß er beſſer gethan haͤtte , wenn er das lange Leben der Altvaͤter vor der Suͤndfluth blos dem Willen und der Allmacht GOttes zugeſchrieben haͤtte ; denn menſchlich davon zu reden , ſo ſind die Koͤrper derer Menſchen , welche itzo in der Welt leben , andere aber haben wir niemals geſehen , von der Beſchaffenheit , daß wohl jetzt ſchwerlich jemand ohne ein Wunderwerk 900 Jahre alt werden kan .",4699361,"Und wenn dann die gekoppelte Wagenreihe , allmälig ebenen Boden erreichend , wieder gefahrlos zwiſchen lachenden Triften forteilte , dann wird er ſich voll Stolz , der Sohn eines Jahrhunderts zu ſein , das ſolche Wunderwerke hervorbringt , in ſeinen Sitz zurückgelehnt und ſich mit halb geſchloſſenen Augen hinüber geträumt haben in die Errungenſchaften der Zukunft , welche in der Eröffnung des Suezcanals und dem Durchſtich des Mont Cenis noch immer nicht ihre kühnſte Bethätigung gefunden .",Cross-Era,3
stückwerk,5681210,Denen Kauffleuten und Handwercks-Verlegern aber / wird auff das ſchaͤrffſte verbothen / dem Handwercksmann und Stuͤckwerckern einig verbothenes / oder auch gangbares / grob oder kleines Geld / in hoͤhern Preiß zu geben / als es geſetzt iſt .,5166198,"Doch der Schatten wird verfliegen , Dieſes Stuͤkwerks Dunkelheit , Wird das hellſte Licht beſiegen Der verklaͤrten Ewigkeit ; Wer im Chor der Seraphinen , GOTT , wird erſt im Schauen dienen , Dem wird mehr noch kund gethan , Als man hier begreifen kan .",Early-Early,4
ruhestand,3172103,"Den aͤuſſerlichen ruheſtand zu erhalten , und ſelbigen behoͤrig einzurichten , auch die behufige mittel dazu vorzukehren , kommt der oberſten gewalt zu : der landes ſchuz und ſchirm , das kriges- und fridensrecht , die einquartirung , die werbung , die ausnemung der jungen mannſchaft zur Reichscreis- und landesbeſchuͤzung , das aufgebot der untertanen , die landes- und heeres-folge , feſtungen anzulegen und zu beſezen , das recht buͤndniſſe zu ſchluͤſſen , geſanden anzunemen und zu ſchicken , das oͤfnungsrecht , die errichtung der landmiliz , das beſazungsrecht .",847968,Sie helffen dir das recht und die geſetze ſchuͤtzen ; So bluͤht durch dich und ſie des Pindus ruheſtand .,Early-Early,4
uhrwerk,4067720,"Damals war ja mein Herz , Mein armes Herz , Noch kein todtes Uhrwerk ; Lieblich grünten die Thäler von Hebron , Mir zu Füßen rauſchte der Jordan Und blutroth blühte die Roſe von Saron !",5266456,Gute Uhrwerke sind sie :,Late-Late,4
bergwerk,5530640,"Bergwerken , Elektricität in — 222 . 256",1468446,"Es ist uns ein merkwürdiger Riſs eines Bergwerks nahe der Meeresküste aus der Zeit des Königs Ramses II. erhalten , wohl der älteste Situationsplan , der existiert .",Late-Late,4
bergwerk,3928402,"Alten Ohrten Bottmaͤſſigkeit , in einer tieffen Berg- Kluft / gleich dem Gold / und Edelgeſteinen / welche gemeinlich entweders in tieffen Bergwerken / oder harteſten Felſen eingeſenket ſind / von dannen ſie nicht koͤnnen hervor gezogen werden ohne groſſe muͤhe und koͤſten .",1479787,"Zwar werden in beiden Urkunden Erze oder Bergwerke nicht ausdrücklich genannt , doch ergiebt sich aus einem Streite , den das Erzstift Salzburg später mit dem Kloster Admont über das Bergregal führte , daſs Salzburg seine Rechte aus sehr alter Zeit herleitete .",Cross-Era,4
hausstand,1933110,"Daher iſt kein Regent , welcher ſich nicht um den Hauß-Stand bekuͤmmert , und da gute Regeln giebt .",883964,"Deshalb ist es von besonderer Bedeutung , dass alle Kaninchen , so weit die Beobachtung bis jetzt reicht , die spezifische Eigenthümlichkeit des Armes bewahrt haben , auch diejenigen , welche seit einer unbestimmten Reihe von Generationen durch den Hausstand an ihrer ursprünglichen Lebensart verhindert sind .",Cross-Era,4
streitsache,1290364,"Die Kreuzprobe , vermutlich klösterlichen Ursprungs , erscheint zuerst in einem Kapitular Pippins als Beweismittel in einer Streitsache zwischen Mann und Frau . Karl der Groſse schrieb sie 779 als allgemeines Beweismittel der Meineidschelte vor; doch stand sie seit dem 9. Jahrhundert zur Wahl mit dem Zweikampf; schlieſslich galt sie nur noch als Notbehelf für furchtsame und schwächliche Leute , die nicht kämpfen wollen oder können , und für Streitsachen der Kirchen , bis sie endlich Ludwig I. in den Jahren 818/9 als Entheiligung des Leidens Christi verbot . Offenbar war der Versuch , durch die Kreuzprobe den Zweikampf zu verdrängen , in der Praxis kläglich gescheitert .",1284321,"Es war verboten , das Königsgericht anzugehen , ehe man den ordentlichen Rechtsweg beschritten hatte . Schon Chilperich I. setzte den Verlust der Streitsache auf Umgehung des Volksgerichtes . Pippin bedrohte sie mit arbiträrer Strafe bei maiores personae , bei anderen mit Prügelstrafe , ein italienisches Kapitular mit Verwirkung des Wergeldes .",Late-Late,4
tagewerk,2550407,"Zumeist sind dies prächtige Hôtels , eines so gut und stark besucht wie das andere , und insbesondere zeigt nach Schluss des Tagewerkes die bedeutende Frequenz der zahlreichen Cafés und Restaurants , dass man hier wie in allen südlichen Klimaten gerne den Genüssen des erquickenden Abendlebens sich hingibt ; zeigt aber auch , dass Algier zu der Zeit , die wir Winter nennen , eine Fremdenstadt ist .",2601100,"Als solcher richtete dieser kunstgerechten Grubenbau und die Förderung mit Wasserrädern an Stelle der alten Pferdegöpel ein , die dem Staat jährlich 3000 Tonnen Getreide , entsprechend 12000 Tagewerken Ackerland , gekostet hatten .",Late-Late,2
heerführer,3158462,"Belloveſus , ſo auch neue Colonien aus Gallien ausfuͤhret / koͤmmt mit ihnen an den Fuß des Alpen-Gebuͤrges : Da aber viele vor dieſen ungeheuren Klippen / woruͤber noch niemand einen Weg gefunden / ſich entſetzend / von dieſem ihren Heerfuͤhrer ſich fort begeben / und nach Spanien wenden / allwo ſie der am Pirenæiſchen Gebuͤrge nahliegenden Provintzen ſich bemaͤchtigen / ſo man lange Zeit hernach Celtiberien genennet ; heut zu Tage aber das Land iſt / ſo man das Koͤnigreich Arragonien heiſſet. p. 17 .",5465991,"Als ſie an die Coiwa kamen , theilten ſie ihre Armee , und gaben dem Landesaͤlteſten Caupo , der Heerfuͤhrer war , die Helfte : ( denn nachdem er von Rom kam , war er ſehr glaͤubig und beſtaͤndig geworden , hatte aber wegen der Verfolgung von den Liven , ſeine Zuflucht in die Stadt genommen , die Deutſche Sprache gelernet , und faſt uͤber ein ganzes Jahr bey den Chriſten ſich aufgehalten . )",Early-Early,4
meerwasser,661949,"Die uͤbrigen Fabriken Frankreichs ſind : p ) Fabriken zu weißem und ſchwarzem Eiſenbleche ; q ) verſchiedene Fabriken zu Porcellaͤn , Faenzer , und anderem irrdenen Geſchirre ; r ) Tabackspfeifenfabriken ; s ) mancherley Eiſen-Stahl-Meſſer- und Gewehrfabriken , unter welchen letztern ſonderlich die zu Paris , zu Sedan in Champagne , und die zu Tulle in der Landſchaft Limoſin in Guienne , die beſten ſind , wie denn auch alle Klingen , die wir ſpaniſche nennen , in Frankreich fabriciret werden , wiewol die Franzoſen den Stahl dazu , aus Biſcaja in Spanien holen ; t ) Salzſiedereyen in Bretagne , der Normandie , in Orleans , Guienne und Provence , in denen ſowol aus dem Meerwaſſer , als aus Salzbrunnen , Salz geſotten wird ; u ) Gruͤnſpanfabriken , ſonderlich die in Montpellier ; v ) Pulvermuͤhlen , deren es in Frankreich ziemlich viele , ſonderlich aber bey la Fere in der Picardie ſehr gute , giebt ; w ) Stuͤckgießereyen , wie denn zu Coſne und zu Rochefort in Orleans viel Stuͤcken gegoſſen werden ; und endlich x ) Schiffbauereyen , deren es in Frankreich in denen an der See gelegenen Provinzen verſchiedene giebt , von denen jedoch die zu l’ Orient in Bretagne eine von den betraͤchtlichſten iſt , als woſelbſt der Koͤnig von Frankreich viele Schiffe bauen laͤßt .",4485873,"Durch Messung des Widerstandes einer isolirten Drahtrolle , deren Widerstand bei einer bestimmten Temperatur bekannt ist , kann man mithin auf die Temperatur des die Rolle umgebenden Meerwassers schliessen .",Cross-Era,2
rechtsstreit,3166917,"Den rechtsſtreit erzaͤlet George Adam Struve de iure ouium , und aus diſem Stryk im vſu moderno π . im 21ten buche tit. I § 14 , auch der von Rohr im haushaltungsrechte ſ. 819 fg .",2017961,"Die Vollmacht wird weder durch den Tod des Vollmachtgebers , noch durch eine Veränderung in Betreff ſeiner Prozeßfähigkeit oder ſeiner geſetzlichen Vertretung aufgehoben ; der Bevollmächtigte hat jedoch , wenn er nach Ausſetzung des Rechtsſtreits für den Nachfolger im Rechtsſtreit auftritt , eine Vollmacht desſelben beizubringen .",Cross-Era,4
sonnenblume,1121738,"O wahre Sonnenblumen ! ihr Erweiſt , da ihr faſt Graͤnzen-lo ! , Nicht nur , daß eures Gartens Zier Und Raum faſt unermeßlich groß ; Jhr ſtellt zugleich den Schoͤpfer mir Recht wuͤrdig , recht unendlich fuͤr .",1389751,"Die Sonnenblume , Sonnenroſe ( Helianthus annuus L. ) ☉ , eine peruaniſche Pflanze , zeichnet ſich durch ihren 0.6—2 .5 Meter hohen Wuchs und den bekannten , bis zu 35 Ctm. im Durchmeſſer großen , ſcheibenförmigen Fruchtſtand aus .",Cross-Era,3
kinderspiel,140915,"Meine gefrorne Fenſter-Scheibe iſt gewiß ſo beſchaffen , daß alle ihre ſchoͤne Raritaͤten , und alles , was ſie daruͤber ſchwatzen und ſchreiben , gegen dieſelbe und meine Betrachtungen , aufs beſcheidenſte davon zu reden , eitel Kinderſpiel und Thorheit iſt .",1922844,"Nun ! dieſer Dame war es ja ſchließlich ein Leichtes , war es ja ein Kinderſpiel , das Geld aufzubringen .",Cross-Era,2
stockwerk,2638523,Denn die Mauer in dem unteren Stockwercke muß die Laſt der oberen zugleich mit tragen .,1353019,"Bei dem Baue von Häuſern mit Stockwerken muß die Dicke der Hauptmauer im oberſten Stockwerke , falls die Zimmertiefe in dieſem Stockwerke 6m nicht überſchreitet , wenigſtens 45zm , falls aber die Zimmertiefe in dieſem Stockwerke 6m überſchreitet , eine Dicke von 60zm betragen .",Cross-Era,4
heerführer,3926354,"Es ſind alſo die Officirer kleinere Gewaltige , deren immer einige anderen unterthaͤnig gemacht , und von der hoͤchſten Gewalt deſto entfernter , dahingegen andere nach der Beſchaffenheit des Rechts , ſo ſie haben , ihr naͤher ſind : aber die vorzuͤglich ſo genannten Heerfuͤhrer kommen der hoͤchſten Gewalt am naͤchſten .",1479123,"Die Noriker waren es , welche den germanischen Heerführern diese Schwerter zuerst lieferten .",Cross-Era,4
sonnenlicht,2035117,"Wenn man beim Sonnenlicht Jhr Kunſt-Gewirk beſchaut , und aufmerkſam erweget :",5530222,"Die Erkenntnis von einem ſolchen , die Farben gewiſſer Körper verändernden Einfluß des Sonnenlichtes insbeſondere iſt uralt .",Cross-Era,4
schauspiel,555180,MEin ledens-ſpiel iſt aus : der ſchauplatz aͤndert ſich / Dis macht / ich gab dem tod ’ im ſchauſpiel einen ſtich / Drauff raͤcht er ſich an mir : nun lehrt mich mein verieren / Doch allzuſpaͤt / daß ſich der tod nicht laͤſt agiren .,1725940,"Es iſt mithin eine rechte Luſt zu ſehen , wie Hr. Gottſched dieſe Horaziſche Grund- Regel in einer beygefuͤgten Anmerckung bald auf den Wohlſtand in der Kleidung , bald auf die Fabel in einem Heldengedichte , oder Schauſpiele zuzueignen gewußt hat : Ungeachtet Horaz hier mehr auf die Wahl und die geſchickte Zuſammenordnung und Einrichtung der Materie nach einer gewiſſen Zeichnung und Abſicht uͤberhaupt , als auf die beſondere Form eines Gedichtes ſein Abſehen gerichtet hat .",Early-Early,2
wunderwerk,1589784,So wird dem Wunderwerk der Suspension- oder Brooklyn-Brücke bald ein zweites zur Seite gestellt sein .,1814549,"“ Athen , die erhabene stadt , ist für das mächtige Alkmeonidengeschlecht der schönste anfang eines liedes auf einen wagensieg . denn kein vaterland und kein haus kann ich nennen , dessen name in Hellas so stralend wäre . denn in allen städten erzählt man sich von den Athenern , die Apollons haus in Pytho zu einem wunderwerk gemacht haben . und von dir und deinem geschlechte , Megakles , weiſs ich fünf isthmische , einen olympischen , zwei pythische siege . über den neuen erfolg freue ich mich etwas , aber das ist mir schmerzlich , daſs neid die edlen taten vergilt . indessen das sprichwort sagt , daſs der segen , der dem manne beständig blühen soll , das eine wie das andere ( leid und freude ) mit sich bringt . ”",Late-Late,2
kinderspiel,4976784,"Stünde in Oeſtreich ein Mann am Staatsruder , ein Mann , fähig zu denken , fähig zu handeln , fähig der Jnitiative — es wäre ein Kinderſpiel , den nordiſchen Alp , ſammt deſſen vaxzin-berliniſchem Anhängſel abzuſchütteln und die Frage : Soll Europa koſakiſch werden ? mit einem durchſchlagenden , welterlöſenden Nein ! zu beantworten .",1922844,"Nun ! dieſer Dame war es ja ſchließlich ein Leichtes , war es ja ein Kinderſpiel , das Geld aufzubringen .",Late-Late,2
hausstand,5096828,"Nach der Zeit , als mein Herr alleine war , uud Niemanden mehr umb ſich hatte , mit dem er ſich verweilen kunte , als ein altes Weib und mich , kam ihm einsmahl an , ihme eine Ehe-Liebſte zu ſuchen , wann er aber denn erwog , was vor Verdrießligkeit der Ehe-Stand mit ſich fuͤhrte , und zumahl ein Geiſtlicher , der da dem was des HErren iſt , anhaugen muͤſte , ſolte taͤglich umb den Hauß-Stand , vor die Nahrung und vor ſein Weib und Kinder ſich bekuͤmmern , ſo vergieng ihm wieder die Luſt ein Weib zu nehmen .",310051,"Denn nachdem ſich der Hausſtand zwei Jahre ſpäter durch einen neuen Ankömmling , das Töchterchen Mathilde , erweitert , folgte auch eine Verbeſſerung in der Stellung Dr. Büchner's ; er wurde mit erhöhtem Rang und Gehalt nach Darmſtadt verſetzt .",Cross-Era,4
ziegenbock,1932696,"Wenn ein junger Menſch einmahl ein Liebes- Finckgen bekommt , den wird es nicht ſo verdacht , als wenn ein alter Ziegenbock Luſt dazu bekommt .",4396167,"Feuerqualm ſcheint aus den ſchnaubenden Nüſtern zu ſprühen , das tiefe , wie aus langem Gewölb heraufgeholte Brummen iſt nur noch ſchrecklicher als Brüllen des Löwen , des Bären , dämoniſche Wuth funkelt in dem großen , dunklen Auge , bei ſeinem Schwellen und Rollen zeigt ſich die Bindehaut , die als weißer Grund dem menſchlichen Augenſtern ſeine edle , reine , hebende Umrahmung gibt , als roth durchäderte Folie und erhöht ſo mit ihrer Blutfarbe das ſcheusliche Wuthbild , aus dem Maule hängt die blaurothe Zunge und ein dunkler Bart ſchwankt am Unterkiefer , als hätte der teufliſchen Maske noch ein Stück vom Kopfe des Ziegenbocks gefehlt .",Cross-Era,2
meerwasser,3929187,Und laſſet ſich auch hierauß ſchlieſſen / daß die Waſſer der Suͤndflut ſchwerer muͤſſen an gewicht geweſen ſeyn / als die heutigen Meerwaſſer / weilen die ſo ſchweren Perlen Muͤſchelen auf ſo langer Reiſe auß Jndien hieher nicht untergangen / da ſie ſonſten von denen Meereswellen nicht weit pflegen getriben zuwerden :,658176,"ſo beſtehen ſolche a ) in des Meerwaſſers ſalzigtem und bitterem Geſchmacke ; b ) in der Farbe des Meerwaſſers ; c ) in denen Bewegungen des Meeres , welche auſſer denen , ſo durch Winde und Stuͤrme verurſachet werden , mannichfaltig ſind , und von denen , ſowol die Ebbe und Fluth , als auch die Meerwirbel , oder Meerſtrudel die bekannteſten ſind .",Early-Early,4
eisenwerk,452306,"Auf dem königl. bayerischen Eisenwerk Maximilianshütte lag ein System von sieben Rohren in zwei Lagen horizontal über den Gichtöffnungen von zwei Kupolöfen , deren Wind durch dieselben erhitzt wurde .",4570463,Der erste Ofen nach Ferries Konstruktion war 1870 auf dem Eisenwerk Monkland errichtet worden .,Late-Late,3
sonnenschein,479362,"Haſt du , wie Rhodus , ſchon nicht taͤglich ſonnen-ſchein ; So ſiehſt du , wie dein glantz aus vielen ſonnen ſteiget .",4958010,"Es war manche Woche danach , daß ich in dem ſchon bleicheren Sonnenſchein auf einem Bänkchen vor dem letzten Haus des Dorfes ſaß ; mit matten Blicken nach dem Wald hinüberſchauend , an deſſen jenſeitigem Rande das Herrenhaus belegen war .",Cross-Era,2
gesichtszug,790743,"Jhn begleitete eine faſt auf dieſelbe Art bedeckte lange und ſehr anſehnliche Frau , deren Geſichtszuͤge noch den Reſt von einer ausnehmenden Schoͤnheit zeigten .",4595669,Deine ſtarken Geſichtszuͤge gluͤeten von Mitleiden gegen mich .,Early-Early,4
eifersucht,4040733,Und muß ich gleich dafuͤr in hoͤchſtem grad ertragen Des mannes eifferſucht / den haß der koͤnigin / Soll doch dies alles nie die liebe niederſchlagen Zu welcher ich von dir / o printz ! bewogen bin .,1217758,"Die Offiziere fühlten ſich gedrückt durch den geiſtlos pedantiſchen Dienſt und auch in der Geſellſchaft zurückgeſetzt , denn bei Hofe wie in den Kreiſen des hohen Adels galten ſie nichts ; der einzige Feldherr , dem ſie vertrauten , Erzherzog Karl blieb Dank der Eiferſucht ſeines kaiſerlichen Bruders allen Geſchäften fern .",Cross-Era,3
zitronensaft,2250749,"Iſt eine aus geriebenen Mandeln , Hirſch-Unſchlitt oder Hirſch- Marck , Campher , Citronenſafft , Roſenoͤl , Weinſtein- und Jeſminoͤl , auch Ziegen-Milch vermiſchte , und unter einander geknaͤtete Masſa , woraus das Frauenzimmer runde Kugeln zu formiren , und ſich die Haͤnde , um ſelbige ſchoͤn klar und weiß zu machen , damit zu waſchen pfleget .",2770143,"Ausfärben der Seide in einem Orleanbade bei 50 bis 60 ° R. , um ihr den nötigen gelben Fond zu geben ; dann durch ein ſchwach angeſäuertes Waſſerbad paſſieren und in beſonderem Bade mit Safflor ( kalt ) oder Cochenille ( warm ) ausfärben ; ſchließlich Schönen mit Eſſigſäure oder Citronenſaft , oder Paſſieren durch eine Zinnlöſung .",Cross-Era,4
triebwerk,4601800,"Soll Tomlinſon , ſollen dieſe Weibsleute angenommen und beſchaͤfftiget , ſollen ſo viele Triebwerke mit unſaͤglichen Koſten in Bewegung gebracht ſeyn : und das alles umſonſt ?",4121363,"Jſt nicht Leutſaͤligkeit das Treibwerck ſolcher Sinnen ; So weiß ich nicht , wie ſie die Herzen kann gewinnen .",Early-Early,2
kreuzzug,9762,"Ungeachtet der häufigen Berührungen mit dem Oriente , namentlich von den Kreuzzügen an , hatte das Krummschwert in den Ritterschaften des westlichen Europas das ganze Mittelalter hindurch wenig Eingang gefunden , und die Ursache dürfte wohl darin zu suchen sein , daſs im occidentalen Gebiete wenigstens gegen die Schutzwaffen auf eine mehr zerschmetternde Wirkung der Klinge Wert gelegt werden muſste .",1827517,"hier iſt es ſchöpferiſch , und die am meiſten auffälligen Züge in der politiſchen Thätigkeit des mittelalterlichen Menſchen ſind durch dieſes Syſtem von Vorſtellungen mitbedingt ; mag man nun den theokratiſchen Charakter der mittelalterlichen Geſellſchaft betrachten oder die Macht der Kaiſeridee in derſelben oder die der Einheit der Chriſtenheit , wie ſie am gewaltigſten in den Kreuzzügen hervortritt .",Late-Late,2
streitsache,4825595,"Dadurch wird die Gerichtsverfaſſung weſentlich vereinfacht ; die vielen , nach den verſchiedenen Arten von Streitſachen ſo verſchieden conſtituirten Prozeßgerichte verſchwinden unter der gemeinſamen Firma und einheitlichen Organiſation der erwähnten Gerichtsanſtalten ; ſie ſind gleichſam nur „ Erſcheinungsformen “ , in denen die letzteren thätig werden .",2018498,"1. wenn während der Dauer der Rechtshängigkeit von einer Partei die Streitſache anderweit anhängig gemacht wird , ſo kann der Gegner die Einrede der Rechtshängigkeit erheben ;",Late-Late,2
heerführer,4194137,"Wo früher die Hofintrigue den Ausschlag gab und Regierungswechsel bewirkte , entscheidet von jetzt ab das Schwert , welches die Heerführer gegen einander kehren , während der Mikado ganz im Hintergrunde der politischen Ereignisse bleibt .",5844686,"Streng gegen ſich und Andere , unverbrüchlich gehorſam und pflichtgetreu , gerecht und ehrenhaft , kalt , ſicher und verſtändig in Allem , zeigte er ſich jeder der ſchwierigen militäriſchen und politiſchen Aufgaben , welche das indiſche Leben dem Heerführer ſtellt , vollauf gewachſen ; und wie verwegen der Bedachtſame , der alle Möglichkeiten peinlich genau vorher erwog , zur rechten Stunde das Glück zu packen wußte , das lehrten der glänzende Sieg von Aſſaye über die ſechsfache Uebermacht der Hindus und der kühne Reiterzug in die Berge der Mahratten .",Late-Late,2
bildhauer,2410091,"Gambazo , der blinde Bildhauer I 324 .",2403434,"Obwol in dem umfangreichen Briefwechsel , der zwischen Florenz und Madrid über jenes grosse Werk geführt wurde , von einem solchen Modell nichts erwähnt wird , auch von dem Vorhandensein einer überlebensgrossen Büste Philipps in Italien nie etwas verlautet ist , so ist die Thatsache doch ausser allen Zweifel gestellt durch eine Bittschrift jenes Bildhauers an das Handelsgericht beider Indien vom 19. September 1648 , die Cean Bermudez aus dessen Archiv mitgetheilt hat .",Late-Late,4
murmeltier,1454798,valisnieri T. II. S. 436. iacobaevs de Ranis. S. 71 . rai Wisdom of god S. 292. von den Bergmaͤuſen oder Murmelthieren der beruͤhmte Altmann vom Eismeere. S. 108 .,1470961,"Moorcroft , der das Land besucht hat , ist der Ansicht , daſs nur ein sprachliches Miſsverständnis Herodots die Verwechselung zwischen Murmeltieren und Ameisen veranlaſst habe .",Cross-Era,4
windspiel,4424425,"Windſpiel von edler Art , welches , wann der Haſe gefangen , alle Hunde abtreibt , und verhindert , daß er nicht zerriſſen werde .",4461984,"„ Hinweiſe auf das Mittelmeer , Donjons , Falkenjagd , Zelter , Windſpiele und König Renés Minnehöfe kannſt Du Dir ſparen , Krumhardt , “ ſagte Velten .",Cross-Era,1
eisenwerk,454904,"Schafhäutl nahm dafür am 13. Dezember 1836 in England ein Patent , und in England auf dem Tividale- Eisenwerk bei Dudley wurde dieser erste mechanische Puddler auch zuerst in Betrieb genommen .",4560111,Die Produktion der hannoverschen Eisenwerke betrug im einzelnen vom 1. Juli bis 1. Juli :,Late-Late,4
triebwerk,4450181,"Eben ſo wie unter allen Aufgaben der Naturforſchung keine mit mehr Richtigkeit und Gewisheit aufgeloͤſet worden , als die wahre Verfaſſung des Weltbaues im Groſſen , die Geſetze der Bewegungen und das innere Triebwerk der Umlaͤufe aller Planeten ; als worin die Newtoniſche Weltweisheit ſolche Einſichten gewaͤhren kan , dergleichen man ſonſt in keinem Theile der Weltweisheit antrift ; eben alſo , behaupte ich , ſey unter allen Naturdingen , deren erſte Urſache man nachforſchet , der Urſprung des Weltſyſtems und die Erzeugung der Himmelskoͤrper , ſamt den Urſachen ihrer Bewegungen , dasjenige , was man am erſten gruͤndlich und zuverlaͤßig einzuſehen hoffen darf .",1827961,"Auf ſolche Weiſe tritt an die Stelle der geiſtigen Weſen , deren vorſtellende Kraft und innere geiſtige Beziehung zu einander der Erklärungsgrund der verwickelten Formen der ſcheinbaren Bahnen und ihrer mechaniſch zuſammenhangsloſen Räderwerke geweſen waren , nachdem einmal durch den heliocentriſchen Standpunkt des Copernicus das Problem eine einfachere , durch Kepler eine genau präciſirte Faſſung erhalten hatte , der Mechanismus , dem Triebwerk Einer ungeheuren Uhr vergleichbar .",Cross-Era,3
sonnenlicht,1502308,"Welche Welt thut ſich vor ihm auf ; die Kuppeln und die Thürme blinken im Sonnenlicht , und als zöge man hinaus , um feſtlich einen Fürſten einzuholen , ſo ſchwimmt ihm die Meeres-Königin auf hundert Barken entgegen .",5069304,"Roſig glühten die Schneerieſen im Weſten , und ihre höchſten Häupter glänzten bereits im Sonnenlicht .",Late-Late,4
kartenspiel,352590,"Ja bey dem Cartenſpiele unſrer betrunkenen Knechte geht es viel friedlicher zu , als wenn ihrer zwey oder drey Geiſtliche bey meinem Herrn zuſammenkommen .",442080,"Wer an der Jagd mehr Vergnuͤgen findet als an einem Kartenſpiel , wird die Karten ohne Verdruß hinweg werffen , wenn ihm Gelegenheit gegeben wird ein Wildpret zu verfolgen .",Early-Early,4
wunderwerk,1589784,So wird dem Wunderwerk der Suspension- oder Brooklyn-Brücke bald ein zweites zur Seite gestellt sein .,1223644,"An umfaſſende Werke durfte er ſich ohnehin nicht wagen ; denn die künſtleriſche Compoſition großen Stiles gelingt meiſt nur der maſſiven Kraft der Arier ; ſelbſt die Wunderwerke orientaliſcher Kunſt , ſelbſt der Säulenwald der Moſchee von Cordova oder die ſchimmernden Tropfſteingewölbe der Alhambra bilden mit aller ihrer Pracht doch kein Ganzes .",Late-Late,4
sonnenuhr,646294,"Die ( 3 ) Sonnenuhren , die bey Sonnenſchein durch den fortruͤckenden Schatten eines aufgerichteten Stifts oder Zeigers die Stunden anzeigen , ſind auch gar alt ; und haben wir von ihnen in einem beſondern Artikel gehandelt .",3876824,"Der Heliotrop unten auf dem Rondell , um die Sonnenuhr herum , iſt mir lieber als Mentone . “",Cross-Era,4
ruhestand,3160240,Aber dieſes alles geſchiehet nach der Handels-Freyheit / und verhindert nicht / daß deßwegen der Friede und Ruheſtand erhalten werde .,3629746,"Der Weßir ſchiene durch dieſe Rede gleichſam aus dem Tode erwecket zu werden , ſo daß er den kuͤnſtlichen Luͤgenſchmied umarmete und zu ihm ſagte ; “ Wenn ihr dieſes goͤttliche Werk zu Stande bringet , und unſerm Reiche wieder zu dem erwuͤnſchten Ruheſtande verhelfet :",Early-Early,2
windspiel,3299198,"Dieſes merkt das ſcheuche Wild Das den ſchlauen Jaͤger fuͤrchtet und die Angſt von Herzen bruͤllt , Wenn das Windſpiel es verliert , es verkreucht ſich unter Hekken , Die mit einen friſchen Laub ſie in ſanften Schatten dekken .",968859,"Hetzen reithen , iſt mit Windſpiehlen auff das Feld reithen , einen oder mehr Haſen zu fangen .",Early-Early,4
feldzug,680798,"Simon Tharsi , einer der Makkabäer , war es , der , nach einem erfolgreichen Feldzug in Galiläa gegen die Syrer : » die dort wohnenden Juden sammelte und sie bestimmte , auszuwandern und sich samt und sonders in Judäa niederzulassen « .",5843307,"Er ſieht , daß die vorgeblichen Bundesgenoſſen ganz andere Pläne verfolgen als Preußen ſelbſt , daß Preußen für ſich bei dieſem diplomatiſchen Feldzuge nichts Weſentliches gewinnen kann ; er ahnt die Nichtigkeit der öſterreichiſchen Verſprechungen ; er begreift , daß aus dem Kampfe gegen Rußland nur Frankreich Vortheil ziehen wird .",Late-Late,4
rehbock,4424138,"Eine Gattung wilder Geiſe oder Ziegen , hat ein falbes ſtraubes Haar auf dem Ruͤcken , an den Seiten mit weiſſen Flecken , wenn es jung iſt . Jm Octobr. geht es in die Brunſt , da dann der Rehebock nur eine Geis bey ſich hat , die ſich allezeit zuſammen halten , bis die Zeit kommt , da ſie ſich ſetzen ſolle , alsdenn begiebt ſie ſich ziemlich ſeitwerts ab , aus Furcht , daß der Bock die Jungen umbringen moͤchte , ſo lange bis die Jungen ſelber freſſen koͤnnen , alsdenn kommt ſie wieder zu dem Rehebock .",2329966,"Es galt vor allem den Faſanen , aber auch Birkwild , Rebhühner , Rehböcke und Haſen ſollten zum Abſchuß kommen .",Cross-Era,4
sonnenuhr,2926089,"Jhr gemeinſchaftliches Jnſigne war eine Sonnenuhr an einer Saͤule ; Die Endten ſchwimmen , wie bey den andern , im Waſſer .",5516798,"Keine neue Erfindung , ſondern nur die Vervollkommnungen dieſer Gnomone ſind die Sonnenuhren .",Cross-Era,2
sonnenblume,4761478,"§. 3. Wer iſt groͤſſer als der HERR , er iſt wie die Sonne unter den Sternen , wie die Sonnenblum unter denen Margaritlein , oder kleinen Masbluͤmlein . Er iſt GOTT , alle Kraͤfften in der gantzen Natur und Creatur ſind geſchaffen durch ſeinen Willen ; O daß er nur groß und herrlich wurde in uns , wie waͤren wir ſo kleine Staͤubgen in unſeren Augen , wie erſtaunlich kaͤmen uns vor die Gnaden-Wunder , ſo der HErr in ſo gar kleinen , armen Wuͤrmlein wuͤrckt , daß er Sieg gibt uͤber Suͤnd , Tod , Teufel , Welt ; Daß es unmoͤglich iſt , daß ein Menſch groͤſſer , herrlicher , majeſtaͤtiſcher ſeyn koͤnne , als wann er dieſe Perle hat , er iſt uͤber alle Koͤnige und Kayſer weit erhaben , und iſt dieſer Perl Wuͤrckung , daß ſie Menſchen-Forcht vertreibt , und ſchaffet , daß man alles , was Geſchoͤpf heiſſet , nicht hoͤher und ehrwuͤrdiger haͤlt , als in ſo viel dieſe Perl dranſcheint .",787906,"Dann ſtellt der Herbſt , nicht minder praͤchtig , ein’ ungezaͤhlte Bluhmen-Schaar , Jn Tuberoſen , Sonnen-Bluhmen , Naſturtium und Malva , dar .",Early-Early,2
windspiel,4417657,Windſpiele braucht man Haſen und Fuͤchſe zu hetzen .,3887911,"Eines Abends , da ich mit demſelben aus einer Compagnie guter Freunde , da es ſchon ziemlich dunckel war , nach Hauſe ging , kam uns eine ſchwartz gekleidete Manns-Perſon entgegen , und ſtieß mich im Vorbeygehen mit einem Dolche in die Seite , lieff hierauf noch ſchneller , als ein Windſpiel ſort .",Early-Early,4
eifersucht,3727607,"Dieſes macht , daß keine Eiferſucht zwiſchen uns entſtehet , die uns erſt heimlich verdrießlich , denn neidiſch machen , und endlich in einen Widerwillen ausbrechen koͤnte .",5644098,ES ſind zwar einige den Criſpa nicht gefaͤllt ; Mir aber iſt ſie ſchoͤn / wie es mein Sinn vermeynet / Denn weil die Eyverſucht zur Liebe ſich geſellt / So ſeh ’ ich auch nicht gern / daß allen ſchoͤn ſie ſcheinet .,Early-Early,2
meerwasser,658176,"ſo beſtehen ſolche a ) in des Meerwaſſers ſalzigtem und bitterem Geſchmacke ; b ) in der Farbe des Meerwaſſers ; c ) in denen Bewegungen des Meeres , welche auſſer denen , ſo durch Winde und Stuͤrme verurſachet werden , mannichfaltig ſind , und von denen , ſowol die Ebbe und Fluth , als auch die Meerwirbel , oder Meerſtrudel die bekannteſten ſind .",4311305,Jch bekenne gern / daß die meiſte unſrer lehrer / welchen auch nicht eben gern widerſprechen will / ſolches alſo erklaͤhren / daß es nur eine bloſſe figuͤrliche tauff geweſen / da ſie mit der wolcken bedecket und beyderſeits mit dem meerwaſſer umgeben giengen / und das anſehen haͤtten / ob waͤren ſie allerſeits im waſſer :,Early-Early,4
kartenspiel,5723691,Wenn ſie das Kartenſpiel nicht vermeiden konnte :,5606458,"Das ursprüngliche Spiel des Kindes ist ganz und gar Phantasiespiel , während umgekehrt das des Erwachsenen ( Kartenspiel , Schachspiel , Lottospiel u. dergl. ) fast ebenso einseitig Verstandesspiel ist .",Cross-Era,4
stückwerk,2947983,"6. Obs wahr , daß , wo irgend bey einer Art Buͤchern , gewiß bey dieſen Sorten , wahr befunden werde : unſer Wiſſen iſt Stuͤckwerck , wo das , warum ?",3933097,"Wenn nun der neue Meiſter oder Stuͤckwercker das Meiſter-Stuͤck machen will , ſo muß er die Wolle und Materialia darzu , aus welchen er das Meiſter-Stuͤck zu verfertigen gedenckt , zuvor denen Aelteſten auffweiſen ; Hierauff verfertigt er ſolches bey dem Handwercks-Meiſter , und ſitzet gemeiniglich ( damit kein Unterſchleiff vorgehe ) das gantze Handwerck von Anfang biß zum End dabey , und zwar 3. Tage lang , weil ihme zu jeglichen Stuͤck ein Tag Zeit gegeben wird ; Da denn alle Tag zwey andere Meiſter zur Auffſicht zugeordnet , wenn die drey Tage vorbey , ſo muß alles fertig ſeyn .",Early-Early,2
stückwerk,4040020,8. Folglich wuͤrden ſich wahre Apoſtel JEſu CHriſtinicht auffhalten mit menſchen-lehren / neben- und ſtuͤck-wercken / vernunfftſchluͤſſen oder aus der vernunfft und ſchrifft zuſammen gemengten formen .,4499368,"Doch ſteht ſo viel feſt , daß er auch in dieſer Hinſicht den Spätern vorangieng und ein Hülfsmittel der Verdeutlichung einführte , welches in der neueſten Zeit häufig über alle Gebühr ausgedehnt benutzt der ohnehin ſchon durch unzuſammenhängendes Stückwerk ſchwerfälligen Litteratur einen weiteren Ballaſt anhängt .",Cross-Era,4
streitsache,1290364,"Die Kreuzprobe , vermutlich klösterlichen Ursprungs , erscheint zuerst in einem Kapitular Pippins als Beweismittel in einer Streitsache zwischen Mann und Frau . Karl der Groſse schrieb sie 779 als allgemeines Beweismittel der Meineidschelte vor; doch stand sie seit dem 9. Jahrhundert zur Wahl mit dem Zweikampf; schlieſslich galt sie nur noch als Notbehelf für furchtsame und schwächliche Leute , die nicht kämpfen wollen oder können , und für Streitsachen der Kirchen , bis sie endlich Ludwig I. in den Jahren 818/9 als Entheiligung des Leidens Christi verbot . Offenbar war der Versuch , durch die Kreuzprobe den Zweikampf zu verdrängen , in der Praxis kläglich gescheitert .",2874247,"Der Berliner Hof war aufs Aeußerſte erſtaunt , „ wie gerade im gegenwärtigen Moment , bei der bekannten Lage der braunſchweigiſch-hannoverſchen Streitſache , jene angekündigte Vertagung irgend für angemeſſen erachtet werden konnte “ .",Late-Late,2
grundfläche,4113023,Wann man ſie beyde in ihre Elementa zertheilet / ſo werden ſich derſelben eine gleiche Zahl gleicher Hoͤhe in allen beyden Figuren finden / weil dieſe Figuren gleicher Hoͤhe ſeynd / aber d. n. 527. ein jedes Element E. oder e. ſtehet zu ſeinem correſpondentē C. oder c wie die Grundflaͤche B. oder b. zu der Grundflaͤche D. oder d. nun aber ſetzen wir daß die Grundflaͤchen B. und D. einander gleich ſeynd / woraus folget d. n 70. daß dann auch die Elementa E. und C. einander gleich ſeynd / ſo ſtehet dann nur noch zu beweiſen / daß die Grundflaͤchen b. und d. auch einander gleich ſeynd / woraus folgen wird daß die Elementa e. und c. auch einander gleich ſeynd .,4113033,Eine Drey-Eckichte Eck-Seule kan in drey gleiche Eck-Kegel zertheilet werden / deren zwey gleiche Hoͤhe und Grundflaͤche mit der Eck-Seule haben .,Early-Early,2
eisenwerk,4211202,"Die andere Sorte brauchen die Schloͤſſer und Waffenſchmiede , allerley Eiſenwerck und Gewehr damit zu vergolden ; welches aber bey nahe nicht mehr gebraͤuchlich .",4568294,"L. Sebenius , Direktor der Nykroppa- Eisenwerke in Schweden , benutzte mit Erfolg das nicht neue Mittel der Schleuderkraft zur Herstellung dichter Güsse selbst für Geschützguſs ( 1890 , D. R. P. Nr. 52332 ) .",Cross-Era,4
seewasser,3000349,"Derselbe wird hierauf zum Auslaugen zusammengekratzt und dieses auf einer Art Filter bewirkt , durch Zuguss von Seewasser , dessen Salzgehalt dadurch ansehnlich steigt .",5523728,"Das Seewaſſer übt nun nicht nur auf die Beſtandteile der Bohne einen ſo nachteiligen Einfluß aus , daß ein ſolcher Kaffee faſt als ganz verdorben zu betrachten iſt , ſondern beeinflußt glücklicherweiſe auch die Farbe des Kaffees derart , daß derſelbe leicht als durch Seewaſſer beſchädigt zu erkennen iſt , oder — treffender geſagt — früher zu erkennen war .",Late-Late,4
rechtsstreit,3172758,"Und weilen er zwo ſchweſtern verliſe , deren die Eliſabet an Reinharten von Heuſenſtamm , und die andre Katharina an Joſt Rau zu Holzhauſen verheiratet waren ; ſo entſtand des waſſer-wiger-amtes halber zwiſchen diſen zwoen ſchweſtern ein rechtsſtreit , der vom kaiſer im jare 1559 zum behufe des Rauen entſchiden , und derſelbe 1582 mit ermeldten amte belenet wurde , ungeachtet die aͤltere lini der Weiſen von Feuerbach noch bluͤhete , und 1603 mit Caſpar Weiſen erſt verdorrete .",3164473,"Dargegen die beiſpiele aus dem hauſe Baden-Baden und Pfalz-Birkenfeld ꝛc. nichts fuͤrtragen ; ſintemal ſolche misheiraten , welche durch machtſpruͤche gebilliget worden ſind , nichts beweiſen , auch daher , daß die gevettern ſowol lehnsfolger , hier und da in ſelbige gewilliget haben , kein Reichsherkommen zu folgern iſt ; vilmer am tage liget , daß ſo oft dergleichen ungleiche ehen ohne der anverwandten , oder mitbelehnten einwilligung getroffen worden ſind , eine groſe irrung , und ein beſchwerlicher rechtsſtreit daruͤber ſich eraͤuget habe .",Early-Early,4
kreuzzug,4218765,Das Feldgeſchrey aber iſt aus den Creuzzuͤgen herzuleiten .,5631508,Die Paͤpſte hatten bey den veranſtalteten Kreutzzuͤgen nichts weniger zur Abſicht als die Vermehrung der Reichsprovinzen .,Early-Early,4
kreuzzug,4218426,"Jedoch kann es wegen der Creuzzuͤge der Capetinger und der uͤbergroſſen Gewalt ſeiner Vaſallen nicht zu Kraͤften kommen , und die aͤltere maͤnnliche Linie Philipps des Kuͤhnen ſtirbt mit Carl dem Schoͤnen 1328 . aus .",5468190,"So finden wir , daß man die Gebeine des Landgrafen Ludwigs , eines Gemahls der heiligen Eliſabeth , ausgekocht , von ihrem Fleiſch abgeſondert , auch der andern ihre , die auf den Kreuzzuͤgen geſtorben ; ſie hierauf nach Hauſe gebracht , wo ſie denn in den Kloͤſtern beygeſetzet worden .",Early-Early,4
salzwasser,5076909,Siede den Lachs in Saltz-Waſſer / mache eine Bruͤh mit geriebenem Lebkuchen / Malvaſier / Triſaneth / Pfeffer und Cardomoͤmlein / laſſe ſie ſieden / gieſſe darauf das Saltz-Waſſer von dem Lachs herab / hingegen dieſe daran / und ſiede es noch ein wenig untereinander .,1457929,"Daß Druͤſen von den Schlagadern ihr Salzwaſſer empfungen , und es den Flieswaſſergefaͤſſen wiedergeben , lehrt Hier . barbatvs de ſero et ſanguine und malpighi de hepate. S. 67 .",Early-Early,4
uhrwerk,2541855,"Demſelben aber einigen Schein zu geben , ſtellet man darinnen den Menſchen nach Leib und Seele , mit verlaͤugneter derſelben natuͤrlichen Vereinigung , vor , als ein gedoppeltes Uhrwerck , davon zwar ein iedes alles vor ſich allein in ſeinen Veraͤnderungen und Handlungen thue und leide , und zwar nothwendiger und unwandelbarer Weiſe , wie eines Uhrwercks Natur mit ſich bringet ; aber doch eines mit der andern in der genaueſten Harmonie ſtehe , welche man præſtabilitam nennet , und , damit auch GOtt bey dieſem neuen Syſtemate etwas zu thun habe , die præſtabilition GOtt zueignet .",479919,"So will der himmel doch ein uhrwerck aus mir machen , Wo der gedancken lauff an ſtatt der raͤder iſt .",Early-Early,3
triebwerk,5510277,"Die Einzeldurchbildung ist verschiedenartig ; jedenfalls wird man wünschen müssen , dass nicht allein ein beträchtlicher Theil des Triebwerks zwischen den Seitenwänden des Auslegers Platz findet , sondern auch die Steuerungstheile bequem zugänglich bleiben .",5512899,"Bei den Riemen der Triebwerke rechnet man wohl — wenn φ etwa 2 rechte Winkel misst — ef φ zu 2,4 .",Late-Late,4
sonnenuhr,3871262,"Es war ein wunderſchöner Tag ; der in einem zierlichen Beet um die Sonnenuhr herumſtehende Heliotrop blühte noch , und die leiſe Briſe , die ging , trug den Duft davon zu ihnen herüber .",3877084,"Auf dem Rondell hatte ſich eine kleine Veränderung vollzogen , die Sonnenuhr war fort , und an der Stelle , wo ſie geſtanden hatte , lag ſeit geſtern eine weiße Marmorplatte , darauf ſtand nichts als „ Effi Brieſt “ und darunter ein Kreuz .",Late-Late,4
hausstand,3865642,"Für den bekannten Buchhändler Nikolai bearbeitete er aus dem Franzöſiſchen eine Reihe damals beliebter ſatyriſchmoraliſcher Geſchichten , und dieſer lieferte ihm dafür die Mittel , mit der Schweſter Sophie und dem jungen Bildhauer Friedrich Tieck einen eigenen genialiſchen Künſtler- Hausſtand zu führen , in dem ſich auch der große Mime Fleck oft wohl fühlte .",1504654,"Er fing deshalb an auf Hausſtand und ſelbſtſtändige Wirthſchaftsführung zu verzichten und ſich ſtatt deſſen bei kleinen Familien auf dem Lande , denen ſein Rang und ſein Vermögen imponiren mochte , für länger oder kürzer in eine halb freundſchaftliche halb patroniſirende Penſion zu geben .",Late-Late,4
sonnenblume,3505814,"Jch weiß nicht , was ich thun wuͤrde , wenn Sie ein vernuͤnftig denkender Grieche waͤren , und ich eine wilde Scythinn ; ſo viel aber weiß ich , daß ich es lieber zufrieden bin , wenn die Welt in ihr erſtes Chaos zuruͤck faͤllt , als wenn ich mich , gleich einer Sonnenblume , nach Jhnen wenden und kehren ſoll .",644579,"Tourneſol oder Maurelle , genennet wird , und nicht , wie man etwann aus dem Namen ſchließen moͤchte , eine Gattung der in unſern Gaͤrten zu findenden Sonnenblumen , ſondern eine Gattung des von den Kraͤuterkennern ſo genannten Ricinoidos , oder , wie die neuern Kraͤuterkenner dieſe Art von Gewaͤchſen getauft haben , des Croton iſt .",Early-Early,2
tagewerk,4858277,"Fangen die fremden Wachteln vor Tages an zu ſtreichen , und hoͤren dieſe friſch ſchlagen , das Getraide iſt aber alles auf dem Felde weg , auſſer auf dieſem eintzigen halben Tagewerck , ſo fallen dieſelben Nacht-ſtreichenden Wachteln in dieſen Hafer , um den Tag daſelbſt zu verbleiben .",520155,"Das iſt der Gruß und Gegengruß auf dem Gebiete der Wiſſenſchaft , die brüderliche Genoſſenſchaft , die wechſelſeitige Handreichung bei dem gemeinſamen Tagewerke .",Cross-Era,3
triebwerk,3657468,"Bei x x ragt die Axe des Triebwerkes für die Schreibwalze hervor , die , wie Fig. 790 zeigt , für die vier Theilſtationen eine gemeinſame iſt .",1708247,"Es handelt ſich nur darum , die falſchen Eingriffe der Geſetzgeber , der unter ſich verſchworenen Kaufleute und Unternehmer in dieſes Triebwerk zu beſeitigen , alle Privilegien , falſchen bisherigen Handels- , Zoll- und Zunfteinrichtungen , die falſche Begünſtigung der Städte aufzuheben , dann kommt die Geſellſchaft zur Natur , zur Gerechtigkeit , zur Gleichheit zurück .",Late-Late,2
eisenwerk,662659,"Jn Anſehung der ( 2 ) Naturgaben iſt inſonderheit das Eiſen , welches der groͤßte Schatz des Reichs iſt , und ſonſt unter dem Preiße war , weil die Niederlage ehedem davon in auswaͤrtigen Handelsplaͤtzen geweſen , wieder in guten Preiß gekommen , nachdem man in Schweden ſelbſt das Eiſenlager errichtet ( §. 289. ) , und man hat dabey ſolche Einrichtungen gemacht , welche verhuͤten , daß der Preiß deſſelben nicht nach Belieben erhoͤhet , und dadurch die Aufnahme der auslaͤndiſchen Eiſenwerke befoͤrdert werden kann .",2667582,"Champane , ein Jndianiſches Schiff von ſechtzig biß achtzig Tonnen , welches ohne Raͤgel und einiges anderes Eiſenwerck gemachet iſt .",Early-Early,4
rechtsstreit,3163232,Mit der ſtadt Gieſſen hatten die adelichen zehntherren einen rechtsſtreit wegen des tobakzehntens .,2019235,"Bei dem bezeichneten Amtsgerichte muß das Geſuch angebracht werden , wenn der Rechtsſtreit noch nicht anhängig iſt .",Cross-Era,4
bergwerk,1912277,"Wollte man dem widerſprechen , Weil ein Bergwerk tiefer geht ; Rechne man : daß von der Flaͤchen Unſ’re Rechnung hier entſteht , Und nicht von der Berge Gruͤnden :",1315413,"Jeder Leſer , der nur etwas Einſicht und Erfahrung in die Bergwercke hat , der wird einſehen , daß dieſes Loͤbeginer-Gebuͤrge ein ſehr zerruͤttetes Floͤtz-Gebuͤrge ſey ; Man bemercket es beſonders an denen letztern Schichten , welche Keilweiſe brechen .",Early-Early,4
stockwerk,4964986,Die Beſchickung dieſer letzteren mittelſt Bahn erfolgt noch ein Stockwerk höher .,2554396,Mit ähnlichen Krahnen werden die Waaren bis in das zweite Stockwerk der Magazine gehoben .,Late-Late,4
grundfläche,4112898,Fig. 31. die von der Spitze auf die Grundflaͤche faͤlt .,3274946,"Es ſei a b c d die Grundfläche eines Walmdaches , e b und e c die Gratlinien ; Fig. 409 B , f g = die halbe Dachbreite und g i die Höhe des Daches , ſo iſt i f die Länge der Sparren und i h die Länge des Gratſparrens .",Cross-Era,4
rehbock,2091348,"Papa hat’n Rehbock geſchoſſen , ja !?",5100728,"Nämlich : in ſolche Paſteten thut man das Allerbeſte hinein : Rebhühnlein , Faſanen , Spanferkeln , Knödl mit Sauerkraut , Haſen , ganze Rehböck und oft die beſten Süßigkeiten mit allerhand Obſt und geſchnittene Nudel dazu mit chineſiſchem Pfeffer .",Late-Late,4
sonnenschein,2058278,"Beiderseits lag hoher schweigender Wald , der Fluss schimmerte im Sonnenschein , nichts Lebendiges regte sich im weiten Umkreis , und hier oder da nur gaukelte ein gelber Schmetterling vorüber .",5428706,"Ja freilich , das ſagte ſchon der weiſe Salomo oder Sirach , wenn man da liegen und ſchlafen ſoll , ſo kommen Einem die Gedanken , die man des Tages bei Regen und Sonnenſchein auf der Landſtraße vertreten hat , und leiden es nicht .",Late-Late,4
feldzug,2404120,"Nun aber hielt ich damals , in leichtgläubigem Verlass auf die allgemeine Annahme spanischer Kunstscribenten , diess grosse Gemälde für jenes von Palomino beschriebene Porträt , welches Velazquez nach urkundlichen Zeugnissen fast zehn Jahre später , während des Feldzugs von 1644 in Fraga aufgenommen hatte .",680798,"Simon Tharsi , einer der Makkabäer , war es , der , nach einem erfolgreichen Feldzug in Galiläa gegen die Syrer : » die dort wohnenden Juden sammelte und sie bestimmte , auszuwandern und sich samt und sonders in Judäa niederzulassen « .",Late-Late,4
zeughaus,4417551,"Neben ſolchem Jaͤger-Haus gehoͤret ſich an der einen Seite ein langer Hunde-Stall , mit ſeiner Kuͤche , Brot-Kammer , Wohnung der Hunde-Jungen , und gehoͤrigen Hunde-Zwingern und an der andern Seite das Zeughaus .",5091841,"Etiam hîc Dii ſunt , ſagte jener Heiduiſche Weltweiſe / da laſſet ſich mit Haͤnden greiffen die unermaͤßliche Allmacht / Weißheit / und Guͤte Gottes ; auf denen Alpgebirgen kan man die Naturwunder beſehen / gleich als in einer wolverſehenen Ruͤſtkammer / oder Zeughauß .",Early-Early,4
bildhauer,2637247,34. Es hat nemlich nicht alles Holtz einerley Eigenſchafften. Vitruvius ( lib. 2. c. 9 ) mercket an / daß das Taͤnniñe fein grade bleibe / aber leicht wurmſtichicht werde / und ſich geſchwinde entzuͤnde ; das Eichene in der Erde wohl daure / und im Waſſer faſt zu Stein werde / aber ſich leicht in die Kruͤmme ziehe / und Rietze gewinne ; Pappein und Linden ſehr weich ſeyn / und dannenhero den Bildhauern zu Schnietzwerck dienen ; Die Erle in ſumpfichtem Boden ſich wohl halte / und ungeheure Laſten trage ; Cypreſſen und Fichten ſich leicht ſencken .,2403432,Der Bildhauer Martinez Montañes .,Cross-Era,4
zitronensaft,2770410,Zuletzt wird mit Eſſig oder Eſſigſäure oder Citronenſaft aviviert .,4641133,"Ich riet , mit dem Kaffee und Citronenſaft fortzufahren , und empfahl dabei ein heißes Fußbad ; dann wollte ich wieder gehen .",Late-Late,4
wunderwerk,3135504,"Sie rieffen uns beyde Zuruͤckgebliebenen dahin , um dieſes angenehme Wunderwerck nebſt deſſen Bequemlichkeit mit uns zu theilen , da wir denn ſo gleich einſtimmig bekennen muſten , daß dieſes kein von der Natur , ſondern von Menſchen-Haͤnden gemachtes Werck ſeyn muͤſſe , denn die Zacken waren oben allzukuͤnſtlich , als ein Gewoͤlbe zuſammen geflochten , ſo daß , wegen des ſehr dick auf einander liegenden Laubwercks , kein Troyffen Waſſer durchdringen konte , uͤber dieſes gab der Augenſchein , daß der Baumeiſter vor dieſen an 3en Seiten rechte Fenſter-Loͤcher gelaſſen , welche aber nunmehro gautz wild verwachſen waren , zu beyden Seiten des Eingangs hingegen , ſtunden 2. oben abgeſaͤgte Baͤume , deren im Bogen geſchlungene Zweige ein ordentliches Thuͤr-Gewoͤlbe formirten .",1215209,"Die grossen Entdeckungen von Columbus , Vasco di Gama , Magalhães u. s. w. sind alle schon eine Frucht exakter wissenschaftlicher Arbeit. Toscanelli ( geb. 1397 ) , der Ratgeber des Columbus und vermutliche Urheber seiner Reise nach Westen , war ein sehr tüchtiger , gelehrter Astronom und Kosmograph , der die sphärische Gestalt der Erde zu beweisen unternahm und dessen Karte des Atlantischen Ozeans , die Columbus auf seiner ersten Reise benutzte , ein Wunderwerk des Wissens und der Intuition ist .",Cross-Era,3
rehbock,5211155,"Der Jäger , welcher an zwei verſchiedenen , neben einander im Dickicht gelegenen , Stellen Geräuſch hört und weiß , das eine rühre von einem Rehbock , das andere von einem Treiber her , aber nicht welches , und nun nach der Stelle des einen Geräuſches , oder auch in der Richtung der beiden Geräuſche , ſchießt , ſo daß er gerade ſo gut den Treiber wie das Thier treffen kann , hat unerachtet dieſer gleichen Wahrſcheinlichkeit , wenn er den Treiber trifft , nur für culpa einzuſtehen .",2091341,"Det wees ick ſchon , ’n Rehbock is det !",Late-Late,2
triebwerk,2420288,"Und die Adern die dran ſizzen , Siehet man beſtaͤndig ſprizzen Durch ein Triebwerk das ſtets geht , Bis zum Todt nicht ſtille ſteht .",3657789,"Uhren , welche ein ſelbſtſtändiges Triebwerk beſitzen und nur innerhalb gewiſſer Zeiträume durch Einwirkung elektriſcher Ströme gerichtet werden , nennt man Secundäruhren oder , wenn die Richtigſtellung alle Stunden erfolgt , Stundenſteller .",Cross-Era,4
streitsache,330841,"Jn der 1. Diſſert. leſen wir 1 ) das Jnſtrument , ſo Ulrich Helmasperger , ein Kayſerl. Notarius , wegen der Streitſache Jacob und Johann Fauſts an einem Theil , und Johann Guttenbergs am andern Theil verfertiget .",4308465,"6. Wo uͤber ſolche dinge unter Paſtore und Diacono ſtreit entſtehen / und ſie nicht mit beyderſeits gutẽ belieben freundl . beygelegetwerdẽ koͤñen / ſo zwahr allezeit das Chriſtlichſte iſt / ſo iſt weder Paſtor noch Diaconus in der eigenen ſache richter / ſondern ſie haben die entſcheidung anderwerts her zu erwarten : entweder von der geſamten kirchen / welche art die beſte und der ordnung Chriſti die gemaͤſſeſte iſt / daß die geſamte gemeinde in den ſachen urtheile / wie viel von jeglichem / dem ſie die gewalt uͤber ſich gegeben / und in was ordnung ſie verwaltet haben wolle / odeꝛ in anderer verfaſſung unſerer kirchen voꝛ dem Conſiſtorio , oder der obrigkeit / zu dero gewalt auch in gewiſſer maaß das urtheil in dieſen euſſerlichen ſtreitſachen gehoͤret / ſo aber billich auch dabey andere ihreꝛ miniſtrorum odeꝛ unpartheyiſche prediger um ihres gewiſſens verwahrung willen mit zu rath zu ziehen hat .",Early-Early,2
stückwerk,3485351,Cupido hat allhier ein Stuͤckwerck angefangen / Das zarte Fell bedeckt / das Roſ’ und Purpur pocht / Wie wenn der Wolcken Schleyr zu Troſt erdurſter Frucht Im heiſſen Sommer wird der Sonnen vorgehangen .,1711530,"Die Arbeit des Mannes in Staat und Volkswirtſchaft mag dabei als die bedeutungsvollere erſcheinen ; ſie iſt doch für jeden einzelnen Mitarbeiter ein arbeitsteiliges Stückwerk , deſſen Reſultate das Individuum oft gar nicht , oft erſt ſpät überſieht .",Cross-Era,2
bildhauer,2205909,"„ Auch ein Gaumen und Magen kann in beglückenden Zukunftsbildern ſchwelgen , ‟ rief der Kaiſer u. ſ. w. Der Weltbeherrſcher ſcheint den aufgewärmten Kohl bei „ Frau Doris ‟ , des Pollux Mutter , wirklich verzehrt zu haben , denn er ſagt ſpäter einmal , da er mit dem Bildhauer in ein Wirthshaus geht : „ Jch ſchulde dir ohnehin noch eine Mahlzeit für das Kohlgericht deiner Mutter . ‟",5683371,"Die Kaſſenbeſtände der Organiſationen ſind gleichfalls ſehr minimal , wenig Pfennige kommen durchgängig auf den Kopf des Mitgliedes und nur die Organiſationen der Buchdrucker , Bildhauer und noch einige andere beſitzen größere Kapitalien .",Late-Late,4
tagewerk,3398847,"Jn deiner Liebſten Angeſichte Da laͤchelt Dir Zufriedenheit , Allwo bey jugendlichem Lichte Beſcheiden ſpielt die Sittſamkeit ; Jn dieſem Spiegel frommer Jugend Erblickeſt Du nur reine Tugend , Ein redlich Weſen ohne Schein , Willſt Du von ihren Tagewerken Noch ein poetiſch Gleichniß merken , So bilde Dir die Bienen ein .",3398473,"Wo das Jahr in ſeiner Fuͤlle Und des Fruͤhlings bunte Pracht Ein gelobtes Land bemerken , Wo des Himmels Ueberfluß Den beſchwitzten Tagewerken Hundertfaͤltig lohnen muß !",Early-Early,4
feuerwerk,6105683,Abends ist Feuerwerk .,1482680,"Von einer zunftmäſsigen Verfassung , wie sie den Meistern der Fechtkunst vom Kaiser Friedrich III. erteilt wurde , ist in den benutzten Werken keine Erwähnung vorhanden , wohl aber , daſs der zum Meister sich ausbilden wollende Geselle bei den Koriphäen seiner Kunst herumreist , um dort zu lernen , wie Meister Hans aus München ( 1502 ) erzählt , bei welchen Meistern er das Feuerwerk , das Pulvermachen , den Schuſs aus den Büchsen , das Werfen aus den Mörsern und endlich das Sprengwerk erlernt habe .",Late-Late,2
sündenfall,444508,"Wir ſitzen von Natur in Finſterniß und Schatten des Todes gefangen , wir ſind nach dem Suͤndenfall aus dem angenehmen Eden in ein betruͤbtes und unangenehmes Land verwieſen .",1210271,"Und bezüglich des Sündenfalles verweise ich ihn auf Luther , welcher schreibt :",Cross-Era,4
ziegenbock,1272121,"Alphons , du alter Ziegenbock , Komm her , Lenorgen , ſchoͤne Tock , Herr Silvio , geht aus dem Wege , Nun werden alle Geiſter rege .",4407653,"Die Chaldaͤer hatten den Loͤwen , die Perſer den Parder , die Griechen den Ziegenbock , die Roͤmer den Adler ꝛc .",Early-Early,4
meerwasser,2980274,"Kjellman hat während der Ueberwinterung auf Spitzbergen 1872/73 mehr als 20 Arten von Seetangen mit deutlicher Reproduktionsthätigkeit mitten in der Polarnacht unter dem Eise in — 1 ° bis — 2 ° kaltem Meerwasser beobachtet ( G. J. , Bd. VII. S. 174. ) .",1398110,"Drei fernere Reihen derselben Bleche wurden zwischen den Röhren des Wasserraumes von Marinedampfkesseln so aufgehängt , dass sie mindestens 30 cm unter der Wasserlinie blieben ; und zwar befanden sich die Bleche einer dieser Reihen solcherart 361 Tage im Kessel eines Ostindienfahrers , in welchen zum Erschweren des Rostens Zink eingelegt wurde und welcher nur selten entleert wurde ; die Bleche einer zweiten Reihe hingen in gleicher Weise 264 Tage hindurch im Kessel eines Chinadampfers , der , ohne Benutzung von Zink , an jeder Endstation abgeblasen und frisch mit Meerwasser gefüllt wurde ; die letzte Reihe Bleche endlich reiste 336 Tage hindurch im Kessel eines Küstendampfers , welcher sein Speisewasser aus einem Theile des Flusses Tyne erhielt , welcher durch die Abflusswässer einer grossen chemischen Fabrik stark verunreinigt und angesäuert war .",Late-Late,3
seewasser,4503468,"An die Aurata reiht er zunächſt andere mit Schuppen verſehene , an den Ufern ſich aufhaltende Seefiſche , Pagrus , Cantharus u. a. Von dieſen geht er auf die in dem reinſten Seewaſſer in der Nähe von Felſen und Riffen lebenden Schuppenfiſche über , welche ſchon Galen als saxatiles bezeichnet und ihres beſonders geſunden Fleiſches wegen gerühmt hatte .",1092441,"Der Missionär Zucchelli beschreibt an der Küste von Congo das Verfahren der Eingebornen Seewasser abzudampfen , doch sind wir nicht sicher , ob diese Erwerbsart des Salzes schon vor der Niederlassung von Portugiesen dort in Gebrauch war .",Late-Late,4
ziegenbock,4416913,"Dieſes Wappen hat 5 Helme ; der erſte hat 2 ſilberne Buͤffels-Hoͤrner mit gruͤnen Zweigen beſtecket , als der Heßiſche ; der andere iſt der Hirſchfeldiſche , und hat einen Pfau- Schwantz ; der dritte als der Ziegenhayniſche , hat einen ſchwartzen Ziegenbock mit ſchwartz und Gold getheilten Fluͤgeln ; der vierte als der Catzenelnbogiſche , zeiget 2 ſchwartze Fluͤgel mit Gold eingefaßt , darauf ein blau gecroͤnter Leopard ſtehet , der fuͤnffte iſt der Schaumburgiſche , und traͤgt zwiſchen zwey weiſſen oben mit Pfau-Federn gezierten Staͤben 5 Faͤhnlein mit dem Neſſel- Blatte .",989681,was ſeh ich / Pickelhaͤring und ſein vater / ihr alter ziegenbock / was faͤhrt euch vor eine freude in die achſel ?,Early-Early,4
zeughaus,2592449,Viele Gewehre gingen nach Ungarn und das polnische Zeughaus zu Krakau enthielt viele Tausende davon .,2598483,"2 eiserne , geschmiedete Scharpentinen ins Zeughaus zu 22 Thlr . gleich 75 fl. 12 Gr .",Late-Late,4
gesichtszug,6109743,"Er war ein ſehr ſtattlicher Mann , jetzt wol Anfang der Vierziger , und die ihm innewohnende Energie prägte ſich in ſeinen Geſichtszügen aus .",4700642,Sie war mächtig aufgeſchoſſen und ihre Geſichtszüge hatten eine ſcharfe Deutlichkeit angenommen .,Late-Late,4
feuerwerk,2201293,"Moͤgte doch der Schoͤpfer dieſes auch nicht minder Wunderſchoͤn , Als ein geiſtig Feuer-Werck , Jhm zur Ehre , brennen ſehn !",5407929,Ein Feuerwerk beschloss den Abend .,Cross-Era,4
rechtsstreit,1288865,"So in einer Erzählung über einen Rechtsstreit , welcher in der Zeit Ludwigs I. zwischen den Kirchen von Fleury und Saint Denis entbrannt war .",2017898,"Der Nebenintervenient muß den Rechtsſtreit in der Lage annehmen , in welcher ſich dieſer zur Zeit ſeines Beitritts befindet ; er iſt berechtigt , Angriffs- und Vertheidigungsmittel geltend zu machen und alle Prozeßhandlungen wirkſam vorzunehmen , inſoweit nicht ſeine Erklärungen und Handlungen mit Erklärungen und Handlungen der Hauptpartei in Widerſpruch ſtehen .",Late-Late,4
kinderspiel,5166908,"Du komſt ſtets naͤher zu dem Ziele , Was ſoll denn deine Eitelkeit , Denk an den Schatz der Ewigkeit ; Verlaß die guͤldnen Kinderſpiele Die Klumpen dikke Erden Goͤtzen , Die nur ein Schein der Augen ſind , Und in der That nur Erd und Wind :",987740,Und waͤr es kinder-ſpiel / ſo wuͤrden nicht die alten Auf dieſe leckerey ſo groſſe ſtuͤcke halten .,Early-Early,4
kartenspiel,986774,Das umgekehrte kartenſpiel .,2066696,Natürlich wurde der Sold im Kartenspiel verjubelt .,Cross-Era,4
kreuzzug,1216453,"Kreuzzüge , die 333 , 665 , 818 .",684004,"Zu gleicher Zeit von zwei Seiten unaufhörlich bekämpft und bedrückt und zertreten — von den orthodoxen Serben und von den stets jedem Wink des römischen Papstes gehorsamen Ungarn — , die blutigen Opfer also eines ununterbrochenen zwiefachen Kreuzzuges , hielt dieses kleine Volk an seinem Glauben durch Jahrhunderte fest ; die Gräber seiner bogumilischen Helden zieren noch heute die Bergesspitzen , wohin die Leichen , der zu befürchtenden Schändung wegen , hinaufgetragen wurden .",Late-Late,4
tagewerk,519334,"Darum iſt der ſcheinbar Freiſte der am meiſten Gebundene und der in Muße Schwelgende entbehrt ihrer am meiſten ; denn ſeine Arbeit hat keinen natürlichen Ruhepunkt , ſein Tagewerk keinen Feierabend .",5845344,"„ Mein Tagewerk iſt vollendet , Paris iſt mein !",Late-Late,4
brunnenwasser,1459706,"Allein dieſer Weiſe hat hierdurch gewiß nichts weiter ſagen wollen , als daß man Mangel an Waſſer leiden wuͤrde , wenn das Rad an den Brunnen zerbrochen waͤre , vermittelſt deſſen man in Egypten und dem gelobten Lande das Brunnenwaſſer herauszuziehen pflegte , wovon uns auch die neuern Reiſebeſchreibungen deutliche Nachrichten ertheilet haben .",5090370,Das Waſſer iſt gleiches Geſchmaks / und von der Lauterkeit / wie ein anders Brunnenwaſſer / wann man es aber ſiedet / ſo wird es endlich Milchweiß / wegen Vielheit der vermiſchten irꝛdiſchen mineral theilchen / welche anfangs ſo zertheilt ſeyn / das ſie nicht unter das Geſichte kommen / erſt dannzumahl aber naͤher zuſamenkommen / und ſichtbar werden / wann viel Waſſertheilchen außgerauchet / und die uͤbrigen ſie nicht mehr halten koͤnnen / weßwegen ſie auch zu Boden ſinken / und den Badſtein abgeben .,Early-Early,3
sonnenblume,3505814,"Jch weiß nicht , was ich thun wuͤrde , wenn Sie ein vernuͤnftig denkender Grieche waͤren , und ich eine wilde Scythinn ; ſo viel aber weiß ich , daß ich es lieber zufrieden bin , wenn die Welt in ihr erſtes Chaos zuruͤck faͤllt , als wenn ich mich , gleich einer Sonnenblume , nach Jhnen wenden und kehren ſoll .",913799,"Sie fertigte ihm Röckchen und Wämschen , drehte Blumen aus den hellen Locken , die ich ihm jedes Jahr für ſie abſchneiden mußte , verflocht ſie mit einem Goldfädchen ihres eignen Haars , auch wohl mit einem anderen , das ſie einem theueren Erinnerungszeichen entwand , und nannte ſie ihre Sonnenblumen .",Cross-Era,4
streitsache,2018498,"1. wenn während der Dauer der Rechtshängigkeit von einer Partei die Streitſache anderweit anhängig gemacht wird , ſo kann der Gegner die Einrede der Rechtshängigkeit erheben ;",1284240,"Der König konnte nämlich jede Streitsache mit Umgehung des Volksgerichtes an seinen Hof ziehen , so daſs das nachmals sogenannte ius evocandi der deutschen Reichsgerichte zwar nicht dem Namen , aber der Sache nach schon in der fränkischen Zeit vorhanden war .",Late-Late,4
rehbock,965947,"Item ſoll nach dem Ziehl ſchieſſen mit Puͤrſch-Roͤhren , oder Flinten , mit Kugeln oder Schroth , oder ſich im Lauffen und Flug- Schieſſen exerciren ; oder ſoll lernen Netze ſtricken , auszubeſſern , item allerley Voͤgel zu locken , als wie die Enten , Reyer , Kiewitz , Ringel-Tauben , Blau-Tauben und dergleichen , item den Reh-Bock auffs Blat zu locken , einen Fuchs zu qvaͤcken , oder Haſen zu locken , und was ſonſt mehr noͤthig iſt .",962460,"Den 28. Aprilis vorigen Jahres ſchickte mir der Herr Graff von Solms , auff Sonnenwalde , von welchem ebenfalls nachfolgenden Rehbock erhalten , einen jaͤhrigen Kaͤuler durch einen ſeiner Unterthanen zur Anatomie , und ob wohl es auſſer der Zeit , ſo haben Sie doch hoͤchſtruͤhmlich dieſes loͤbliche Werck auch zugleich mit befoͤrdern wollen , wovor nochmahls mit allem Danck hoͤchſt verbunden bin .",Early-Early,2
sonnenblume,4638951,"Thue Zucker und Butter dazu , rühre klaren Käſe und geſchnittenen Knoblauch hinein und füge zerdrückte Maulbeeren und weichgequollene Kerne von Sonnenblumen hinzu .",2404018,Auch das Bildniss mit der Sonnenblume ( Nr. 440 ) hiess früher spanische Schule und ist ebenfalls mailändisch .,Late-Late,4
sonnenstrahl,1591259,"Ein kurzer Blick auf die Karte unterrichtet uns über deren tropische Lage vom 10. Grad nördl. Br. bis über den Wendekreis des Steinbockes , allwo in fast ununterbrochener Gleichmässigkeit der Nordostpassat über die See und die Inseln streicht und die Glut der fast senkrecht einfallenden Sonnenstrahlen lindert .",3309555,"Weil aber manche davon noch von Waſſertropfen wie mit kleinen Glaskügelchen verſchloſſen waren , ſo ſchimmerten ſie in den Sonnenſtrahlen bläulich oder röthlich , und Don Correa , der ein Sternkenner und Aſtrologe war , betrachtete die Erſcheinung ſogleich mit Aufmerkſamkeit als ein bedeutſames Spiel des Zufalls .",Late-Late,2
wortspiel,3510282,"NUn muß ich auch auf die Wortſpiele kommen ; die vorzeiten uͤberall ſo beliebt geweſen , zu unſern Zeiten aber gantz laͤcherlich geworden .",314115,"Lange zweideutige Dialoge in den Volksſcenen , die von Witz und Gedankenfülle ſprudelten , mußten zurückbleiben Die Spitzen der Wortſpiele mußten abgeſtumpft werden , oder durch aushelfende dumme Redensarten , die ich hinzuſetzte , krumm gebogen .",Cross-Era,4
mauerwerk,4212527,"Denn da iſt der Salpeter de Houſſage , welcher von abgekratzten Mauerwerck bereitet wird , und durch Eßig gehen muß : der zweyte iſt der aus Erde bereitete Salpeter , ſo aber zu fuͤhren verboten : der dritte iſt der gemeine , und aus Stein und Aſche gemacht , wird von den Salpeterſiedern Salpeter vom erſten Waſſer , oder zum erſten mahl gekochter Salpeter genennet .",1354373,"Durch dieſe Strucktur ( welche wir hier des geringen Raumes wegen nicht wiedergeben können , und daher auf das betreffende Blatt in dem genannten Specialwerke verweiſen müſſen ) gelang es auf ſehr ſinnreiche Weiſe , den Zwickelring , welcher die Zwickelgewölbe abſchließt und den inneren Umgang trägt , von der Laſt des Kuppelbaues zu befreien , zumal in der Detailausführung des Mauerwerks auf die Richtung des Druckes bei Anordnung der Lagerfugen im Mauerwerk möglichſt Rückſicht genommen wurde .",Cross-Era,4
kinderspiel,992225,Drum weil die liebe zeit durch honig-ſuͤſſe raͤncke Jn unſrer jungferſchafft die blume brechen wil / So fuß er neben mir ein corpo und bedencke / Die liebe ſey ein ſtrick und nicht ein kinderſpiel .,435322,Jn welcher Verwirrung er ſo wol die Princeßin / als den verborgenen Printzen gelaſſen hatte / der in ſolcher Angſt geweſen / daß er dekennete / es ſey vor ſeinem Feinde zu erſcheinen ein Kinderſpiel zu achten / gegen dieſem / da man einer Perſon begegnen ſoll / derer Mund unſer Tod und Leben auff der Zunge fuͤhret .,Early-Early,4
sonnenuhr,646320,"Es ſoll aber ein Uhrmacher ( naͤchſt der Wiſſenſchaft die Metalle zu tractiren , und ſeinen in Verfertigung ſeiner Kunſtwerke erforderten Handgriffe , vornehmlich in kuͤnſtlichem Drehen , und accuraten Abtheilen und Einſchneiden der Raͤder ) auch die Zeichenkunſt , ingleichen die Aſtronomie , ferner die Gewicht- und Rechenkunſt , das Graviren oder Stechen , die | Gnomonik oder die Kunſt Sonnenuhren zu machen ꝛc. verſtehen .",3873189,"Sie ſaßen dann oben in der luftigen , großen Stube , Roswitha wiegte das Kind und ſang in einem thüringiſchen Platt allerlei Wiegenlieder , die niemand recht verſtand , vielleicht ſie ſelber nicht ; Effi und Frau von Brieſt aber rückten ans offene Fenſter und ſahen , während ſie ſprachen , auf den Park hinunter , auf die Sonnenuhr oder auf die Libellen , die beinahe regungslos über dem Teich ſtanden , oder auch auf den Flieſengang , wo Herr von Brieſt neben dem Treppenvorbau ſaß und die Zeitungen las .",Cross-Era,4
trauerspiel,3863776,"Wie gefiel dieſes ſo bitter getadelte Trauerſpiel in Karlsruhe , als Mad. Neumann , kaum achtzehn Jahre alt , die Bertha ſpielte !",3861636,"Klaſſiſche Stücke — d. h. Trauerſpiele dürfen wir zwar nicht geben , doch das wird ſich finden .",Late-Late,2
ziegenbock,4094775,"Nun das Dritte , das war „ Bacchus auf dem Ziegenbock “ im Grünen Gewölbe und der ſich „ kratzende Hund “ von Peter Viſcher . “",1478507,"Thor fuhr auf einem mit Ziegenböcken bespannten Wagen und ihm wurden besonders Ziegenopfer gebracht , deshalb sieht auch der mittelalterliche Teufel einem Ziegenbocke ähnlich , hat Hörner , einen Bocksbart und ein haariges Fell , ja sogar den Bocksgeruch .",Late-Late,4
heerführer,1383551,"Im Uebrigen aber waren ſie für Georgien das , was die Mamigonier für Armenien waren , Heerführer und Palladine .",1482159,"Es war die Waffe der ägyptischen Pharaonen in der Schlacht , wie die der assyrischen und persischen Heerführer .",Late-Late,2
sonnenlicht,1343717,"Die schlechte Methode , welche während des ganzen vorigen Jahrhunderts und eines Theiles des gegenwärtigen bestand , dass man mit mässigen Instrumenten im vollen Sonnenlicht beobachtete , brachte fast in allen mikroskopischen Objecten eine gewisse Dispersion des Lichtes und der Beobachter bekam den Eindruck , als sähe er weiter nichts als Kügelchen .",2543826,"Er begriff nicht , was die ſchmalen , ſchwarzen , vom Sonnenlicht erwärmten Schienen zu bedeuten hatten .",Late-Late,4
stockwerk,915012,"Als ich mich dem Faber'ſchen Hauſe näherte , fand ich das Straßenpflaſter mit Stroh belegt und bemerkte , daß die Vorübergehenden gruppenweiſe zuſammentraten , oder mit Neugier nach dem matterleuchteten erſten Stockwerk deuteten .",1756399,"Iſt doch alles „ Geiſtige “ in unſerem bewußten Sinne nur ein höheres Stockwerk innerhalb unſerer Geſamt-Individualität , — ein Stück höher projizierten Leibes ſelbſt .",Late-Late,4
trauerspiel,3865410,Sind Sie je in ſeinem Trauerſpiel :,5266841,Ist nicht verletzte Eitelkeit die Mutter aller Trauerspiele ?,Late-Late,4
brunnenwasser,5865823,Wird alſo dafuͤr gehalten / daß man an ſtatt der einfachen Brunnenwaſſer mit viel groͤſſern Nutzen ein Saurwaſſer / ſo aber friſch und ohnlaͤngſt geſchoͤpfft / auch wohl verwahrt ſeyn muͤſte / brauchen koͤnte :,2544045,"Sie legte Handtücher in eiskaltes Brunnenwaſſer und erneuerte ſie , ſobald die brennende Stirn des Bewußtloſen ſie durchhitzt hatte .",Cross-Era,4
stückwerk,4764888,Nein : Er ſpricht einfaͤltig klat hinweg mit kurtzen Worten : Kommet zu mir : Lieber ! haltet eure Seelen nicht lange mit dem Stuckwerck auf :,2456827,Im Ganzen aber blieb die Ausbildung Stückwerk .,Cross-Era,4
kartenspiel,2907077,"Es muß ein ieder Soldat ſeines Landes-Herrn geſamte commandirende Generalitaͤt als ihm ſelbſt ehren , und auf keinerley Weiſe ſich ihnen widerſetzen , ſo lieb ihnen abermahls ihre Ehre , Leib und Leben iſt , die Salva-Guardes und Schutz Briefe , ſo von dem Landes-Fuͤrſten ſelbſt , als auf Ordre von dero Generalitaͤt , ausgeſtellet werden , reſpectiren , denen Ober- Officirern , vom unterſten biß auf den hoͤchſten , ſie ſeyn von demſelben oder einem andern Regiment , mit allen gebuͤhrenden Reſpect und Gehorſam begegnen , alles duelliren , Schlaͤgereyen oder auch andere unfertige Haͤndel , bey einer Lebens- oder andern peinlichen Straffe vermeiden , ſich vor dem Kartenſpielen oder Wuͤrffeln , bey Straffe der Spieß-Ruthen , huͤten , nach dem Zapffen-Schlage in ſeinem Quartier finden laſſen , zur Arbeit , es ſey im Felde , Belagerungen oder Guarniſon , willigſt und zu rechter Zeit einfinden , bey beſetzter Wache , inſonderheit Nachtſchlaffender Zeit , keinen unnoͤthigen Allarm machen , die Wache nicht verſaͤumen , auf der Schild-Wache nicht ſchlaffen , oder vor der Abloͤſung weggehen , ſich den Wachthabenden Officirer oder ſonſt iemand an der Wache , ſie ſeyn von des Landes-Fuͤrſten oder fremder Potentaten Trouppen , wenn ſie mit einander auf Commando ſtehen , in Verrichtungen , darzu er commandiret wird , nicht widerſetzen , zum Marche und Commando auf die gewoͤhnlichen Sammel-Plaͤtze , ſobald darzu angeſchlagen wird , einfinden , die Zug-Ordnung richtig halten , von der Fahne nicht abſentiren , und dahinten bleiben , in Schlachten , Scharmuͤtzeln , Stuͤrmen , oder bey was Gelegenheit es immer wolle , die Flucht nicht ergreiffen , und ſeinen Poſten und Schild-Wache oder andern Herren-Dienſt , der ihm anbefohlen iſt , nicht verlaſſen , noch weniger gar etwan meyneydiger Weiſe deſertiren , mit dem Feinde nicht muͤndlich oder ſchrifftlich correſpondiren , oder demſelben die Loſung offenbahren , alle verdaͤchtige Rottirungen , Zuſammenkuͤnffte und Berathſchlagungen meiden , ohne Conſens der Ober-Officirer keine Sponſalien oder Ehen celebriren , ſeinen Wirth , Wirthin oder Geſinde nicht ungebuͤhrlich tractiren , ſein Gewerbe , Waffen und Kleidung , auch alles andere , was zur Herren-Montur gehoͤrt , nicht wegwerffen , muthwillig verderben , verſetzen , verkauffen , oder aufs Spiel bringen , ohne Vorwiſſen der Ober- Officirer keine unnoͤthige Schulden machen , niemanden , weder auf dem Marche noch ſonſten mit Gewalt etwas abnehmen , bey der Muſterung ſein eignes , keines wegs aber gelehnt fremdes Gewehr und Montur haben , oͤffentlich bey Verſammlung des Kriegs-Volcks nicht um Geld ruffen , und die ſolches thun , ſind als Meutmacher , ohne alle Gnade , an Leib und Leben zu beſtraffen , und uͤberhaupt ſeines Commandeurs Gebothen nachzuleben , und allen oͤffentlichen unter Trompeten , Trommel und Paucken angekuͤndigten Gebothen und Verbothen bey der darinnen geſetzten Straffe nachzukommen und Folge zu leiſten .",913817,"Das landläufige Sprichwort von dem beſudelnden Pech und der Geiſt , welcher geheimnißvoll aus einem Kartenſpiel warnt , ſtimmten in dieſer Mahnung zuſammen : Und alte , treue Juſtine , könntest Du doch ſpüren , daß vierzig Jahre ſpäter die Erörterung der Frage , ob Deinem Fräulein Gutes von dem Wildling gekommen iſt ? die Schlußbetrachtung ihres Lebens bilden wird .",Cross-Era,4
bildhauer,5122003,Bildhauer / Sculpteur .,5880971,"Von der Statue Laxoon macht man auch ſonderlich Eſtim ; die Groupe iſt aus einem Stuͤck Marmor , und ein Meiſterſtuͤck welches von Ageſander , Polydore und Athenodore , die alleſamt Griechiſche Bildhauers geweſen , verfertiget iſt .",Early-Early,4
seewasser,4205229,"Mich hat ein guter Freund verſichert , es kaͤme allein daher , daß dieſes Pantoffelholtz ſo ſchwartz waͤre , weil es in Seewaſſer geweichet worden .",4205349,"Hingegen ſollen die ſchwartzen , und die zuriſſenen , in denen die Kerne ausgedorret , vertrocknet und ſchimmlicht , weggeworffen werden , denn ſie ſind durchaus nicht tuͤchtig , daß ſie ein Menſche zu ſich nehme , weil ſie nicht allein zu alt , ſondern auch zum oͤftern in Seewaſſer geweichet worden ſind .",Early-Early,4
kartenspiel,986775,WAnn wir die eitlen Sachen Der ſuͤſſen loͤffeley Und etwas kuntbar machen / So iſt die fantaſey / Wo man die warheit ſagen will / Ein umgekehrtes kartenſpiel .,442080,"Wer an der Jagd mehr Vergnuͤgen findet als an einem Kartenſpiel , wird die Karten ohne Verdruß hinweg werffen , wenn ihm Gelegenheit gegeben wird ein Wildpret zu verfolgen .",Early-Early,4
bergwerk,1656803,"Ein anderer , als er in dem Bergwerke zu Wingresworth in die Grube faͤhret , wo dergleichen Dampf war , einiges von ſeinem Geraͤthe mit einem Lichte in der Hand herauf zu holen , fande ſich ploͤtzlich mit Flammen umgeben , ſo daß ſein Angeſicht , Haͤnde , Haare und Kleider gar ſehr verbrannt worden .",2594428,"Heinrich II. erweiterte die Rechte der Bergleute durch Verordnung vom 30. September 1548 dahin , daſs ihnen gestattet sein solle , Land und Wasser , soviel zu dem Bergwerk erforderlich sein sollte , in Besitz zu nehmen gegen entsprechende Entschädigung an den Grundbesitzer .",Cross-Era,2
trauerspiel,5724417,„ Ein Frommer mag in dem Haupttheil des Trauerſpiels noch ſo viele Widerwaͤrtigkeiten und Ungluͤcksfaͤlle auszuſtehen haben :,5503448,"Man findet in der That in den Trauerſpielen des leztern unterſchiedliche vortreffliche Oerter , und unter denen einige , welche es in Ausdruͤckung einer Sache den beſten alten Poeten gleich thun .",Early-Early,4
kreuzzug,3171574,"Inzwiſchen kan man nicht gaͤnzlich abredig ſeyn , daß die ehemals uͤbliche kreuzzuͤge , die in Teutſchlande gefuͤrte ſchwere krige , auch jeweilen ſich geaͤuſſerte peſt , das zureden der geiſtlichen ( § 394 ) , und andre gelegenheiten , bei den bauern-guͤtern verſchidene abaͤnderungen verurſachet haben .",4218801,"Der Orden des heiligen Lazari iſt geiſtlich , entſtand in den Creuzzuͤgen , und ſetzte ſich 1137 . in Frankreich .",Early-Early,4
eifersucht,3535302,"Dieſe Zeitung , nebſt der Eyfferſucht , Zorn und Rache verwandelten ſeine Fuͤſſe in Adlers Fluͤgel ; Und weil er mit Gewalt ploͤtzlich zur Thuͤr hinein brach , fande er ſie mit einander in eben derſelben Poſitur , in welcher er ſich kurtz zuvor mit ſeines Conſorten Weibe befunden hatte .",5699509,"Nicht unwahrscheinlich ist es , daſs schon zu Cäsars Zeit die Strafen im Heere unter religiösem Gesichtspunkt vollstreckt wurden und zur Zeit des Tacitus die Eifersucht der principes eine Beschränkung der Herzogsgewalt insofern herbeiführte , als die Priester nicht mehr als bloſse Vollzugsorgane derselben fungierten .",Cross-Era,3
rehbock,968749,"Bock , nennet man das Maͤnnlein eines Rehes , als nemlich einen Reh-Bock .",4855994,"Die Venus ſoll ins beſondere bey den wolluͤſtigen , freundlichen und ſanfftmuͤthigen Thieren wuͤrcken , als bey den Ziegen , Caninichen , Gemſen , Phaſianen , Schwanen , Rebhuͤnern , Tauben und Turtel-Tauben ; und bey den Gewaͤchſen bey dem Frantzoſen-Holtze , Glaß-Kirſchen , Pimpernuͤßlein , Suͤß- Aepfel , Baum-Campher , Hyacinthen , Narciſſen , Tulipanen , Lilien , Liebſtoͤckel , Stendel-Wurtzel , See-Blumen , u. ſ. w. Der Jupiter gehoͤrt der Aſtrologorum Einbildung nach vor die Elephanten , Ochſen , Hirſche , Reh-Boͤcke , Gemſen , Schafe , Adler , Pfauen , Stoͤrche , Falcken , Elſtern , Tauben , Turtel-Tauben und Lerchen , item vor allerhand andere Thiere , welche dem Menſchen zu vielfaͤltigen Gebrauch und Nutzen dienen ; und bey den Gewaͤchſen vor die Lorber-Baͤume , Oehl-Baͤume , Dattel- Baͤume , Myrten-Baͤume , Kirſch- Baͤume , Aepfel-Baͤume , Mußcateller- Birnen , Nelcken , Mandel-Baͤume , Garten-Kreſſe , Buchsbaum , Ochſen-Zunge , Borretſch , Baſilien , Gerſte , Weitzen , Galgant .",Early-Early,4
hausstand,2926636,"Dahero begab er ſich auch , nicht nur in ſeiner Kunſt ſich geſchickter zu machen , ſondern auch ſein Gluͤck in fernen Landen zu ſuchen , von da weg , und gieng nach Halle , Jena , Gieſſen , Marpurg , Franckfurth , Nuͤrnberg , Wien und Prag in Condition , von wannen er noch in unterſchiedenen Koͤniglichen Chur-und Fuͤrſtlichen Hof- und Cantzley-Buchdruckereyen auch in denen beruͤhmteſten Handelsſtaͤdten theils gearbeitet , theils ſelbige beſehen , bis er endlich im Sept. 1727 . nach Tuͤbingen gekommen , allwo er ſich den 13. April 1728 . in den Eheſtand begeben mit Jungfer Maria Sara Reiſin , Herrn Johann Conrad Reiß , ſeel. geweſenen Buchdrucker und Civ. Acad. juͤngſten Jungfer Tochter , mit welcher er diejenige Buchdruckerey erheyrathet , welche uͤber 200. Jahr auf dieſer Familie von Zeit zu Zeit bis hieher geblieben iſt , und nun Gottlob zwar in einem geſeegneten Haußſtand , doch aber ohne Kinder lebet .",3419516,"Die Verwaltung des Hausſtandes bleibet freilich die Hauptpflicht und Beſchaͤftigung unſeres Geſchlechtes : ſolche zu verſaͤumen , oder auch nur nachlaͤſſig zu beobachten , iſt demſelben allemal eine groͤſſere Unehre , als alle Scharfſinnigkeit und Gelehrſamkeit erſetzen kann .",Early-Early,4
murmeltier,4172694,"Mus alpinus , montanus , auch Murmentum , das Murmelthier , iſt wie eine groſſe Maus und klein Caninchen anzuſehen , haͤlt ſich auf den Alpen-Gebuͤrgen auf .",4502279,"Hamſter und Murmelthier erſcheinen , wie zwar auch ſpäter noch , unter dem Namen Maus ; doch unterſcheidet er zwiſchen Maus und Spitzmaus nach der Verſchiedenheit des Gebiſſes , von dem er eine freilich ziemlich rohe Abbildung gibt .",Cross-Era,2
mauerwerk,961048,"Die Groͤſſe und Umbfang des Thier-Gartens ſtehet in der Herrſchafft Belieben nach Gutbefinden zu ordnen , und werden zur Vermachung umbher an theils Orten Mauren , Schal-Waͤnde , oder Stangen-Zaͤune gemachet , das Wild darinnen zu verwahren ; Weil aber ſolches mit der Zeit wandelbar wird , das Mauerwerck einſincket und durch Waſſer erweichet , die Saͤulen der Schal- Waͤnde und Stangen-Zaͤune von der Erde ſtocken und faulen , auch wohl oͤffters durch den Wind umbgeworffen werden ; So rathe ich hierzu auswendig herumb einen lebendigen Zaun von jungen Buchen und darzwiſchen Dornen des Fruͤhlings anzulegen , in groſſer Som̃er-Hitze fleißig zu begieſſen und bey Anwachſung derſelben vor das Vieh mit Stangen verwahren zu laſſen ; Ein ſolcher Zaun kan leichtlich , wenn er wohl unterhalten wird , in fuͤnff oder ſechs Jahren vollkommen erwachſen und ſich ſehr dichte in einander flechten ; Es ſiehet ein ſolcher Zaun ſehr anſehnlich , und die Nachtigallen hecken gerne darinnen , und wann mit der Zeit die Wand oder der Zaun umbfiele , ſo waͤre die lebendige Hecke ſchon da , das Wild zu verwahren .",2637367,Man miſchet im Bauen den Sand unter den Kalck vermittelſt des Waſſers umb eine Speiſe zu bereiten / dadurch man die Ziegel und Steine im Mauerwercke mit einander verbinden kan .,Early-Early,4
sonnenstrahl,4854089,"Die Donner-Wetter und Blitze entſtehen in den Wolcken , wenn die heiſſen Sonnenſtrahlen die ſchweflichten und ſalpetriſchen Ausduͤnſtungen aus der Erde herausziehen , die , wenn ſie von den Winden zuſammen getrieben werden , und durch eine ſehr ſchnelle und hefftige Bewegung ſich aneinander reiben und erhitzen , einen feurigen Schein von ſich geben .",5062926,"Gleich Paläſten und Domen , in zierlichen Formen und lichten Farben , ſtiegen die Gebäude wie ſpielend in die klare Luft , überall auf ihren Dächern die Sonnenſtrahlen ſammelnd , um ihre Kraft zu verwerten .",Cross-Era,2
feldzug,5468949,"Joh. Meſſenius Scondiæ tom. XII p. 113 iſt auch nicht in Abrede , daß er in Erzaͤhlung dieſes Krieges , des Balthaſar Ruſſovens Lieflaͤndiſche Chronik | gebraucht habe , „ weil , wie Meſſenius Worte ſelbſt lauten ; „ keiner unſerer Chronikſchreiber dieſen Feldzug des Johannis bisher in einer deutlichen Erzaͤhlung bekant gemacht . „",1102116,Sie haben den Feldzug zuſammen mitgemacht .,Cross-Era,2
heerführer,663891,"Den Zaum habt ihr euch bereits anlegen laſſen , indem ihr den Phalaris zu eurem Heerführer mit unumſchränkter Gewalt , ernannt .",2871741,"Ebenſo ſchlicht , verſtändig und pflichtgetreu , nur ungleich heiterer , entſchloſſener , friſcher als ſein Vater , war der ritterliche junge Prinz jetzt ſchon die Hoffnung der Armee , ein geborener Heerführer , ſtreng und gütig zugleich , wie es dem Soldatenherzen wohlthut ; Offiziere und Mannſchaften gingen für ihn durchs Feuer .",Cross-Era,2
mauerwerk,4862416,"Die Stein-Eule iſt der Horn-Eule in allen gleich , auſſer , daß dieſelbe nicht wie jene ſich in hohlen Baͤumen aufhaͤlt , ſondern lieber das alte Mauerwerck zu ihrer Wohnung aufſucht .",4568223,"Bei dem Frauentempel in Chicago waren die Hauptumrisse noch aus Mauerwerk hergestellt , während das Savoy-Hotel in New York ganz auf Stahlsäulen , die nur mit Steinen umkleidet waren , stand .",Cross-Era,2
trauerspiel,3509198,"So iſt auch die Fabel vom Oedipus , dem beruͤhmteſten Trauerſpiele ſo bey den Alten gemacht worden , beſchaffen .",3861498,"Welch' einen Kontraſt bildete dieſer behäbige , wohlgenährte Intendant , der wie ein gutmüthiger Landedelmann ausſah , zu unſerm fein ritterlichen Karlsruher Intendanten , dem Dichter von » Alhambra « , » Löwe von Kurdiſtan « und dem Trauerſpiel » Viola « :",Cross-Era,2
rechtsstreit,3173250,"Was fuͤr ein rechtsſtreit zwiſchen Kur-Mainz und Hanau im anfange des vorigen jar-hunderts wegen des markt-ſchiffes entſtanden ; ſolches iſt teils beim Thomas Merkelbach t. I der conſiliorum , Caſpar Klock ſ .",3208990,"Jn ſachen des profeſſors Orts zu Giſen , wider den damaligen profeſſor der arzenei-kunde Valentini , entſtand ein rechtsſtreit .",Early-Early,4
sonnenblume,37355,"Nach Unterſuchungen von van Tieghem ( Bot. Zeitung 1873. S. 520 ) liefern der Länge nach in zwei Hälften oder in vier Theile geſchnittene Embryonen von Mais , Sonnenblumen , mit Vernarbung der Schnittflächen 2 oder 4 Pflanzen .",4923247,"Mauerwerk jeglicher Art , Schuppen , Zäune zogen in buntem Wechſel vorüber , aber in Front aller dieſer der Alltäglichkeit und der Arbeit dienenden Dinge zeigte ſich immer wieder ein Stück Gartenland , darin ein paar verſpätete Malven oder Sonnenblumen blühten .",Late-Late,4
sonnenschein,4409674,"Vor die Laͤuſe giebt man ihnen Melonen-Kerne , und beſpritzet ſie woͤchentlich 2 oder 3 mal mit Wein , und zwar bey gutem Sonnenſchein , damit ſie ſich bald wieder moͤgen abtrocknen koͤnnen .",4962274,"Geiſtes , und Sonnenſchein der Liebe des Vaters und JEſu Chriſti in mich hinein ſaugen , damit ich ſtatt des vorigen bittern , meinem Heyland ſeinen Mund mit edlen Fruͤchten verſuͤſſe , Hohel. 4 , 17. ja ſelber eine Frucht werde , die nicht mehr Wuͤrme , Faͤulniß , was herbes , ſteinichtes , oder deß etwas habe . ‟",Early-Early,4
bergwerk,3174329,"Die waſſer , fiſch- und krebs-baͤche , bergwerke , bruͤcken , ſtege , ſeen , und teiche , auch die gerechtigkeiten , welche etwa andre mit holzung , triften , fiſchereien u. ſ. w. hergebracht haben , die forſthaͤuſer , die laſten ꝛc. verzeichnet ſind .",2677904,"Sie iſt ſehr fruchtbar an Getreyde und Wieſewachs , auch ſeynd ihre Bergwercke beruͤhmt .",Early-Early,4
sonnenlicht,1503048,"Wir aber treten jetzt ebenfalls in’s Freie hinaus und athmen auf im Sonnenlicht und in dem Wieſendufte , den eine Luftwelle herüber trägt .",2059010,Dabei wurde das Sonnenlicht von dem hellen Sand grell reflektiert und das Wasser blitzte unerträglich .,Late-Late,4
rehbock,4407080,"Sagt man vom Hirſchen oder Rehbock , wenn ſie die rauhe Haut von ihren Gehoͤrnen , wenn dieſelbe wieder vereckt ſind , an den Baͤumen abſchlagen und reinigen .",4409287,"Die Brunfft-Zeit des Hirſchen gehet um Egidii , des Rehe-Bocks um Weynachten , bald vor , bald darnach , und des wilden Schweines mehrentheils um Andreaͤ an , davon bey der Beſchreibung ieglichen Thieres umſtaͤndlicher gehandelt worden .",Early-Early,4
sonnenstrahl,830062,Wie in Danaes Schoß rinnen die Sonnenſtrahlen auf die unfruchtbare Erde herab .,2401023,"Da endlich , nahe dem nördlichen Abhange , leuchtete er ihr entgegen , unter den heutigen ſcharfen Sonnenſtrahlen aufgethaut .",Late-Late,2
murmeltier,2399133,"Es drückte eine ſchwüle Stille , nur das niedrige Geflatter der Steinlerche regte ſich zwiſchen den nackten Blöcken und von Zeit zu Zeit durchdrang der ſcharfe Pfiff eines Murmelthiers die Einöde .",5991039,"So sind z. B. das Murmelthier ( Aretomys marmota ) und der Zisel ( Spermophilus Citillus ) sehr nah verwandte Nager ; sie zeigen in ihrem anatomischen Bauej insbesondere im Baue der Zähne , die grösste Uebereinstimmung .",Late-Late,3
mauerwerk,4901796,"§. 54. Bißweilen werden auch Eremitagen vorgeſtellet , die als Cabinetter , und nach Art der Einoͤden , wie verfallen , von Holtz- und Mauerwerck aufgefuͤhret werden .",1396837,Aus diesem Rohre c gelangen die Gase durch die Rohrstutzen d d und die im Mauerwerke angebrachten senkrechten Kanäle e e in die Einströmungskanäle f f . . und von hier in den Ofen .,Cross-Era,2
brunnenwasser,2764222,"Zunächſt iſt zu unterſcheiden zwiſchen dem Waſſer , welches uns die Erde bietet ( Flußwaſſer , Quellwaſſer , Brunnenwaſſer ) , und dem , welches aus der Luft kommt ( Regenwaſſer ) .",2596535,Man kann wohl auch die Federn in dem Wasser der Schmiede oder eines Flusses oder auch in Quell- und Brunnenwasser ablöschen .,Late-Late,4
stückwerk,2856976,"es redet durch sie das fühlen und denken eines ganzen volkes , und die zeit , wo sie blüht , ist ihres volkes blüte . die ganze geschichtliche entwickelung der Hellenen strebt auf diese zeit zu , die ganze entwickelung der hellenischen poesie strebt auf die tragödie zu . somit ist sie nicht nur ein geschichtliches object von ganz einziger bedeutung , sondern es wird auch jede theoretische untersuchung nicht bloſs der dramatischen sondern überhaupt aller poesie jämmerliches stückwerk sein , wenn sie nicht die attische tragödie verstanden hat . das kann sie nicht aus sich , würde sie selbst beim besten willen nicht können . die philologie aber verwirkt das recht , kenntnislose hoffart und flache geistreichigkeit zurückzuweisen , wenn sie nicht ihre pflicht erfüllt und das rechte , das geschichtliche verständnis der philosophischen betrachtung übermittelt , auf daſs diese dann in voller freiheit damit schalte . weil er ( wie zu unterschiedlichen anderen schätzen ) zur attischen tragödie allein die schlüssel führt , werden poesie und philosophie in alle ewigkeit des philologen nicht entraten können .",4499368,"Doch ſteht ſo viel feſt , daß er auch in dieſer Hinſicht den Spätern vorangieng und ein Hülfsmittel der Verdeutlichung einführte , welches in der neueſten Zeit häufig über alle Gebühr ausgedehnt benutzt der ohnehin ſchon durch unzuſammenhängendes Stückwerk ſchwerfälligen Litteratur einen weiteren Ballaſt anhängt .",Late-Late,2
feldzug,3627774,"Weil aber Kantemir , der damalige Fuͤrſt des Landes , in den vorigen Feldzuͤgen erfahren hatte , wie beſchwerliche Gaͤſte die Polen ſeyen :",6108463,Sein einziger Sohn Rudolph fiel auf dem Felde der Ehre für König und Vaterland im Feldzuge 1870 bei St. Privat .,Cross-Era,2
sündenfall,3510496,Canitz beſchreibt die Reizungen der boͤſen Luͤſte unter dem Bilde des erſten Suͤndenfalles :,2585351,— Sündenfall .,Cross-Era,4
salzwasser,4615028,"Das Salzwasser selbst zu erreichen , war mir nur an einer Stelle möglich , wo ein Weg zwischen dem bodenlosen Schlamm zu einem kleinen Hause und Nachen an der Ostseite des Sees führt ; hier ist ein Streif weichen Sandbodens : von Phanerogamen war nur eine niedrige Portulacee mit rosenrothen Blumen und etwas fleischigen Blättern , Sesuvium L. , von Thieren nichts zu sehen , der Kescher brachte unter vielen Holzstückchen und schwarzem Schlamm nur todte Schalen einer kleinen Schnecke aus der Gattung Hydrobia hervor .",2995420,"Der Japaner unterscheidet Yasai-mono oder Yasai , Gemüse , Tsuke-mono , in Salzwasser oder Essig eingemachte Würzen , sogenannte Pickles , und Yakumi oder eigentliche Gewürze , eine Eintheilung , die jedoch kaum scharf durchzuführen ist , da oft dasselbe Produkt , je nach seiner Zubereitung und Anwendung , als Gemüse oder Würze erscheint , wie z. B. die Zwiebel .",Late-Late,2
tagewerk,3397377,"Hier ſind der Felder Tagewerke Vergnuͤgten Leuten eine Luſt , Die Fruchtbarkeit zeigt ihre Staͤrke Zweymahl , im Fruͤhling und Auguſt , Warum ? der Landmann ſaͤt bey Millionen Freuden , Jn Hoffnung , daß ſein Herzog lebt , Wobey ihm ſchon das Herze bebt , Mit was fuͤr Jauchzen er wird ſchneiden .",2399765,"Das Strafgericht von Thuſis , das er für eine blutige Nothwendigkeit gehalten , habe er allerdings mit einſetzen helfen und ihm ſein Tagewerk angewieſen .",Cross-Era,3
feldzug,5625584,"Caͤſar Baronius ſchreibt tom. XII , Annal . eccel . beim Jahr 1198 , daß der Papſt Caͤleſtinus der IIIte auf Erſuchen des Kaiſers Heinrichs dieſe heiligen Feldzuͤger mit dem weiſſen Kleide ( veſte alba ) oder Mantel und dem ſchwarzen Kreuz beſchenket habe .",5838872,"Nun erſt zeigte ſich ganz , was der Rheinbund für Frankreichs militäriſche Macht bedeutete ; nur der Beiſtand des deutſchen Südens ſicherte dem Imperator den Sieg in dieſem Feldzuge .",Cross-Era,4
salzwasser,1457457,"Daß der Weg aus dem Zellgewebe unter der Haut in die Blutadern offen ſtehe , iſt durch beſondre Verſuche bekannt geworden , die man vornaͤmlich in Abſicht auf das Verſchlukken des Fettes angeſtellt hat . Es kehren aber auch andre Saͤfte , die ſich in dieſe Raͤume ergoſſen , wieder ins Gebluͤte zuruͤk , dergleichen die verſperrte Luft , das Waſſer in Waſſerſuͤchtigen , die kuͤnſtlich unter die Haut gebrachte Feuchtigkeiten , und endlich das Blut ſelbſt iſt , welches an gequetſchten Stellen , die damit unterlaufen ſind , in den Fettzellen ſtokket , und ſich wieder in die andere Blutmaſſe hineinſchleicht , nachdem es ſich erſt in ein duͤnnes gelbes Salzwaſſer aufgeloͤſet hat .",4178269,"Sie machen zu Rochelle und andern Orten gewiſſe Saltz-Teiche , welche etwas tieffer liegen als das Meer , und einen lettichten Grund haben , welcher das Saltz-Waſſer beſſer haͤlt , als das ſandigte Land .",Early-Early,4
wunderwerk,5141633,"Denn warum ſolte der Name GOttes uͤber Leuten , die doch nun anders nicht mehr als durch Wunderwercke zur rechten Naturordnung zu bringen waͤren , verlaͤſtert werden ?",4699361,"Und wenn dann die gekoppelte Wagenreihe , allmälig ebenen Boden erreichend , wieder gefahrlos zwiſchen lachenden Triften forteilte , dann wird er ſich voll Stolz , der Sohn eines Jahrhunderts zu ſein , das ſolche Wunderwerke hervorbringt , in ſeinen Sitz zurückgelehnt und ſich mit halb geſchloſſenen Augen hinüber geträumt haben in die Errungenſchaften der Zukunft , welche in der Eröffnung des Suezcanals und dem Durchſtich des Mont Cenis noch immer nicht ihre kühnſte Bethätigung gefunden .",Cross-Era,3
feuerwerk,2592900,"Um dieselbe Zeit machte der anhaltinische Münzmeister Daniel Stumpfelt „ eine Invention , den Steinkohlen den Gestank , die Wildigkeit und Unart zu benehmen , damit dieselben in schwarzen und andern Feuerwerken könnten gebraucht werden “ ( Beckmann , Bd. I , S. 65 ) .",4399002,"5 ) wer bei der Aufbewahrung oder bei der Beförderung von Giftwaaren , Schießpulver oder anderen explodirenden Stoffen oder Feuerwerken , oder bei Ausübung der Befugniß zur Zubereitung oder Feilhaltung dieſer Gegenſtände , ſowie der Arzeneien die deshalb ergangenen Verordnungen nicht befolgt ;",Late-Late,2
stockwerk,2638815,315. Blondell ( Cours d’ Architect- part. 3 c. 9. f. 269. ) ſetzet in den kleineſten Gebaͤuden die Hoͤhe iedes Stockwerckes wenigſtens 8½ bis 9 Schuh .,4907099,"Einige illuminiren die gantzen Haͤuſer , ſie laſſen alle Zimmer mit ſehr vielen Chriſtallinen Leuchtern , und alles von der Hauß-Thuͤre an , biß unter das Dach in der ſchoͤnſten Ordnung mit großen und kleinen Lampen erleuchten , andere aber nur einige Stockwercke , oder gar nur etzliche Fenſter .",Early-Early,4
eisenwerk,4908059,"Dem Eiſenwerke , womit ein Magnet eine zeitlang eingefaſt geweſen , habe ich vermittelſt des Glaſes an der Maſchine , an welchem es auf blauſeidnen Schnuͤren gelegen , keine Electricitaͤt mittheilen koͤnnen , daß Funken waͤren erreget worden , dergleichen ſonſt an dem Eiſen entſtehen .",2600541,"Dud schrieb von sich selbst , daſs er schon als Knabe groſse Freude an dem väterlichen Eisenwerke bei Dudley gehabt habe , wo er sich früh beträchtliche Kenntnisse der Fabrikation aneignete .",Cross-Era,4
feldzug,3625152,Wann der Feldzug angehen ſoll :,3616805,"Bey ſeiner Ruͤckkunft von dieſem Feldzuge faͤllet er in das Land Oßerbedſchan ein , das Tahrinbegj unterworfen war , uͤberwindet den Satrap oder Statthalter dieſer Landſchaft , und leget ihm einen ſchweren jaͤhrlichen Tribut auf .",Early-Early,4
leinöl,647396,"Zum Gebrauche des ( f ) Gartenbaues wird durch Zuſatz mit Harz , Terpenthin , und Leinoͤl ein Baumwachs , lat .",4208732,"Der vierte , der Goldverniß / von Leinoͤl , Sandaraca , Aloe , Gummi Gutti und Goldgloͤte .",Early-Early,4
sonnenstrahl,1655753,Denn ein ſolcher dichter Koͤrper iſt ſchon vermoͤgend die Sonnenſtrahlen lebhaft zuruͤcke zu werfen .,1121751,"Hier iſt vom wahren Wald hingegen , Von einem wahren Feld voll Segen , Jm warmen wahren Sonnenſtral , Ein wirkliches Original .",Early-Early,4
heerführer,3159304,Die Frantzoͤiſche ungleich kleiner ; Aber ihre Heerfuͤhrer ſo wol als die Soldaten ſeynd von groſſer Tapferkeit / und weil der gantzen Chriſtenheit ihre Wohlfahrt an dem Ausgange dieſer Schlacht henget / ruffen ſie zu Gott und ermuntern einander behertzt zu fechten .,1473851,Der Wagen des thrakischen Heerführers Rhesos ist mit Gold und Silber geschmückt .,Cross-Era,4
grundfläche,1394269,"Diese Oefen haben entweder rechteckige Grundform , sind oben durch ein Tonnengewölbe überspannt und etwa 15 m lang , 3.5 bis 5 m breit und ebenso hoch ; oder sie sind cylindrisch gebaut und oben durch ein Kuppelgewölbe abgedeckt bei 8.5 m Durchmesser , und 3.5 m Höhe bis zum Gewölbe ; oder endlich sie haben Kegelform bei 8.5 bis 9 m Durchmesser an der Grundfläche und 6 bis 8.5 m Höhe .",1354412,"wird in Oeſterreich ganz allgemein „ Platzelgewölbe “ genannt und entſteht , wie Fig. 386 und 355 zu erkennen geben , wenn man ſich in einer Halbkugel irgend eine zu überwölbende Grundfläche gezeichnet denkt , deren Endpunkte in dem Umfange eines nicht allzugroßen Kreiſes liegen , und wenn man auf jede Seite dieſer Grundfläche eine verticale Ebene errichtet .",Late-Late,2
bildhauer,1252101,Wann der Schiffs- Zimmermann nunmehro fertig / ſo koͤmmt der Tiſcher oder Schreiner / die kleine und feine Arbeit / ferner der Bildhauer / um die Zierrahten / und ſonderlich was das Schiff hinten in ſeinen Spiegel oder zu ſeinen Zeichen fuͤhren ſoll / zu machen :,2586353,"An dieses wurden aber um so gröſsere Anforderungen gestellt , als er das Bild , welches er ausarbeitete , nicht wie der Bildhauer unmittelbar vor Augen hatte , sondern die Tausende von Schlägen mit dem Treibhammer oder mit der Punze meist von der verkehrten Seite führen muſste .",Cross-Era,2
sonnenschein,3887955,"Auf Sturm , Blitz , Wetter , Angſt und Pein Folgrein vergnuͤgter Sonnenſchein .",2574331,"Jch hoffe , daß mein Sonnenſchein ſie endlich ſo betriegen ſoll , daß ſie den Mantel ableget .",Early-Early,4
bildhauer,5880005,"Es befindet ſich unter ſelbigen eines von weiſſem Marmor , ſo der beruͤhmte Mahler und Bildhauer Mich .",5141556,"Sie breitete die Handlungen zu Waſſer und zu Lande ſo weit und vortheilhaftig aus , als ſie nur konte ; ſie ſuchte eine groſſe Menge der beſten Kuͤnſtler von Mahlern , Bildhauern , Ertzarbeitern ꝛc. innerhalb ihrer Ringmauren zu erhalten ; ſie bemuͤhete ſich , den Ruhm einer ſehr cultivirten , galanten und gelehrten Stadt zu behaupten , um eine Menge auswaͤrtiger Leute hinzulocken , die ihr Vermoͤgen bey ihr verzehreten : deßhalb konte ſie ihre weiſen Leute , oder die unter dem ſo geliebten Namen der Philoſophen bekante Gelehrte bey viel hunderten aufweiſen .",Early-Early,4
seewasser,643409,"Die Taufe der Schiffe geſchieht ohne viel Complimenten , bloß dadurch , daß ſolches uͤberall mit Seewaſſer gewaſchen wird ; es muß aber den Matroſen ein Trinkgeld dafuͤr gegeben werden , indem dieſelben ein Recht zu haben glauben , den Schiffſchnabel ( eperon ) abzuhauen , wenn ſolcher nicht von dem Capitaine , oder Schiffer mit etlichen Bouteillen Branntwein , oder einigem Gelde geloͤſet wird .",4205748,"Zu Paris verkauffen wir viererley Suda , welche die Alten Salicornia / Salicore und Salicota , ingleichen Alun Catin , Alumen Catinum genennet , darunter die erſte und am meiſten geachtete die Suda von Alicanten iſt , und muß , wenn ſie , wie ſichs gehoͤret , beſchaffen ſeyn ſoll , trucken und klingend ſeyn , auſſen und innen gruͤnlicht blau ſehen , und kleine Loͤchlein , oder Augen haben , auch wenn man drauf ſpeyet , und alsdann fuͤr die Naſe haͤlt , nicht im geringſten nach Seewaſſer oder ſumpficht riechen .",Early-Early,2
sonnenblume,5168643,Die lehrenden Sonnenblumen 130,38843,"Die alleinge Ernte der Frucht oder des ganzen Fruchtſtandes wird entweder bei Gewächſen mit ſehr werthvollen Samen oder Früchten wie bei Hopfen , Weberkarden , Mohn , Fenchel , mitunter auch bei Rothklee , oder bei Gewächſen , welche einen großen Fruchtſtand beſitzen , wie bei Mais , Kürbis , Gurken , Sonnenblumen oder ſchließlich bei Gewächſen deren Samen zu ungleicher Zeit ausreifen und daher leicht ausfallen könnten , wie bei Lupinen , Zuckerrüben ꝛc. vorgenommen .",Cross-Era,2
sonnenblume,3505802,"Jener malte eine Sonnenblume , mit der Ueberſchrift :",1913601,"Auf , auf , mein Herz , auf , auf ! betrachte , GOtt zum Ruhme , Das Majeſtaͤtiſche Gewaͤchs , die Sonnen-Bluhme , Die , wenn man ſie mit ernſtem Blick beſieht , Jn ſolcher Pracht , in ſolchem Schimmer bluͤht , Daß , wenn man ſie nach Wuͤrden ehren wollte , Man ſie die Kaiſerinn der Bluhmen heiſſen ſollte .",Early-Early,4
hausstand,5405978,"Auf die Chinesenstadt rechnete man 50,000 Hausstände ; somit betrüge die Gesammtbevölkerung gegen 1,300,000 Seelen .",4095683,"Er habe nicht Luſt , der gnädigen Frau , wenn ſie zurück komme ( vielleicht heute ſchon ) , einen aus Rand und Band gegangenen Hausſtand zu überliefern .",Late-Late,4
meerwasser,658176,"ſo beſtehen ſolche a ) in des Meerwaſſers ſalzigtem und bitterem Geſchmacke ; b ) in der Farbe des Meerwaſſers ; c ) in denen Bewegungen des Meeres , welche auſſer denen , ſo durch Winde und Stuͤrme verurſachet werden , mannichfaltig ſind , und von denen , ſowol die Ebbe und Fluth , als auch die Meerwirbel , oder Meerſtrudel die bekannteſten ſind .",3929187,Und laſſet ſich auch hierauß ſchlieſſen / daß die Waſſer der Suͤndflut ſchwerer muͤſſen an gewicht geweſen ſeyn / als die heutigen Meerwaſſer / weilen die ſo ſchweren Perlen Muͤſchelen auf ſo langer Reiſe auß Jndien hieher nicht untergangen / da ſie ſonſten von denen Meereswellen nicht weit pflegen getriben zuwerden :,Early-Early,4
kreuzzug,5775440,"Creutzzuͤge , was dieſelben befoͤrdert 213",5631508,Die Paͤpſte hatten bey den veranſtalteten Kreutzzuͤgen nichts weniger zur Abſicht als die Vermehrung der Reichsprovinzen .,Early-Early,4
sonnenblume,1751080,"Enträtſeln vom Saum dieſes winzigen Planeten aus , enträtſeln von dieſer Menſchenweisheit aus , die wie eine arme Sonnenblume angewurzelt ſteht und ihre goldenen Säuglingsärmchen zum blauen Weltenhimmel reckt .",38843,"Die alleinge Ernte der Frucht oder des ganzen Fruchtſtandes wird entweder bei Gewächſen mit ſehr werthvollen Samen oder Früchten wie bei Hopfen , Weberkarden , Mohn , Fenchel , mitunter auch bei Rothklee , oder bei Gewächſen , welche einen großen Fruchtſtand beſitzen , wie bei Mais , Kürbis , Gurken , Sonnenblumen oder ſchließlich bei Gewächſen deren Samen zu ungleicher Zeit ausreifen und daher leicht ausfallen könnten , wie bei Lupinen , Zuckerrüben ꝛc. vorgenommen .",Late-Late,2
triebwerk,787036,"da ſie ſich , durch die hohlen Roͤhren , Nachher annoch , von unten auf , durch ein beſonders Triebwerk , naͤhren ; So noch ein neues Wunderwerk .",4891525,"Der Umlauf des Gebluͤtes iſt ſo ein Meiſterſtuͤck der Natur , daß die Bewegung unaufhoͤrlich fortgehen koͤnnte , wenn nicht durch Speiſe und Trank , auch andre Zufaͤlle , ſolches kuͤnſtliche Triebwerk nach und nach zerſtoͤret wuͤrde .",Early-Early,4
streitsache,4455457,"Auch der Kurfürſt ( Friedrich der Eiſerne ) , in einem an die Comiſſarien gerichteten Briefe , nimmt Partei für den Convent gegen den abgeſetzten Abt , und ſo ſehen wir denn , ohne daß ein urkundliches Urtheil der Commiſſare in dieſer Streitſache vorläge , den neuen Abt in ſeinem Amte verbleiben , — eine Thatſache , die genugſam ſpricht .",612884,Und nun läuft ihm in dies Idyll ein Rechtsfall und eine Streitſache nach .,Late-Late,4
kreuzzug,1482090,"Die griechischen Kaiser bewahrten die Bereitung des griechischen Feuers als ein Geheimnis und soll dasſelbe erst 400 Jahre nach seiner Erfindung durch Verrat zu den Sarazenen gelangt sein , die es in den Kreuzzügen mit Erfolg gegen die Christen verwendeten .",4455275,"Freilich die Hinderniſſe , die die bloß räumliche Entfernung ſchuf ( und es waren Hinderniſſe ) , müſſen wir uns hüten zu überſchätzen ; die Kaiſerfahrten , die Kreuzzüge , die Pilgerreiſen nach Rom und dem heiligen Grabe zeigen uns genugſam , daß man damals , ſobald nur ein rechter Wille da war , vor den Schrecken und Hinderniſſen , die der Raum als ſolcher ſchafft , nicht erſchrak ; aber Citeaux ſelbſt , ganz abgeſehen von allen andern leichter oder ſchwerer zu überwindenden Schwierigkeiten , hätte ſolche allgemeine Beſchickung kaum bewältigen können , wie groß wir auch die bauliche Anlage einerſeits , und wie klein und beſcheiden die Anſprüche der eintreffenden Aebte andererſeits annehmen mögen .",Late-Late,2
sonnenuhr,3754876,Die älteſten Uhren waren Sand- oder Sonnenuhren .,3870877,"Aber ſie kam nicht weit damit , weil in eben dieſem Augenblicke drei junge Mädchen aus der kleinen , in der Kirchhofsmauer angebrachten Eiſenthür in den Garten eintraten und einen Kiesweg entlang auf das Rondell und die Sonnenuhr zuſchritten .",Late-Late,4
triebwerk,4450861,"Wir haben mit Erſtaunen Figuren am Himmel erblickt , welche nichts anders , als ſolche auf einen gemeinſchaftlichen Plan beſchraͤnkte Fixſternenſyſtemata , ſolche Milchſtraſſen , wenn ich mich ſo ausoruͤcken darf , ſeyn , die in verſchiedenen Stellungen gegen das Auge , mit einem , ihrem unendlichen Abſtande gemaͤß geſchwaͤchten Schimmer , elliptiſche Geſtalten darſtellen ; es ſind Syſtemata von , ſo zu ſagen , unendliche mal unendlich groͤſſerm Durchmeſſer , als der Diameter unſeres Sonnenbaues , iſt ; aber ohne Zweifel auf gleiche Art entſtanden , aus gleichen Urſachen geordnet und eingerichtet , und erhalten ſich durch ein gleiches Triebwerk , als dieſes , in ihrer Verfaſſung .",4450181,"Eben ſo wie unter allen Aufgaben der Naturforſchung keine mit mehr Richtigkeit und Gewisheit aufgeloͤſet worden , als die wahre Verfaſſung des Weltbaues im Groſſen , die Geſetze der Bewegungen und das innere Triebwerk der Umlaͤufe aller Planeten ; als worin die Newtoniſche Weltweisheit ſolche Einſichten gewaͤhren kan , dergleichen man ſonſt in keinem Theile der Weltweisheit antrift ; eben alſo , behaupte ich , ſey unter allen Naturdingen , deren erſte Urſache man nachforſchet , der Urſprung des Weltſyſtems und die Erzeugung der Himmelskoͤrper , ſamt den Urſachen ihrer Bewegungen , dasjenige , was man am erſten gruͤndlich und zuverlaͤßig einzuſehen hoffen darf .",Early-Early,2
gesichtszug,1534265,"Sie muͤſſen ſich vor ſolchen unanſtaͤndigen Heftigkeiten huͤten , die ihnen alle Lineamente in Unordnung bringen , und ihnen wirklich ihre ganzen Geſichtszuͤge verzerren , wenn ſie ſich dergleichen heftigen Bewegungen zu oft uͤberlaſſen .",5103806,Hat es aufwartungsfähige Geſichtszüge ?,Cross-Era,3
murmeltier,1454569,"Wenn man alte Rinder , die vor dem Pfluge abgetrieben worden , auf eine luſtige Weide bringt , ſo weis man aus der gemeinen Erfarung , daß ſie in gar kurzer Zeit ein wohlſchmekkendes Fett anlegen . Vermittelſt der Ruhe , nehmen Gaͤnſe , die man geblendet , und denen man die Schenkel zerbrochen , bis zur Unfoͤrmlichkeit am Fette uͤberfluͤßig zu , wenn man ſie mit Fleis maͤſtet , welches auch von den jungen Tauben gilt . Die Murmelthiere leben den Winter uͤber bei einem fetten Leibe , ohne Speiſe , wie man von den Baͤren ebenfalls weis; denn es ſchlafen beiderlei Thiere in dieſen Jareszeit beſtaͤndig fort , ob ſie gleich wenig oder nichts genieſſen .",3472557,"Nur neben mir des Murmelthieres Pfiff , Nur über mir des Geiers heiſ'rer Schrei , Ich bin allein auf meinem Felſenriff Und ich empfinde daß Gott bei mir ſei .",Cross-Era,2
sonnenblume,1390096,"Der Saflor kommt überall dort fort , wo die Sonnenblume gedeiht .",1389751,"Die Sonnenblume , Sonnenroſe ( Helianthus annuus L. ) ☉ , eine peruaniſche Pflanze , zeichnet ſich durch ihren 0.6—2 .5 Meter hohen Wuchs und den bekannten , bis zu 35 Ctm. im Durchmeſſer großen , ſcheibenförmigen Fruchtſtand aus .",Late-Late,3
zeughaus,5408311,"Sold erhalten sie nicht ; ihre Ausrüstung , die in den Zeughäusern von Baṅkok bereit liegt , soll bunt genug sein .",2592976,"Was ins Zeughaus gehört , zu Stürmen und sonsten zu Artillerey und Munition vonnöten , darauf hatte Se. Fürstl. Gnaden „ wunderliche Inventionen “ , erfand mancherlei Instrumente selbst , lieſs reisen , um immer Neues kennen zu lernen und anzuschaffen .",Late-Late,4
leinöl,2997171,"Dasselbe wird z. B. in Awa auf der Insel Shikoku aus Samen von Gossypium herbaceum dargestellt und als Brennöl benutzt , gibt aber , wie das Leinöl , an dessen Geruch und Geschmack es erinnert , eine starkrussende Flamme .",2997219,"Nach den Untersuchungen des Chemikers Cloëz in Paris ergaben in Südfrankreich gezogene Perillasamen durch Auspressen 30 % , durch Extraction mit Schwefelkohlenstoff 34,5 % , japanische Samen aber 39,2 % des trocknenden , farblosen , dünnflüssigen Oels , das gleich dem Leinöl in der Malerei verwendbar ist und in Japan für verschiedene technische Zwecke hohe Bedeutung hat .",Late-Late,3
feldzug,513916,"Mr. Horatio Nelson Lay war , obgleich als Director aller Zollämter für den auswärtigen Handel in chinesischem Staatsdienst , in den Feldzügen 1858 und 1860 auf englischer Seite thätig gewesen und hatte sich durch sein wegwerfendes Betragen gegen bejahrte chinesische Würdenträger sehr verhasst gemacht .",1469058,"Verschiedene Könige folgten , unter denen wir nur Bin-nirarr ( von 810 bis 781 v. Chr. ) deshalb erwähnen wollen , weil uns von ihm eine interessante Keilinschrift , die sich auf einen siegreichen Feldzug in Syrien und eine groſsartige Brandschatzung der reichen Stadt Damaskus bezieht , erhalten ist ; sie lautet :",Late-Late,4
gesichtszug,3503754,"Wie gluͤcklich ſind Sie noch , Hochzuehrender Herr Commiſſ ionrath , da Sie der muͤtterlichen Sorgfalt dieſer rechtſchaffnen Frau die Erziehung einer tugendhaften Tochter zu danken haben , die Jhnen durch die Aehnlichkeit ihrer Geſichtszuͤge zwar beſtaͤndig das Andenken ihres Verluſts verneuern muß ; deren gottesfuͤrchtiger und frommer Wandel aber , nebſt andern loͤblichen Eigenſchaften , Jhnen auf der andern Seite dieſen Verluſt wieder zum groͤßten Theile erſetzt .",4595970,"O was fuͤr einen neuen Reiz gab ihr Streben , wie ich nun uͤberlege , einem jeden Geſichtszuge , einem jeden Gliede einer ſo anmuthsvollen zierlichen und liebenswuͤrdigen Perſon .",Early-Early,2
rehbock,2543585,In einer Winternacht hatte der Schnellzug einen Rehbock überfahren .,1698302,"Jch ſchleich’ mich hinein — verſteht ſich mit dem g’ſpannten Zwilling — bind’ dem Kerl gleich Händ ’ und Füß ’ zuſammen , als wie man’s mit einem Rehbock macht , und pack’ ihn bei der Gurgl .",Late-Late,2
triebwerk,5116456,"Bei ihr handelt es ſich darum , daß viele verſchieden qualifizierte Hände in derſelben Produktionsſtätte bei der Fertigſtellung einer Ware zuſammenwirken , meiſt noch unterſtützt durch mechaniſche Triebwerke und Arbeitsmaſchinen .",4659802,Triebwerke an öffentlichen Flüssen II 151 .,Late-Late,4
ziegenbock,4396167,"Feuerqualm ſcheint aus den ſchnaubenden Nüſtern zu ſprühen , das tiefe , wie aus langem Gewölb heraufgeholte Brummen iſt nur noch ſchrecklicher als Brüllen des Löwen , des Bären , dämoniſche Wuth funkelt in dem großen , dunklen Auge , bei ſeinem Schwellen und Rollen zeigt ſich die Bindehaut , die als weißer Grund dem menſchlichen Augenſtern ſeine edle , reine , hebende Umrahmung gibt , als roth durchäderte Folie und erhöht ſo mit ihrer Blutfarbe das ſcheusliche Wuthbild , aus dem Maule hängt die blaurothe Zunge und ein dunkler Bart ſchwankt am Unterkiefer , als hätte der teufliſchen Maske noch ein Stück vom Kopfe des Ziegenbocks gefehlt .",4500882,"Langethal , Geſchichte der teutſchen Landwirthſchaft. Bd. 1. S. 258. Baſtarde von Schaf und Ziegenbock heißen bei Iſidor von Sevilla tityrus .",Late-Late,2
eisenwerk,4211202,"Die andere Sorte brauchen die Schloͤſſer und Waffenſchmiede , allerley Eiſenwerck und Gewehr damit zu vergolden ; welches aber bey nahe nicht mehr gebraͤuchlich .",1393740,193. 194. Feineisen-Walzenständer des Eisenwerkes Phönix709 .,Cross-Era,4
zitronensaft,2247674,"Ihr duͤrffet hier keinen Citronenſafft drein druͤcken , ſo ſind ſie fertig .",2250749,"Iſt eine aus geriebenen Mandeln , Hirſch-Unſchlitt oder Hirſch- Marck , Campher , Citronenſafft , Roſenoͤl , Weinſtein- und Jeſminoͤl , auch Ziegen-Milch vermiſchte , und unter einander geknaͤtete Masſa , woraus das Frauenzimmer runde Kugeln zu formiren , und ſich die Haͤnde , um ſelbige ſchoͤn klar und weiß zu machen , damit zu waſchen pfleget .",Early-Early,4
triebwerk,2420559,"Springbrun wo das Leben quillet , Triebwerk das ſich immer regt , Quelle die viel Roͤhren fuͤllet , Wunder-Uhr die oͤffters ſchlaͤgt , Herze !",5116456,"Bei ihr handelt es ſich darum , daß viele verſchieden qualifizierte Hände in derſelben Produktionsſtätte bei der Fertigſtellung einer Ware zuſammenwirken , meiſt noch unterſtützt durch mechaniſche Triebwerke und Arbeitsmaſchinen .",Cross-Era,4
grundfläche,1354412,"wird in Oeſterreich ganz allgemein „ Platzelgewölbe “ genannt und entſteht , wie Fig. 386 und 355 zu erkennen geben , wenn man ſich in einer Halbkugel irgend eine zu überwölbende Grundfläche gezeichnet denkt , deren Endpunkte in dem Umfange eines nicht allzugroßen Kreiſes liegen , und wenn man auf jede Seite dieſer Grundfläche eine verticale Ebene errichtet .",1591479,"Bezeichnend für die Freigebigkeit , mit welcher die Natur auf Jamaica die Arbeit des Ackerbaues lohnt , und für die Leichtigkeit des Lebenserwerbes auf dieser Insel ist ein daselbst landläufiges Axiom , „ dass dort 30 Arbeitstage im Jahre auf einer Grundfläche von 1 Acre genügen , um eine Familie zu ernähren , und auch noch überschüssige Werthe von 10—30 ₤ zu erzeugen “ .",Late-Late,2
tagewerk,95498,"Will man aber die Schoͤpfung der Engel zum andern Tage-Werck GOttes rechnen , als dabey ihrer von GOtt ſelbſt bey dem Hiob und vom David gedacht wird , ſo hat man dabey auf die Aehnlichkeit zu ſehen , welche die geiſtliche Natur der Engel mit der ſubtileſten Luft hat .",2586076,"Und also haben diese unglücklichen Arbeiter ( wie man leicht begreift ) niemals Ruhe , bis sie am Abend des mühsamen , langen Tagewerks , welches für sie schon mit dem ersten Hahnenschrei beginnt , ganz ermattet und manchmal ohne sich um das Essen zu bekümmern , sich schlafen legen .",Cross-Era,3
wunderwerk,1598942,Dieses Land kann ein Wunderwerk der Colonisation genannt werden .,5099581,Die Wunderwerke der Natur wie der Kunſt habe ich getreu abgebildet .,Late-Late,2
ruhestand,220100,§. 55. Weilen auch oͤffentlich einer Obrigkeit kundbar angethane aͤrgerliche Schmaͤhung gemeinen Weſens Ruheſtand zerſtoͤret / und aber viele / wegen der Unkoſten oder engen Zeit Raum / lieber Streit haſſen / und GOtt die Rache befehlen / als mag der Richter Amts wegen erforſchen .,4793486,"Die Strafmittel des Disciplinarwegs sind entweder blosze einfache Ordnungsstrafen , wie die Warnung , der Verweis , eine beschränkte Geldbusze oder Strafen , welche die Einstellung ( Suspension ) im Amte , die Versetzung des Beamten auf eine andere Stelle , unfreiwillige Versetzung in den Ruhestand oder die Entlassung zur Folge haben .",Cross-Era,2
kartenspiel,5723691,Wenn ſie das Kartenſpiel nicht vermeiden konnte :,1338766,"Wir wollen annehmen , daß wir einem Unbekannten ein Kartenſpiel anboͤthen .",Early-Early,4
windspiel,328673,"Auf dem Helm ſiehet man einen Flug , und dieſes Windſpiel wieder .",4417659,"Schiemer oder Retter ſind eine Art Windſpiele , welche , wenn der Haſe gefangen die andern davon wegbeiſſen , daß ſie ihn nicht zerreiſſen .",Early-Early,4
mauerwerk,4290521,Sand 150 Thon 100 Fette Erde 115 Mauerwerck von Steinen 120 bis 125 Mauerwerck von Ziegeln .,1407708,"f f sind Oeffnungen im Mauerwerke , durch welche das Einbringen und Herausnehmen der Stäbe besorgt wird ; zwischen den beiden Oeffnungen befindet sich ein in der Abbildung nicht angedeutetes Mannloch in der Ofenmauer , durch welches die zum Füllen und Entleeren bestimmten Arbeiter in den Ofen einsteigen können .",Cross-Era,4
hausstand,2926636,"Dahero begab er ſich auch , nicht nur in ſeiner Kunſt ſich geſchickter zu machen , ſondern auch ſein Gluͤck in fernen Landen zu ſuchen , von da weg , und gieng nach Halle , Jena , Gieſſen , Marpurg , Franckfurth , Nuͤrnberg , Wien und Prag in Condition , von wannen er noch in unterſchiedenen Koͤniglichen Chur-und Fuͤrſtlichen Hof- und Cantzley-Buchdruckereyen auch in denen beruͤhmteſten Handelsſtaͤdten theils gearbeitet , theils ſelbige beſehen , bis er endlich im Sept. 1727 . nach Tuͤbingen gekommen , allwo er ſich den 13. April 1728 . in den Eheſtand begeben mit Jungfer Maria Sara Reiſin , Herrn Johann Conrad Reiß , ſeel. geweſenen Buchdrucker und Civ. Acad. juͤngſten Jungfer Tochter , mit welcher er diejenige Buchdruckerey erheyrathet , welche uͤber 200. Jahr auf dieſer Familie von Zeit zu Zeit bis hieher geblieben iſt , und nun Gottlob zwar in einem geſeegneten Haußſtand , doch aber ohne Kinder lebet .",3551636,Hauß-Stand iſt mit Unrecht von der Gemeinſchafft der Kirchlichen Rechten ausgeſchloſſen lV .,Early-Early,4
kinderspiel,2641897,"Ein unzerſtoͤrbarer Friede wird in euern Wohnungen , und eure Dichterkriege nur Kinderſpiele ſeyn .",5841534,"Bei einigem guten Willen der Regierungen — das ſchien Allen zweifellos — war die Neuordnung des befreiten Vaterlandes ein Kinderſpiel ; wer die Wiederkehr der alten Machtkämpfe zwiſchen Oeſterreich und Preußen auch nur für möglich gehalten hätte , wäre als ein Läſterer verrufen worden .",Cross-Era,4
wortspiel,5503712,"Hrn. Weichmanns Schutzſchrift haͤtte darum mehr Glauben verdienet , wenn er aus den getadelten Poeten eben dergleichen geſchickte Stellen , und zwar in gleich groſſer Anzahl , als von dem Kunſtrichter aus den gelobten angefuͤhrt worden ; oder wenn er aus den gelobten eben ſo ſchwuͤlſtige Metaphoren und laͤppiſche Wortſpiele , als von jenem aus den getadelten beygebracht worden , zuſammengetragen haͤtte .",3514835,"Man ſieht aber wohl , daß er auch in Wortſpielen , die Spitzfindigkeit in den Gedancken , nicht aber in den Worten allein geſucht haben will :",Early-Early,4
gesichtszug,2172164,"Alle ihre Geſichtszuͤge ſind harmoniſch , und einer fuͤr den andern gemacht .",1782831,"Sie ſind dargeſtellt wie im Kampf mit irgend einem unſichtbaren Feind , die Muskeln ihres Körpers treten ſtraff hervor , und ihre Geſichtszüge ſind verzerrt .",Cross-Era,3
zitronensaft,4207003,"Was anlanget den Zitronenſaft , der zu Paris verkaufft wird , denſelben mag man nur gaͤntzlich verwerffen , weil er blos von verfaulten Zitronen gemacht worden iſt .",652232,"Violenzucker , die aus feinem Zucker mit Roſenwaſſer oder Roſenoͤle , mit Citronenſafte und Citronenſchalen , und mit Violenſafte zugerichtet werden ; 7 )",Early-Early,4
triebwerk,2587979,"Die Arbeit des Schlossers griff vielfach in die Thätigkeit anderer Eisenarbeiter über , einerseits in die der Schmiede , insofern sie ebenfalls Beschläge , Gitter u. s. w. anfertigten , anderseits in die des Mechanikers , als sie auſser den Schlössern Winden , Uhrwerke und andere Triebwerke herstellten .",2463243,"1. Einfache Walz- und Schneidewerke , bei welchen auf beiden Seiten des Gebäudes je ein Wasserrad liegt , wodurch für das Triebwerk der Walzen und Schneidescheiben nur zwei Stirnräder und zwei Trillinge nötig sind .",Late-Late,4
zitronensaft,1471622,Statt der Mineralsäuren kann man auch Citronensaft oder Bieressig anwenden .,4641133,"Ich riet , mit dem Kaffee und Citronenſaft fortzufahren , und empfahl dabei ein heißes Fußbad ; dann wollte ich wieder gehen .",Late-Late,3
rechtsstreit,3172318,"Gaſſer in ſeiner einleitung zu den oͤkonomiſchen policei- und kameral-wiſſenſchaften cap. 18 § 1 ſ. 293 fg. lachet uͤber die Teutſchen rechtslehrer , daß ſie keinen begrif vom poſtweſen gehabt haͤtten , wenn ſie ſich mit dem Reichs-poſtamte in einen rechtsſtreit eingelaſſen haͤtten .",1292466,"Wenn derjenige , der durch die wiffatio ein Grundstück in Anspruch genommen hatte , in dem darüber entstandenen Rechtsstreite unterlag , so muſste er wegen rechtswidriger wiffatio eine Buſse von sechs Solidi zahlen .",Cross-Era,4
sonnenschein,3192287,"Es war das Wetter auserleſen , Nebſt einem ganz entwoͤlkten Himmel , und einem warmen Sonnenſchein , War die durch nichts bewegte Luft ſo angenehm , als ſanft und rein .",4416836,"Einige ſagen , die Decken waͤren viereckigte Stuͤcken Tuch geweſen , welche im Kriege und in den Turnieren oben an dem Helme uͤber der Stirne feſt gemacht worden , theils damit die von Metall gemachte Helme bey heiſſem Sonnenſchein nicht erhitzet wuͤrden , theils damit die mit Gold und Edelgeſteinen ausgezierte Helme bey garſtigem Wetter bedecket , und alſo reine behalten wuͤrden .",Early-Early,4
stückwerk,1851236,"All’ unser Wissen , nicht nur , sondern auch unser Aussagen bleibt Stückwerk .",897301,Die Reform blieb Stückwerk und erregte nur den Groll der Handwerker .,Late-Late,2
zeughaus,660053,"Hiernaͤchſt iſt bey der nahe am Zeughauſe befindlichen Schleuße eine ſchoͤne und breite Anfuhrt , die man wol den Hafen von Berlin nennen kann , weil man daſelbſt beſtaͤndig eine Menge kleiner Schiffe den Fluß herauf oder herab fahren ſieht .",4219627,Das vornehmſte Zeughaus iſt im Towr zu London .,Early-Early,4
rechtsstreit,3166917,"Den rechtsſtreit erzaͤlet George Adam Struve de iure ouium , und aus diſem Stryk im vſu moderno π . im 21ten buche tit. I § 14 , auch der von Rohr im haushaltungsrechte ſ. 819 fg .",2020303,"Jeder Gläubiger , für welchen der Anſpruch gepfändet iſt , kann ſich dem Kläger in jeder Lage des Rechtsſtreits als Streitgenoſſe anſchließen .",Cross-Era,4
heerführer,3926354,"Es ſind alſo die Officirer kleinere Gewaltige , deren immer einige anderen unterthaͤnig gemacht , und von der hoͤchſten Gewalt deſto entfernter , dahingegen andere nach der Beſchaffenheit des Rechts , ſo ſie haben , ihr naͤher ſind : aber die vorzuͤglich ſo genannten Heerfuͤhrer kommen der hoͤchſten Gewalt am naͤchſten .",3939650,"Marbod , ihr Heerfuͤhrer , war aus einem fuͤrnehmen Marcomanniſchen Geſchlechte gebohren , und in ſeiner Jugend , man weiß nicht bey was vor Gelegenheit , nach Rom gekommen , daſelbſt der Kaͤiſer ihm viel Gnade bezeigete .",Early-Early,4
eisenwerk,966924,"Man muß auch das Gewehr auf der Ruͤſt- Kammer , wann es die Fliegen Som̃ers durch gantz beſchmieſſen , reinlich abſaubern laſſen ; auch iſt gut alles Eiſenwerck zur Jagd in prima facie ſagittarii jetzigen Monats ſchmieden zu laſſen , weil es vor gluͤcklich gehalten wird ; Gleicher geſtalt ſoll man jetzo das Holtz darzu fertigen .",2601276,"Es ist nur sehr wenig über dieses für jene Zeit sehr bedeutende Eisenwerk , das später einging und verschwand , überliefert ; um so interessanter ist das , was Macarius , der Patriarch von Antiochien , der um jene Zeit Ruſsland besucht hat , in seinem Reisebericht mitteilt .",Cross-Era,4
heerführer,229208,Gebet eines Hertzogs und Heerfuͤhrers oder Feld- Marſchalen .,3928785,"Daß namlich um das Jahr der Welt 3912 . die alten Helvetier unter ihrem Heerfuͤhrer Ogetorix ſich verbunden / ihre wilde Lande zuverlaſſen / und das fruchtbare Jtalien einzunemmen / deßwegen vor ihrer Abreiſe in die 12. Staͤtt / und 400 Flecken und Doͤrffer / mit allem Korn- und anderem Vorꝛaht verbrent ; ut Domum reditionis ſpe ſublata , paratiores ad omnia pericula ſubeunda eſſent .",Early-Early,4
eifersucht,1966606,Unſtreitig wahr iſt es / daß Eyfferſucht und Liebe allezeit beyſammen / denn dieſe ſo genau mit einander verbunden / daß ohnangeſehen ihrer widrigen Wuͤrckungen / ſie dennoch nicht getrennet werden koͤnnen .,5950187,"Ein letzter , langer , ſchwerer Abſchiedsblick In Haß und Eiferſucht und Schmerz und Weh .",Cross-Era,3
wunderwerk,2558151,"Um den ganzen Firth ziehen sich viele Niederlassungen hin , auch wird derselbe in seiner ganzen Ausdehnung von Eisenbahnlinien umsäumt ; ja im Hintergrunde der Bucht erregt ein Wunderwerk moderner Technik , die grosse Eisenbahn-Forthbrücke , unsere ganz besondere Aufmerksamkeit .",1589784,So wird dem Wunderwerk der Suspension- oder Brooklyn-Brücke bald ein zweites zur Seite gestellt sein .,Late-Late,4
schauspiel,2594762,"Dies konnte er aber nur mit Hülfe Fremder , vornehmlich deutscher Arbeiter , und so ergab sich das eigentümliche Schauspiel , daſs , während er auf der einen Seite die deutschen Kaufleute aus dem Lande zu treiben suchte , er auf der andern Seite deutsche Eisenarbeiter nach Schweden kommen lieſs , um Hochöfen und Frischhütten zu erbauen und zu betreiben .",2320272,"Aber das Schauspiel welches ihm die heilige Stadt bot , musste die Besorgniss erwecken , dass das Kriegstheater , das er im oberen Italien rasch durchflogen und dessen Nähe ihn aus Venedig weggetrieben , demnächst nach Rom verlegt werden würde .",Late-Late,2
heerführer,229208,Gebet eines Hertzogs und Heerfuͤhrers oder Feld- Marſchalen .,4195229,"Drei Tage später kamen die beiden feindlichen Heerführer in der offenen Hauptstadt Hanshon ( Han-Tshing oder Kjöng ) an , vereinigten ihre Armeen und rückten weiter nordwärts vor bis zum Rinchinkiang , wo ihnen ein koreanisches Heer den Weg verlegte .",Cross-Era,4
bergwerk,2470245,"Dieses Verhältnis wurde nach dem Aussterben der älteren Wolfenbütteler Linie 1634 durch den Erbvertrag vom 15. Dezember 1635 zwischen den Linien Hannover und Braunschweig geregelt und zwar „ hat man sich freundvetterlich vereiniget , daſs die Fürstlichen Oberharzischen und Unterharzischen Bergwerke der Orts gefunden und ungefunden , wie auch die Hohheit über die Bergwerk und Bergstädte , nämlich Zellerfeld , Wildemann , Grund und Lautenthal , ingleichen die beiden Rammelsbergischen und Zellerfelder Forsten , das Salzwerk zu Juliushalle , auch Eisenfaktorei und Hüttenwerk zu Gittelde ( jedoch den Flecken Gittelde , welcher zu der Hoheit des Hauses und Amtes Stauffenberg gehört , ausbeschieden ) noch zur Zeit bis zu fernerer gütlicher Vergleichung unzerteilt zu gleichem Nutz und Vorteil zwischen den dreien Linien pro quotis gemein bleiben soll , dergestalt , daſs das Bergamt und Alles was darin gehört nomine communis administriert wird … “",3289354,"Soweit die Akkumulation dieser Papiere die Akkumulation von Eisenbahnen , Bergwerken , Dampfschiffen etc. ausdrückt , drückt sie Erweiterung des wirklichen Reproduktionsprocesses aus , ganz wie die Erweiterung einer Steuerliste z. B. auf Mobilareigenthum die Expansion dieses Mobilars anzeigt .",Late-Late,2
schauspiel,1113971,"Arnoldi , der einſt von dem alten Könige zurückgewieſene , nunmehr von dem Nachfolger begünſtigte neue Biſchof von Trier , gerieth bald in die Hände der clericalen Partei und veranſtaltete im Sommer 1844 die Ausſtellung des ungenähten heiligen Rocks — ein Schauſpiel , das ſeit mehr als einem Menſchenalter unterblieben war und jetzt , wie der alte Görres öffentlich ausſprach , lediglich dazu dienen ſollte , den Triumph der Kirche über den paritätiſchen Staat feierlich zu bekunden .",2403154,Drei Stunden dauerte dieses Schauspiel .,Late-Late,2
sonnenuhr,3876824,"Der Heliotrop unten auf dem Rondell , um die Sonnenuhr herum , iſt mir lieber als Mentone . “",5516798,"Keine neue Erfindung , ſondern nur die Vervollkommnungen dieſer Gnomone ſind die Sonnenuhren .",Late-Late,4
zitronensaft,2247276,"Beym Anrichten druͤcket Citronenſafft hinein , ſo kan es aufgetragen werden .",2770143,"Ausfärben der Seide in einem Orleanbade bei 50 bis 60 ° R. , um ihr den nötigen gelben Fond zu geben ; dann durch ein ſchwach angeſäuertes Waſſerbad paſſieren und in beſonderem Bade mit Safflor ( kalt ) oder Cochenille ( warm ) ausfärben ; ſchließlich Schönen mit Eſſigſäure oder Citronenſaft , oder Paſſieren durch eine Zinnlöſung .",Cross-Era,4
uhrwerk,6070322,"Die erſte Figur ſtund mitten im Tempel auf einem runden Altar , und war eine runde goldene Sonnen-Kugel , Statt derer Strahlen aber lauter koͤſtliche Diamanten und andere blitzende Edelgeſteine ſich allenthalben zeigten , und bey denen angebrannten Fackeln lauter feurige Strahlen hervor ſchoſſen , abſonderlich , wenn vermittelſt des kuͤnſtlichen Uhrwercks dieſe Kugel ihren Sonnenartigen Lauff und Betragung circa Centrum mit ungemeiner Geſchwindigkeit verrichtete .",5882720,"Wir duͤrffen deswegen nur die Frantzoͤſiſche oder von Philip Zeſen ins Hochteutſche uͤberſetzte Romaine , Ibrabim Baſſa intituliret , aufſchlagen ; dieſe entdecket zur Gnuͤge , was fuͤr Herrlichkeit und curieuſe Pracht in dem Schloß des Durchl. Ibrabim Baſſa , Groß-Veziers und oberſten Statthalters der Tuͤrcken , mit allen dabey befindlichen Pertinent . ſoll zu ſehen geweſen ſeyn : Verſtehe ſo manche koſtbare Tafeln , Seulen , Gallerien , Gaͤrten , Grotten und Luſt-Hoͤlen , Caſcaden ꝛc. Bibliotheken , Globi , oder Erd- und Himmels-Kugeln , ſonderliche und ungemeine Spiegel , Schau- und Brenn-Glaͤſer , Priſmata , Polyedra , Spiegel , Optiſche Gemaͤhlde , Uhrwercke , Mathematiſche Inſtrumente , nebſt einer herrlichen Ruͤſt-Kammer , und Kunſt-Zimmern ſonderlich , in welchen viele ſchoͤne Cabinetter und Pracht-Laͤdgen mit Smaragden , Rubinen , Diamanten , Tuͤrckiſen , Gold und Perlenmutter verſetzt , befindlich geweſen .",Early-Early,4
sonnenuhr,3873189,"Sie ſaßen dann oben in der luftigen , großen Stube , Roswitha wiegte das Kind und ſang in einem thüringiſchen Platt allerlei Wiegenlieder , die niemand recht verſtand , vielleicht ſie ſelber nicht ; Effi und Frau von Brieſt aber rückten ans offene Fenſter und ſahen , während ſie ſprachen , auf den Park hinunter , auf die Sonnenuhr oder auf die Libellen , die beinahe regungslos über dem Teich ſtanden , oder auch auf den Flieſengang , wo Herr von Brieſt neben dem Treppenvorbau ſaß und die Zeitungen las .",3876989,"Nachts lag er vor Effi's Thür auf der Binſenmatte , morgens , wenn das Frühſtück im Freien genommen wurde , neben der Sonnenuhr , immer ruhig , immer ſchläfrig , und nur wenn ſich Effi vom Frühſtückstiſch erhob und auf den Flur zuſchritt und hier erſt den Strohhut und dann den Sonnenſchirm vom Ständer nahm , kam ihm ſeine Jugend wieder , und ohne ſich darum zu kümmern , ob ſeine Kraft auf eine große oder kleine Probe geſtellt werden würde , jagte er die Dorfſtraße hinauf und wieder herunter und beruhigte ſich erſt , wenn ſie zwiſchen den erſten Feldern waren .",Late-Late,4
sonnenstrahl,5167863,"Nachdem der Sonnenſtrahl ſie faͤrbt , der ſie zugleich zur Reiffe bringt Wenn ſeines Feuers ſtrenger Guß , die uͤberzogne Haut durchdringt :",838910,"Man muß ſich zu den Orangen-Baͤumen einen ſolchen Ort im Garten erwehlen , welcher gegen Mittag und Abend frey ſtehet , und daß weder Haͤuſer noch Baͤume im Wege ſind , damit ſie nicht nur der warmen Luft , ſondern auch der Sonnenſtrahlen den gantzen Tag genieſſen koͤnnen .",Early-Early,4
hausstand,4431977,Der ordentliche Hausſtand .,4431815,Der ordentliche Hausſtand .,Early-Early,4
wunderwerk,1905562,"Dann er will bey der Religion lauter ſolche Saͤze haben , die jedem an ſich ſelbſt offenbar und deutlich ſind , dieſe aber erweiſen ſich durch ihre eigene Natur ſchon genug ; und Wunderwerke koͤnnen zu ihrer deſto mehrern Beglaͤubigung nichts beytragen : Credimus ; & hoc no- bis non altius inſeret Ammon .",778069,"Prodigium , Wunderweꝛck , Wunderzeichen , ein Zeichen , ſo was Boͤſes bedeutet , Wunder-Geſicht , unnatuͤrlich oder widernatuͤrlich Ding .",Early-Early,4
zeughaus,642987,"Hingegen wenn es ihm wieder abgenommen , und im Zeughauſe beygeleget wird , ſo heißt es ein Schiff abtackeln , franz. Desagréer , holl. Ontaakelen , ſiehe Abtackeln .",1712492,"Und dazu kamen nun noch die ſtädtiſchen Getreideſpeicher und Zeughäuſer , die Beſchaffung von Kanonen und Waffen .",Cross-Era,4
wortspiel,1624402,"Ueber Pfeifer’s Wortſpiel hat er mitgelächelt , nun tritt er an ihn und redet ihm zu wie das erſte Mal ) .",898107,"Seine Jungen ſangen ein Trutzlied mit dem eleganten Wortſpiele „ nicht zecken und nicht ſcheeren ſoll uns ein fauler Bauch “ und nannten die Holzköpfe , die ſie auf der Haſenhaide mit dem Ger herunterſchoſſen , Wadzecks .",Late-Late,2
uhrwerk,3485099,Sie ſind beyde der Meinung / daß wie keine Schoͤnheit leichtlich ohne Fehler / alſo nicht leichtlich Fehler ohne Schoͤnheit anzutreffen ſeyn / und daß ſich offtermahls etwas Lieb-wuͤrdiges befinde / welches fuͤr vielen Augen verborgen bleibt / aber dennoch Andere mehr ſcharffſichtige und durchdringende entzuͤcket ; ja offtermahls ein Gemuͤtte durch einen gantz unbekannten Trieb / wie durch die verdeckten Raͤder eines Uhrwercks an ſich ziehet und hefftet .,5530022,"Jeder geſprochene Laut übt eine verſchiedenartige Einwirkung auf dieſe Teilchen aus , welche zum Ausdruck kommt , indem ihre Bewegung mechaniſch und durch Elektrizität auf Schreibſtifte übertragen wird , die auf einer von ſechs neben einander laufenden Linien ( Fig. 516 ) jeden Laut auf einem durch Uhrwerk langſam abrollenden Papierſtreifen , zum deutlichen , bei einiger Übung leicht zu entziffernden Abdruck bringt .",Cross-Era,2
kartenspiel,2907077,"Es muß ein ieder Soldat ſeines Landes-Herrn geſamte commandirende Generalitaͤt als ihm ſelbſt ehren , und auf keinerley Weiſe ſich ihnen widerſetzen , ſo lieb ihnen abermahls ihre Ehre , Leib und Leben iſt , die Salva-Guardes und Schutz Briefe , ſo von dem Landes-Fuͤrſten ſelbſt , als auf Ordre von dero Generalitaͤt , ausgeſtellet werden , reſpectiren , denen Ober- Officirern , vom unterſten biß auf den hoͤchſten , ſie ſeyn von demſelben oder einem andern Regiment , mit allen gebuͤhrenden Reſpect und Gehorſam begegnen , alles duelliren , Schlaͤgereyen oder auch andere unfertige Haͤndel , bey einer Lebens- oder andern peinlichen Straffe vermeiden , ſich vor dem Kartenſpielen oder Wuͤrffeln , bey Straffe der Spieß-Ruthen , huͤten , nach dem Zapffen-Schlage in ſeinem Quartier finden laſſen , zur Arbeit , es ſey im Felde , Belagerungen oder Guarniſon , willigſt und zu rechter Zeit einfinden , bey beſetzter Wache , inſonderheit Nachtſchlaffender Zeit , keinen unnoͤthigen Allarm machen , die Wache nicht verſaͤumen , auf der Schild-Wache nicht ſchlaffen , oder vor der Abloͤſung weggehen , ſich den Wachthabenden Officirer oder ſonſt iemand an der Wache , ſie ſeyn von des Landes-Fuͤrſten oder fremder Potentaten Trouppen , wenn ſie mit einander auf Commando ſtehen , in Verrichtungen , darzu er commandiret wird , nicht widerſetzen , zum Marche und Commando auf die gewoͤhnlichen Sammel-Plaͤtze , ſobald darzu angeſchlagen wird , einfinden , die Zug-Ordnung richtig halten , von der Fahne nicht abſentiren , und dahinten bleiben , in Schlachten , Scharmuͤtzeln , Stuͤrmen , oder bey was Gelegenheit es immer wolle , die Flucht nicht ergreiffen , und ſeinen Poſten und Schild-Wache oder andern Herren-Dienſt , der ihm anbefohlen iſt , nicht verlaſſen , noch weniger gar etwan meyneydiger Weiſe deſertiren , mit dem Feinde nicht muͤndlich oder ſchrifftlich correſpondiren , oder demſelben die Loſung offenbahren , alle verdaͤchtige Rottirungen , Zuſammenkuͤnffte und Berathſchlagungen meiden , ohne Conſens der Ober-Officirer keine Sponſalien oder Ehen celebriren , ſeinen Wirth , Wirthin oder Geſinde nicht ungebuͤhrlich tractiren , ſein Gewerbe , Waffen und Kleidung , auch alles andere , was zur Herren-Montur gehoͤrt , nicht wegwerffen , muthwillig verderben , verſetzen , verkauffen , oder aufs Spiel bringen , ohne Vorwiſſen der Ober- Officirer keine unnoͤthige Schulden machen , niemanden , weder auf dem Marche noch ſonſten mit Gewalt etwas abnehmen , bey der Muſterung ſein eignes , keines wegs aber gelehnt fremdes Gewehr und Montur haben , oͤffentlich bey Verſammlung des Kriegs-Volcks nicht um Geld ruffen , und die ſolches thun , ſind als Meutmacher , ohne alle Gnade , an Leib und Leben zu beſtraffen , und uͤberhaupt ſeines Commandeurs Gebothen nachzuleben , und allen oͤffentlichen unter Trompeten , Trommel und Paucken angekuͤndigten Gebothen und Verbothen bey der darinnen geſetzten Straffe nachzukommen und Folge zu leiſten .",4828554,"Durch das Geſetz vom 3. Juli 1878 ( R.G. Bl. S. 133 ) wurden Spielkarten vom 1. Januar 1879 an unter Aufhebung aller Landesſtempelabgaben einer zur Reichskaſſe fließenden Stempelabgabe unterworfen , welche 0,30 Mark für jedes Kartenſpiel von 36 oder weniger Blättern , 0,50 Mark für jedes andere Spiel beträgt .",Cross-Era,4
triebwerk,3657789,"Uhren , welche ein ſelbſtſtändiges Triebwerk beſitzen und nur innerhalb gewiſſer Zeiträume durch Einwirkung elektriſcher Ströme gerichtet werden , nennt man Secundäruhren oder , wenn die Richtigſtellung alle Stunden erfolgt , Stundenſteller .",5512412,"Das tritt insbesondere hervor , wenn das zugehörige Triebwerk ein umfangreiches , die mögliche Grösse der Geschwindigkeitsänderung V1—V2 gering ist .",Late-Late,4
ruhestand,2104799,Mit Anſpruch auf Penſion und Amtstitel wird das Beamten-Verhältniß beendigt durch Verſetzung des Beamten in den Ruheſtand wegen Dienſtunfähigkeit .,2104324,"Sie kommen daher weder bei der Verſetzung in ein anderes Amt , noch bei der einſtweiligen Verſetzung in den Ruheſtand , noch bei der Penſionirung in Anrechnung . Thatſächlich können die Beträge , welche dem Beamten erſetzt werden , zwar die von ihm wirklich gemachten baaren Auslagen überſchreiten und deshalb können derartige Bezüge einen Theil des Dienſteinkommens bilden , der thatſächlich eine Gehalts- Erhöhung darſtellt : im Rechtsſinne aber ſind ſie nicht Einnahmen des Beamten , ſondern lediglich Erſatz von Auslagen .",Late-Late,4
streitsache,657652,"Die ſchriftliche Verſicherung oder der Vergleich , wodurch ſowol Kaufleute , als andere Perſonen , ſich zu obiger Erklaͤrung verbindlich machen , heißt ein Compromiß : gleichwie die Entſcheidung der Streitſache durch ſolche Schiedsrichter und der daruͤber gefaͤllte Ausſpruch , bey den Kaufleuten die Arbitrage , ſonſt aber der ſchiedsrichterliche Ausſpruch genennet wird .",230254,Citation vor Gericht ſoll an heil. Feyertagen nicht geſchehen 11 . n. 2 . verhindert dreyßig jaͤhrige Verjaͤhrung 15 . n. 1 . auf was Art geſchehen ſoll 16 . n. 2 . wider welche ergehen ſoll 16 . n. 3 . deren Art ſoll protocolliret werden 16 . n. 3 . ſoll den Jnnhalt der Streitſache haben 17 . n. 6 . derſelben Uꝛſache wann nicht noͤthig zu melden 19 . n. 12 . deren Unkoſten wer zu erſtatten ſchuldig 400 . n. 1 . deren Wuͤrckung 16 . n. 1,Early-Early,2
schauspiel,4219257,"Von ihren Schauſpielen , eb. daſ .",2363656,"Freundlicher als ich es ohne dieſes chriſtliche Schauſpiel gethan haben würde , redete ich ſie an , nahm ſie unter den Arm und führte ſie , — mir machte man Platz , — an der Frau Amtmännin vorüber , die eben in ihre ſtolze Caroſſe ſtieg .",Cross-Era,4
sonnenstrahl,4451119,"Denn ob es gleich ſcheinen moͤchte , daß die entferneteren Kugeln aus leichterem Stoffe beſtehen muͤſten , damit ſie von der geringern Kraft der Sonnenſtrahlen die noͤthige Wirkung verſpuͤren koͤnnten ; ſo iſt dieſes doch nur ein Zweck , der auf die Beſchaffenheit der auf der Oberflaͤche befindlichen Materien , und nicht auf die tieferen Sorten ſeines inwendigen Klumpens zielet , als in welche die Sonnenwaͤrme niemals einige Wirkung thut , die auch nur dienen die Attraction des Planeten , welche die ihn umgebenden Koͤrper zu ihm ſinkend machen ſoll , zu bewirken , und daher nicht die mindeſte Beziehung auf die Staͤrke oder Schwaͤche der Sonnenſtrahlen haben darf .",4856632,"Die Gaͤnge moͤgen in der Sonnen-Hitze mit friſchem Laubwerck beſchattet , und ihnen alſo ein Schirm ſeyn , darunter ſie ſich vor den hitzigen Sonnenſtrahlen verſchlieffen und abkuͤhlen .",Early-Early,4
sündenfall,2585481,"Andere Platten der Sammlung stellen die Kreuzigung , den Sündenfall und das jüngste Gericht dar und rühren gleichfalls von Soldan her .",1210335,"Sündenfall und Gnade sind aber so eng zusammengehörige Teile eines einzigen Organismus , dass die leiseste Berührung des einen auf den anderen wirkt und so wurde denn auch nach und nach die wahre Bedeutung des Mythus vom Sündenfall derartig abgeschwächt , dass man heute allgemein die Jesuiten als Semipelagianer bezeichnet , und dass sogar sie selber ihre Lehre eine scientia media nennen .",Late-Late,4
ruhestand,3549268,"Jch kan wol ſagen , da ich ſonſten unterſchiedlicherley geſucht , wie dem ſpruch huͤlffe , daß er nicht andern goͤttlichen ſpruͤchen von der kirchen bevorſtehenden ruhe-ſtand widerſprechen moͤchte , aber nicht eben ſo wol gefunden , worauf beruhete :",4484263,"Im Ruhestande , d. i. wenn keiner der beiden Hebel o niedergedrückt ist , ist der Leitungsdraht a b durch einen der beiden Umwindungsdrähte m und die Ruhecontacte der Hebel o an beiden Stationen in leitender Verbindung mit der Erde .",Cross-Era,2
sonnenstrahl,1091201,"Dass nicht die Sonnenstrahlen die Dunkelung hervorrufen , ergibt sich schon daraus , dass die bedeckten Körpertheile bei farbigen Menschen keine Unterschiede zeigen .",5099284,"Einſam in dem Wüſtenlande Auf dem rothen , heißen Sande Stehſt du , Arme , hergebannt ; Sollſt als Blume einſam blühen Bei der Sonnenſtrahlen Glühen , Unbeachtet , unerkannt .",Late-Late,4
schauspiel,1968226,Die Leiber dieſer armen Ungluͤckſeligen wurden auf den Miſt geworffen / um aller Welt zu einem veraͤchtlichen Schauſpiel zu dienen / und endlich von denen wilden Thieren zerriſſen zu werden / ihre Haͤuſer wurden niedergeriſſen / mit ernſtlichem Befehl ſelbige niemahls wieder aufzubauen .,4318905,"Aus eben der Urſache habe ich niemals bey einem neuen Schauſpiel Geraͤuſch gemacht oder andern unruhige Zeichen des Misfallens gegeben , wenn ich es auch fuͤr noch ſo ſchlecht hielte .",Early-Early,4
bergwerk,1813939,"Ganz anders muſs der staatsmann beurteilt werden , der den bürger als bürger in ruhigen zeiten mit staatsgeldern füttern will . der gedankengang ist auch da , wie es bei den radikalen zu sein pflegt , sehr schön logisch . der staat ist eine actiengesellschaft und verteilt die dividenden an die actionäre . so hatte schon 483 eine verteilung der überschüsse aus den pachtgeldern der bergwerke an die bürger statt finden sollen , und wenn das damals von Themistokles verhindert worden ist , so wird es doch zu andern zeiten sowol in der sammtgemeinde wie in den demen vorgekommen sein . die theorika des Eubulos gehören sachlich in diese kategorie , und Demosthenes hat diese vergeudung der staatsmittel bitter empfunden , wenn er auch demagoge genug war sie zu zeiten zu verteidigen . wenn er die rede πεϱὶ συντάξεως nicht selbst verfaſst haben sollte , ( was ich glaube , wenn ich ’s auch nicht beweisen kann ) , so ist diese doch keineswegs von dem dummen rhetor , dem man sie seit F. A. Wolf zuschreibt . denn weder inhalt noch form verweist sie aus dem demosthenischen zeitalter . dieser redner also schlägt für die wehrfähigen bürger einen sold als στϱατιωτικόν vor , für die greise ein ἐξε- ταστικόν oder wie man das nennen wolle ( 4 ) . er will dafür gegenleistungen verlangen , insbesondere den persönlichen kriegsdienst , und wenn wir jetzt nur ziemlich vage gedanken lesen , so hat er das früher ausführlicher dargelegt ( 9 ) , aber die übele erfahrung gemacht , daſs das volk für alles taube ohren hatte , nur nicht für die zwei obolen ( 10 ) . man kann das nicht wol anders verstehen , als daſs er die diobelie in etwas anderer form vorgeschlagen hatte . schlimm genug ; und doch dürfte fraglich sein , ob sie unter gleichzeitiger beseitigung der ungleich höheren diäten für die volkversammlung und unter beschränkung der spielgelder nicht ein vorschlag war , der wenn auch praktisch kaum discutirbar , theoretisch sogar einen finanziellen vorteil für die staatskasse in aussicht stellte . ich für mein teil traue ihn dem Demosthenes in der zeit , wo er von brennendem ehrgeiz verzehrt in der opposition stand und jede innere und äuſsere frage als sprungbrett in die regierung versuchte , ohne bedenken zu . wie dem aber auch sei : für die diobelie des Kleophon ist der vorschlag der rede aus eubulischer zeit eine sehr belehrende parallele .",2468846,"Um die Einführung der hohen Öfen machte sich der Kammergraf der steirischen Bergwerke , Edler von Koffler , besonders verdient , dem zum Dank von der Hauptgewerkschaft in der Pfarrkirche zu Eisenerz dafür ein Denkmal errichtet worden ist .",Late-Late,2
mauerwerk,1405192,"Hierher gehört z. B. die Vorwärmung der unter den Rost strömenden Luft , indem man sie durch Züge im Mauerwerk des Ofens oder unter der Herdplatte desselben hindurchführt ; oder auch die Anwendung von Unterwind statt des natürlichen Luftzuges .",1400809,"Die Entziehung der Gasproben pflegt mit Hilfe schmiedeeiserner Röhren bewirkt zu werden , welche man entweder von der Seite her durch Oeffnungen in dem Mauerwerke in den Ofen einschiebt oder von der Gicht aus mit der Beschickung allmählich einsenkt .",Late-Late,4
sonnenstrahl,5166388,"Als ich dieſe zarten Spiegel naͤher vor die Augen nahm , So ſchien es , als wenn der Schoͤpfer mir recht ins Geſichte kam , Der in dieſer kleinen Blum , von der Sonnenſtrahl verguͤldet Als der Vater alles Lichts , wie im Spiegel abgebildet .",3300274,"Da erfriſchen ſich die Blaͤtter , Die der Sonnenſtrahl durchwuͤhlt .",Early-Early,2
schauspiel,1725940,"Es iſt mithin eine rechte Luſt zu ſehen , wie Hr. Gottſched dieſe Horaziſche Grund- Regel in einer beygefuͤgten Anmerckung bald auf den Wohlſtand in der Kleidung , bald auf die Fabel in einem Heldengedichte , oder Schauſpiele zuzueignen gewußt hat : Ungeachtet Horaz hier mehr auf die Wahl und die geſchickte Zuſammenordnung und Einrichtung der Materie nach einer gewiſſen Zeichnung und Abſicht uͤberhaupt , als auf die beſondere Form eines Gedichtes ſein Abſehen gerichtet hat .",2641377,"Und das letzte eine Nachricht von denen im vorigen Monate in Leipzig aufgefuͤhrten Schauſpielen , von ꝛc. ꝛc .",Early-Early,2
stockwerk,1352900,"Wenn in dem oberſten Stockwerke die Zimmertiefe 6m nicht überſchreitet , ſo müſſen in dieſem Stockwerke die Hauptmauern aus Stein 0,61m und aus Ziegeln , welche die bisher vorgeſchriebenen Dimenſionen haben , 1½ Ziegel ſtark ſein .",1352131,"Peruzzi , einem Schüler von Bramente ) oder durch Pfeilerſtellungen und ſchwache Wand-Quaderungen ( Palaſt Giraud ) ausgezeichnet werden , iſt das Vorhandenſein ſehr ſtarker Quadern in allen Stockwerken , welche oben mit einem weitausladenden Hauptgeſims bekrönt und unter den Bogenfenſtern mit kräftigen Geſimſen von einander getrennt ſind , das charakteriſtiſche Erkennungszeichen der „ florentiniſchen “ Bauweiſe .",Late-Late,4
heerführer,3509389,"Er bittet die Muſen , ihm alle die Armeen und ihre Heerfuͤhrer zu entdecken , die ſich bey Troja verſammlet , welche damahls gewiß kein Menſch mehr zu nennen wuſte .",5465730,"Wie nun der Semgallen Heerfuͤhrer die Litthauer durch GOttes Barmherzigkeit ſo beſtuͤrzt ſahe , ſprach er ſeinen Leuten ein Herz ein , mit ihnen tapfer ein Treffen zu wagen .",Early-Early,2
sonnenschein,5544283,"Giebt es einen warmen Sonnenſchein , ſo kan der Miſt und die Gefaͤſſe weggethan und Glas-Glocken oder Fenſter darauf gebracht werben .",4396663,"Licht iſt ſein Weg und ſein Rad , Sonnenſchein ſein Wagen und mit Geiſterſchwingen ſchwebet er über den Waſſern , groß iſt er in Land und Meeren , der größte in allen Welten .",Cross-Era,4
tagewerk,4650830,"Und ſollte ich auch nur einen einzigen Menſchen finden , der dieſen Glauben achten und vielleicht gar dann lieben lernt , ſo iſt mein Tagewerk nicht umſonſt gethan , und ich will irgendwo auf dieſer Erde mich von meiner Wanderung gern zur Ruhe legen . “",2805719,"Selbstberäucherung , wenn allzu reichlich gespendet , droht zu umnebeln , und noch bedarf es frischen Blickes und ungeschwächter Kraft , bereit zum Tagewerk .",Late-Late,4
grundfläche,4113062,"Hieraus folget / weil man allerhand Eck- Kegel in triangulare Eck-Kegel theilen kan / daß allerhand Stuͤck Eck-Kegel kan zertheilet werden in drey andere Eck-Kegel die gebundener Weiſe ebenmaͤßig ſeynd in ratione laterũ homologorum , das iſt / in Verhaltnus ihrer correſpondenten Seiten / darvon der Erſte und letztere die zwo Grundflaͤchen des Stuͤcks fuͤr ihre Grundflaͤche haben / und gleiche Hoͤhe mit dem gantzen Stuͤck Kegel .",4113028,"Wie auch die Flaͤche B ∝. der Flaͤche D. und alſo daß d. n. 346. die gantze Hoͤhe AO . gleicher Weiſe / oder mit gleichen Beſchaffenheiten und conditiones auf die Grundflaͤche D. gezogen iſt / als die Hoͤhe aO auf die Grundflaͤche d. und eben auch FO. auf B. wie fO . auf b. woraus folget d. n. 407. daß eben wie der □ fO. b. ∷ □ aO. d. und alternando , d. n. 80 der □ fO .",Early-Early,2
grundfläche,4113033,Eine Drey-Eckichte Eck-Seule kan in drey gleiche Eck-Kegel zertheilet werden / deren zwey gleiche Hoͤhe und Grundflaͤche mit der Eck-Seule haben .,1394659,"Unter den verschiedenen Verkokungsöfen tritt uns als die einfachste Form unter dem Namen Schaumburger Ofen eine Einrichtung entgegen , welche man sich als eine seitliche , oben offene , aus Mauerwerk dargestellte Begrenzung eines liegenden Meilers mit langgestreckter Grundfläche vorstellen kann .",Cross-Era,4
bergwerk,2460764,"Sebastian Münster meldet in seiner Kosmographey ( 1550 ) , man habe in den letzten Jahren in Wallis ein Bergwerk , auf ein Mineral , so man Kohlstein nennt , gefunden .",2599855,"6. Alle , die ein Bergwerk eröffnen wollen , müssen dies bei dem Rechnungshof eintragen lassen .",Late-Late,3
wortspiel,314858,"Menſch , du biſt nichts , als ein ſchlechtes Wortſpiel .",2004521,"Hörst du nicht , wie der Geist hier zum Wortspiel wurde ?",Late-Late,2
windspiel,1093229,"Auch die Erfahrungen der Thierzüchter sind dieser Vermuthung nicht günstig , denn bei Rennpferden , Windspielen und Cochinchinahühnern bleibt das Zahlengleichgewicht der Geburten ungestört , obgleich die strengste Polygamie herrscht .",2659561,Jch komm mir ſelbſt wie ein Windſpiel vor .,Late-Late,1
zitronensaft,2254673,"Wenn es nun eine Weile gekochet , ſo werffet die gantze Zwiebel heraus , und beym anrichten druͤcket Citronenſafft darein , ſo iſt es fertig .",4206993,"Belangend den Zitronenſaft , Aigre de Cedre , das iſt ein Saft , der aus einer gewiſſen Gattung halbreiffer Zitronen , welche von Bourgaire bey S. Rennes gebracht werden , bereitet und hin und her verfuͤhret wird .",Early-Early,4
murmeltier,3973923,Das Murmelthier .,2641802,"Wie ſollten diejenigen zu leben wiſſen , die in den Spaͤlten der Berge alles Umgangs mit den Menſchen beraubet ſind , die allda zu den Murmelthieren in einen Winterlangen Schlaf verbannet ſind !",Early-Early,2
sonnenlicht,3972843,"Daß nun ſolche Feuchtigkeiten , Die auf einigen zu ſehn , Von dem Thau nicht herzuleiten , Sondern aus der Pflanz entſtehn , Merkt man , weil ſie fett und ſuͤße : Ferner , daß der Saft entſprieße Fruͤh ’ nicht , auch im Schatten nicht , Nur im warmen Sonnenlicht .",847203,"Dis iſts , das , Wilhelm ! dich in großer Fuͤrſten orden , Gleich als das ſonnen-licht , zum ſternen-reihen bringt ; Dis iſts , wodurch dein preis dem himmel aͤhnlich worden , Der mit vermehrtem ſchein , durch oſt und weſten dringt .",Early-Early,4
kinderspiel,992225,Drum weil die liebe zeit durch honig-ſuͤſſe raͤncke Jn unſrer jungferſchafft die blume brechen wil / So fuß er neben mir ein corpo und bedencke / Die liebe ſey ein ſtrick und nicht ein kinderſpiel .,5764778,"Dem Mathematiker wäre es geläufig zu sagen : man brauche blos cx = y zu setzen , aus der Forderung a ⋹ y; b gemäss vorhandenem Schema , 11 ) des § 18 , erst auf die allgemeinste Weise y zu bestimmen , hernach — was nach den Regeln des identischen Kalkuls ein Kinderspiel — die Gleichung cx = y nach x aufzulösen .",Cross-Era,4
rehbock,968775,"Ende , nennet man auch , eine Spitze von eines Reh-Bocks Gehoͤrn .",4415853,"Werden die Hoͤrner eines Hirſchen , des Rehebocks Hoͤrner aber Gehoͤrne genennet . ſiehe Gehoͤrn .",Early-Early,4
trauerspiel,4614134,"Man wird daraus weder eine Ode , noch eine Cantate ; weder ein Schaͤfergedichte , noch eine Elegie ; weder ein poetiſches Schreiben , noch eine Satire ; weder ein Sinngedicht , noch ein Lobgedicht ; weder eine Epopee , noch ein Trauerſpiel ; weder eine Comoͤdie noch eine Oper machen lernen .",5724440,"„ Unterdeſſen muß ich zugleich geſtehen , daß man ſehr ſchoͤne Trauerſpiele hat , die nach dem andern Plan eingerichtet ſind und einen gluͤcklichen Ausgang haben : wie in der That die meiſten von den guten Trauerſpielen , welche ſeit der Zeit geſchrieben ſind , da der obengedachte Grundſatz der Kunſtrichter aufgekommen , dieſe Beſchaffenheit haben ; als die traurende Braut , Tamerlan , Ulyſſes , Phaͤdra und Hippolytus , nebſt den meiſten von Herrn Dryden .",Early-Early,2
wortspiel,3510281,Von Wortſpielen .,3510344,"Wir folgen vielmehr der Fuͤrſchrifft des Boileau , der in ſeiner Dichtkunſt ausdruͤcklich die Wortſpiele verworfen hat .",Early-Early,4
leinöl,2586375,"Eine intensivere Schwärze erreichte man durch die Erzeugung eines schwachen Überzuges von Schwefeleisen , wofür man vielerlei Rezepte hatte , z. B. ein Gemisch von Kalk und Schwefel , oder Spieſsglanz für sich aufgetragen u. s. w. Die Farbe lieſs sich glänzender hervorheben durch einen Firnis von Leinöl oder durch Bernsteinlack .",2997219,"Nach den Untersuchungen des Chemikers Cloëz in Paris ergaben in Südfrankreich gezogene Perillasamen durch Auspressen 30 % , durch Extraction mit Schwefelkohlenstoff 34,5 % , japanische Samen aber 39,2 % des trocknenden , farblosen , dünnflüssigen Oels , das gleich dem Leinöl in der Malerei verwendbar ist und in Japan für verschiedene technische Zwecke hohe Bedeutung hat .",Late-Late,3
wortspiel,5503634,"Solche giengen uͤber die Kunſt zu leſen , uͤber die Beywoͤrter , die gleichguͤltigen Woͤrter , die verſchiedenen Arten der Wortſpiele , die Phantaſieſpiele , die Anbauung der Einbildungskraft in Anſehen der Poeten , uͤber das Phoͤbus , die Fabeln , und dergleichen .",4396578,"Dann als von möglichen künftigen Hüten thurmartiger Geſtalt die Rede wurde , glaubte er eine Anſpielung auf ſeine Zipfelpelzmütze , dieß Hauptſtück ſeiner Feſtamtstracht entnehmen zu müſſen und am unfreiwilligen Schluſſe das Wortſpiel mit Gipfel der Aufklärung ſchien ihm dieſen Verdacht nur ganz zu beſtätigen .",Cross-Era,4
rechtsstreit,3173250,"Was fuͤr ein rechtsſtreit zwiſchen Kur-Mainz und Hanau im anfange des vorigen jar-hunderts wegen des markt-ſchiffes entſtanden ; ſolches iſt teils beim Thomas Merkelbach t. I der conſiliorum , Caſpar Klock ſ .",3164420,"Wenn alſo die eheweiber im rechtsſtreite befangen waren , und der beweis gefuͤret werden ſollte , gleichwol ſolcher fuͤr unzulaͤnglich gehalten wurde , folglich der ſache durch den zweikampf abhelfliche maſe verſchaffet werden ſollte ; ſo muſte der ehemann , wenn der beweis dem eheweibe zuerkannt wurde , fuͤr ſie kaͤmpfen .",Early-Early,4
seewasser,2172724,"Gut , aber ſind wir nicht in Gefahr , fuͤr drei ſolche entſetzliche Nothzuͤchtigungen gehangen zu werden , geſetzt auch , Hickmann ſollte mit einem Vauchvoll Seewaſſer davon kommen ?",1314338,"Es muß dieſer Kometſtarck auf das Meer drucken , bis es ſeine Graͤntzen verlaͤßt , dieſe Waſſerſaͤule , nebſt den ausgetretenen Seewaſſer und 40 taͤgigen Regen uͤberſchwemmen den Erdboden und loͤſen ſolchen zum Theil auf .",Early-Early,4
rehbock,2091341,"Det wees ick ſchon , ’n Rehbock is det !",2382440,"5. Die Erlegung des Wildes soll nur zu einer Zeit gestattet sein , wo dasselbe eine gute und appetitliche Speise bietet ( Ausschluſs der Rehböcke während der Engerlingsperiode ; aus dem gleichen Grunde sollten eigentlich auch keine Hirsche während der Brunftzeit geschossen werden ) .",Late-Late,4
uhrwerk,3275374,"Die Epiſodia ſtecken daſelbſt , nach der Vorſtellung des Verfaſſers der Romantiſchen Mythoſcopie , ſo enge in einander , wie die Tunicæ oder Haͤutgen einer Zwiebel , oder die ptolomeiſchen Sphaͤren , oder die Raͤder in einem Uhrwercke .",5519752,"Die Walze r iſt in keiner ſonſtigen Verbindung mit dem Uhrwerke , ſie wird nur durch die Reibung in der entgegengeſetzten Richtung von h bewegt .",Cross-Era,2
seewasser,648121,"c ) Seewaſſer , lat .",3000349,"Derselbe wird hierauf zum Auslaugen zusammengekratzt und dieses auf einer Art Filter bewirkt , durch Zuguss von Seewasser , dessen Salzgehalt dadurch ansehnlich steigt .",Cross-Era,4
uhrwerk,646313,"Die ( d ) erſte Erfindung der Uhrwerke iſt ohnſtreitig in Deutſchland aufgekommen ; es haben ſie aber nachgehends die Franzoſen und Englaͤnder fortgeſetzet , und zu unſerer Zeit ſehr hoch gebracht .",683382,"Diese Umstände sind leicht aufzuzählen ; es sind ihrer fünf , die wie die Räder eines geschickt gebauten Uhrwerkes ineinandergreifen : die plötzliche Isolierung , die hundertjährige Frist zur Ausbildung der Eigenart , der Abbruch aller geschichtlichen Lokaltradition durch das Exil , die Wiederanknüpfung unter einer neuen , in der Fremde geborenen Generation , der Zustand politischer Abhängigkeit , in dem die Juden sich fortan befanden .",Cross-Era,2
sonnenstrahl,1121883,"Laͤßt nicht das wallende Gefilde , Als wenn es wirklcih ſich verguͤlde , Wenn man daſſelbige , zumal Jm hell entwoͤlktem Sonnenſtral , Wodurch es mehr als ſonſten glihet , Mit aufmerkſamen Augen ſiehet .",4450842,"Die Partikeln des erſtern erhalten ſich durch die eingepflanzte Umdrehungsbewegung in frey ſchwebendem Zirkellaufe ; allein die Theilchen des letztern werden durch die Kraft der Sonnenſtrahlen in ihrer Hoͤhe erhalten , ohne welcher die ihnen von der Sonnenumwendung beywohnende Bewegung gar weit fehlen wuͤrde , ſie im freyen Umſchwunge vom Falle abzuhalten .",Early-Early,4
eifersucht,2402967,Die Eifersucht gehörte mit zur orientalischen Ausstattung spanischen Wesens .,1111448,"Um die doch recht bemerkbare Eiferſucht des Czaren zu beſchwichtigen , wurde dann der fünfundzwanzigſte Jahrestag ſeiner Ernennung zum Chef der brandenburgiſchen Küraſſiere mit vielem Glanze gefeiert .",Late-Late,4
schauspiel,4926330,"Armgard mochte ſich von dem Schauſpiel nicht trennen , lachte , wenn die momentan verſchwundenen Tierchen mit einem Male wieder zum Vorſchein kamen und gab ihre Beobachtung erſt auf , als die Domina , nicht direkt unfreundlich , aber doch ziemlich ungeduldig und jedenfalls wie gelangweilt , zu ihr bemerkte : „ Ja , Comteſſe , die ſpringen ; es ſind eben Eichhörnchen . “",4976642,"Es hat zwiſchen deutſch-ruſſiſchen und engliſchen Einflüſſen hin und her geſchwankt wie ein Schilfrohr , und bietet uns jetzt , in der Stunde der Entſcheidung auch über Oeſterreichs Schickſal , das groteske Schauſpiel einer Kabinetskriſe wegen — des Kaffeezolls !",Late-Late,2
sonnenlicht,1123686,"Es ſteckt zugleich ein Licht der Freuden Jm Sonnenlicht , bey heitrer Luft .",34670,"Das Sonnenlicht iſt unentbehrlich für die Neubildung der Pflanzenſubſtanz , indem , wie ſchon S. 24 angegeben , unter deſſen Einwirkung die Aſſimilation der aufgenommenen Nährſtoffe in den chlorophyllhaltigen Zellen unter Sauerſtoffabſcheidung vor ſich gehen kann .",Cross-Era,2
wunderwerk,3484934,OTag voll Wunderwerck / voll Luſt und Liebs-bezeugen O viel-begluͤcktes Land !,2406824,"„ Da man in Madrid ihre Vortrefflichkeit aus der Nähe erkannte , so legte D. Luis sie dem Könige zu Füssen , der nach seiner hohen Kennerschaft sie werth achtete dieses Wunderwerks und dieses Orts “ .",Cross-Era,3
kartenspiel,986775,WAnn wir die eitlen Sachen Der ſuͤſſen loͤffeley Und etwas kuntbar machen / So iſt die fantaſey / Wo man die warheit ſagen will / Ein umgekehrtes kartenſpiel .,1338766,"Wir wollen annehmen , daß wir einem Unbekannten ein Kartenſpiel anboͤthen .",Early-Early,4
kinderspiel,4461077,"Wir , Velten und ich , waren ungefähr zehn oder zwölf Jahre alt , als wir anfingen , mehr und mehr aufzuhorchen , wenn in unſere Kinderſpiele , Schularbeiten und Dummejungenſtreiche der Name Trotzendorff hineinklang , mit bedenklichem Kopfſchütteln von Seiten meiner Eltern , mit bedauerndem von Seiten der Mutter Veltens .",5065087,Das Steigen in der geringen Schwere des Mars ſchien ihm ein Kinderſpiel .,Late-Late,2
sonnenuhr,2926089,"Jhr gemeinſchaftliches Jnſigne war eine Sonnenuhr an einer Saͤule ; Die Endten ſchwimmen , wie bey den andern , im Waſſer .",646294,"Die ( 3 ) Sonnenuhren , die bey Sonnenſchein durch den fortruͤckenden Schatten eines aufgerichteten Stifts oder Zeigers die Stunden anzeigen , ſind auch gar alt ; und haben wir von ihnen in einem beſondern Artikel gehandelt .",Early-Early,2
sündenfall,1210335,"Sündenfall und Gnade sind aber so eng zusammengehörige Teile eines einzigen Organismus , dass die leiseste Berührung des einen auf den anderen wirkt und so wurde denn auch nach und nach die wahre Bedeutung des Mythus vom Sündenfall derartig abgeschwächt , dass man heute allgemein die Jesuiten als Semipelagianer bezeichnet , und dass sogar sie selber ihre Lehre eine scientia media nennen .",2331834,Welch' eine Kluft zwiſchen dem reuevoll über ſeinen Sündenfall brütenden Theologen und dem unbekümmert weiter flatternden Mädchen !,Late-Late,4
triebwerk,6057805,"Hierinnen ſteht die Macht , das Trieb-Werck aufgeſchrieben , Durch welches man des Feinds Beſtreben aufgerieben .",4450181,"Eben ſo wie unter allen Aufgaben der Naturforſchung keine mit mehr Richtigkeit und Gewisheit aufgeloͤſet worden , als die wahre Verfaſſung des Weltbaues im Groſſen , die Geſetze der Bewegungen und das innere Triebwerk der Umlaͤufe aller Planeten ; als worin die Newtoniſche Weltweisheit ſolche Einſichten gewaͤhren kan , dergleichen man ſonſt in keinem Theile der Weltweisheit antrift ; eben alſo , behaupte ich , ſey unter allen Naturdingen , deren erſte Urſache man nachforſchet , der Urſprung des Weltſyſtems und die Erzeugung der Himmelskoͤrper , ſamt den Urſachen ihrer Bewegungen , dasjenige , was man am erſten gruͤndlich und zuverlaͤßig einzuſehen hoffen darf .",Early-Early,3
eifersucht,832997,Der Mann braucht ſich nicht mit Eiferſucht zu plagen .,1736652,Da befiel auch den Statthalter eine grimmige Eiferſucht .,Late-Late,4
wortspiel,5503717,"Endlich ſagen , daß die laͤppiſchen Wortſpiele , und die ſchwuͤlſtigen Metaphoren freywillige Schwachheiten des Verſtandes der getadelten Poeten geweſen waͤren , iſt viel aͤrgers von ihnen geſagt , als der Zuͤricher geſagt hatte , der ſie bloß dem Mangel an Einſicht zugeſchrieben .",898107,"Seine Jungen ſangen ein Trutzlied mit dem eleganten Wortſpiele „ nicht zecken und nicht ſcheeren ſoll uns ein fauler Bauch “ und nannten die Holzköpfe , die ſie auf der Haſenhaide mit dem Ger herunterſchoſſen , Wadzecks .",Cross-Era,4
ruhestand,4655467,"Der Name , den man dem Gesetze giebt , dürfte aber nichts zur Sache thun ; vgl. Mandry , Civilrechtl. Inh. der Reichsges. S. 91. Denkbar wäre nur eine unvollkommene Verabschiedung , nach welcher der in Ruhestand Getretene noch gewisse Standespflichten zu wahren hat und eine entsprechende Disciplinargewalt übrig bleibt ( vgl. oben § 45 Note 25 ) :",2102931,"Auf die mit Gerichtsbarkeit verſehenen Konſuln und Geſandtſchaftskanzler ſind die für die richterlichen Beamten beſtehenden Vorſchriften über Befähigung , Ernennung , Dauer der Anſtellung , Amtsverluſt , Dienſtentlaſſung , Verſetzung in den Ruheſtand und Amtsſuspenſion nicht anwendbar .",Late-Late,4
uhrwerk,3650992,"Wird jedoch die Entfernung der Kohlenſpitzen voneinander zu groß , ſo nimmt in Folge des größeren Widerſtandes im Lichtbogen die Stromſtärke und ſomit auch die Anziehungskraft des Solenoides ab ; die Feder zieht den Sperrzahn nach rechts und giebt dadurch das mit dem Rädchen o in Verbindung ſtehende Uhrwerk frei , welches die Kohlen gegeneinander bewegt .",1126544,"Man hörte nichts als das Ticken der Uhrwerke , von Zeit zu Zeit das regelmäßige Abſchnurren des Aſpirationsthermometers , dazwiſchen die behaglichen Atemzüge des ſchlummernden Saltner .",Late-Late,3
sonnenschein,4042323,Dort laͤſt ein reiner geiſt die ehre ſich ergetzen / Weil tauſend menſchen ſind die ſeine tugend ſchaͤtzen / Hier ſchaut man mit verſtand in jahres friſt kaum an / Was eine kluge fauſt / ein witzig kopf gethan / Was nuͤtzt die zierlichkeit der kleider und geberden / Die nur den kaſten fuͤlln und nicht gelobet werden / Man hat zwar ſonnenſchein / doch weit mehr nacht als licht .,4041094,ALs nechſt ein ſchoͤner tag den himmel ausgeklaͤret / Und neuen ſonnenſchein dem truͤben feld beſcheret / Jſt / wo der Guttalus ſein gelbes ufer traͤnckt / Und um das Roſenthal die breiten armen ſchwenckt / Der ſchaͤffer Tityrus zu ſeinem Damon kommen / Und haben platz und raum bey einem baum genommen .,Early-Early,4
salzwasser,2995420,"Der Japaner unterscheidet Yasai-mono oder Yasai , Gemüse , Tsuke-mono , in Salzwasser oder Essig eingemachte Würzen , sogenannte Pickles , und Yakumi oder eigentliche Gewürze , eine Eintheilung , die jedoch kaum scharf durchzuführen ist , da oft dasselbe Produkt , je nach seiner Zubereitung und Anwendung , als Gemüse oder Würze erscheint , wie z. B. die Zwiebel .",1753534,"Ei wie Samentierchen ſollen zwar die gute Eigenſchaft vollauf beſitzen , daß ſie ſich im kalten Salzwaſſer fidel erhalten können .",Late-Late,2
kinderspiel,2327603,"Er meinte , die ſei leicht , jedenfalls ein Kinderſpiel im Vergleich zu dem , was man in dieſer Gegend von den Frauen verlange .",2362719,"Und nicht die unerfahrene Tochter allein , auch die erfahrenen Eltern ſahen kein Kinderſpiel in Siegmund Fabers raſcher That .",Late-Late,2
wortspiel,5812121,Allein es iſt ein Wortſpiel .,4889039,"Aber wir tragen kein Bedenken , die Gedanken durch Wortſpiele zu verdrehen , und einen ungeſchliffenen Menſchen den zu nennen , der noch auf keinen Wetzſtein gekommen .",Early-Early,4
zeughaus,2585961,"In allen gröſseren Städten Deutschlands gab es Zeughäuser , in denen die Geschütze und Gewehre , mit welchen die Bürgerschaft im Kriegsfalle bewaffnet wurden , aufbewahrt waren .",2586773,"Die Gestalt des „ Wolfes “ war meist roh , nur durch wenige Hiebe , Striche oder Punkte ( siehe Fig. 115 ) dargestellt . Daſs es ursprünglich das Fabrikzeichen eines durch seine Klingen berühmten Solinger Meisters namens Wolf war , der um das Jahr 1414 gelebt haben soll , ist nur eine Sage , indem sich das Wolfszeichen ( Fig. 115 a ) bereits auf einem dem 13. Jahrhundert angehörigen Schwerte des Historischen Museums zu Dresden befindet ; Fig. 115 b ist auf einem Schwerte aus dem 14. Jahrhundert , das im Berliner Zeughause aufbewahrt wird .",Late-Late,4
eifersucht,4976382,10. Wir müſſen ſorgfältig die Allianz von Oeſterreich ſuchen und aufrecht erhalten ; ſcheinbar ſeine Abſichten auf die künftige Beherrſchung Deutſchlands unterſtützen und im Geheimen die Eiferſucht der Fürſten gegen Oeſterreich ſchüren .,1693049,"Wen die Flamme der Eifersucht umringt , der wendet zuletzt , gleich dem Scorpione , gegen sich selber den vergifteten Stachel .",Late-Late,4
rechtsstreit,2020098,"1. aus Vergleichen , welche nach Erhebung der Klage zur Beilegung des Rechtsſtreits ſeinem ganzen Umfange nach oder in Betreff eines Theils des Streitgegenſtandes vor einem deutſchen Gericht abgeſchloſſen ſind ;",2017891,"Wer die Sache oder das Recht , worüber zwiſchen anderen Perſonen ein Rechtsſtreit anhängig geworden iſt , ganz oder theilweiſe für ſich in Anſpruch nimmt , iſt bis zur rechtskräftigen Entſcheidung dieſes Rechtsſtreits berechtigt , ſeinen Anſpruch durch eine gegen beide Parteien gerichtete Klage bei demjenigen Gerichte geltend zu machen , vor welchem der Rechtsſtreit in erſter Inſtanz anhängig wurde .",Late-Late,2
seewasser,658432,"Bey der Einladung des Gutes hat er folgendes in Acht zu nehmen : a ) daß unter den Waaren keine Contrabandwaaren ſeyn ; b ) daß ihm alle Ballen , Packen und Stuͤckguͤter ( §. 660. ) , die in ſein Schiff geladen werden , richtig angegeben werden ; c ) daß alle Packen , Ballen und Stuͤckguͤter wohl gezeichnet ſeyn , damit , wenn er von Unterſchiedenen Ladung eingenommen hat , bey der Ablieferung kein Jrrthum entſtehe ; d ) daß er das , was beym Empfange ſchadhaft , oder nicht wohl einballiret gefunden wird , dem Ablader ſogleich anzeigen und verbeſſern laſſe ; e ) daß er auf das Schiffvolk fleißige Aufſicht habe , damit ſolches bey Einnehmung und Einwindung der Guͤter vorſichtig umgehe ; f ) daß er die Guͤter im Schiffe , nach Beſchaffenheit derſelben , wohl ſtaue und verwahre ; g ) daß er das Schiff nicht uͤberlade , ſonſt er in Strafe und Erſetzung des Schadens verdammet wird ; h ) daß er nach eingeladenen und wohl geſtaueten Guͤtern , um ſie vor dem Seewaſſer zu geſichern , ſeine Luͤcke im Raume wohl zu kalfatere oder brewe .",648121,"c ) Seewaſſer , lat .",Early-Early,4
streitsache,230759,Hurerey / wegen derſelben wo geklaget werden moͤge 6 . n. 10 . wenn von dem Obergericht zu ſtraffen 8 . n. 16 . Streitſachen vor wem abzuhandeln 171 . n. 23 . deren Straffe ob Armuth wegen auffgehoben werde 629 . n. 26 . wie ordentlich zu ſtraffen 627 . n. 22,5631621,Ueberhaupt aber war mit der Schutzgerechtigkeit die Erkentnis der Streitſachen zwiſchen den Schutzverwandten jederzeit verbunden . δ ),Early-Early,2
grundfläche,4113052,"Als hier zum Exempel , wie AC gegen ED und zwar alſo / daß die aͤuſerſten von dieſen drey Eck-Kegeln / eben die Hoͤhe des vorgegebenen Stuͤcks haben / der eine aber mit der Grundflaͤche ABC . und der andere mit der Grundflaͤche EFD . der Erſte iſt hier ABCD. der andere AEBD . und der dritte EFDB .",4293813,Derowegen wenn zwey Cylinder einander gleich ſind / ſo verhaͤlt ſich die Hoͤhe des erſten zu der Hoͤhe des anderen wie die Grundflaͤche des anderen zu der Grundflaͤche des erſten .,Early-Early,2
rehbock,2091341,"Det wees ick ſchon , ’n Rehbock is det !",2543585,In einer Winternacht hatte der Schnellzug einen Rehbock überfahren .,Late-Late,4
tagewerk,1779959,"An den Ufern der See hat der Fiſcher ſein lohnendes Tagewerk , da die Gewäſſer reichlich bevölkert ſind .",2601100,"Als solcher richtete dieser kunstgerechten Grubenbau und die Förderung mit Wasserrädern an Stelle der alten Pferdegöpel ein , die dem Staat jährlich 3000 Tonnen Getreide , entsprechend 12000 Tagewerken Ackerland , gekostet hatten .",Late-Late,4
wunderwerk,2251034,"Ægydius Albertinus aber , Rabanus Pombellus , Joh Bonifacius , Petrus â Cogni und Leonbardus Mayerus haben allerſeits ihr Leben und Wunderwercke ausfuͤhrlich beſchrieben .",3509445,Jch fahre fort zu den andern Arten des Wunderbaren ſo von den Goͤttern herruͤhret ; und das ſind die Wunderwercke ſo durch ihre unmittelbare Wirckung geſchehen .,Early-Early,4
streitsache,5204054,Ja ich halte darvor / wo wir die jenige wahrheiten / welche unter unterſchiedlichen der Chriſtlichen religion annoch bey behalten werden / treulicher und fleißiger trieben / und trachteten deroſelben lebendige erkaͤntnuͤß in die hertzen der zuhoͤrer zu pflantzen / und nur gantz ſparſam das ſtreitige und der widerſacher widerlegung beruͤhrten / man wurde durch ſolches mittel die unſrige gegen allen abfall beſſer befeſtigen / als ohne bepflantzung eines rechten wahren thaͤtigen glaubens / und einer der welt verſchmaͤhenden goͤttlichen liebe / mit aller ſubtileſten und gruͤndlichſten vortragung der ſtreitſachen .,1290792,"Sind die Zeugeneide geschworen , so kann das Beweisergebnis für die schwebende Streitsache nicht mehr angefochten werden .",Cross-Era,4
eifersucht,4762772,"So werden in Philadelphia die jenige , welche den gemeinſamen Umgang der Welt-Kinder meiden , damit ſie das zarte Leben JEſu ungeſchaͤndet in ſich bewahren , auch der Hurerey bezuͤchtiget werden , derowegen ſie um dieſer Lugen willen das Wort der Gedult bewahren muͤſſen , in dem ſie in ſteter Gefahr ſchweben , wegen dergleichen Auflagen , wie dann leicht haͤtte geſchehen koͤnnen , daß Potiphar aus Eiferſucht im Jaͤchzorn den Joſeph umgebracht haͤtte , oder da es ihm etwan aufgebrochen , ihne nachwerts haͤtte koͤnnen toͤdten laſſen , weßhalben er in augenſcheinlicher Gefahr lebte , darum auch Paulus Rom. 8 , 35. Unter denen ſieben Dingen , die nicht koͤnnen ſcheiden von der Liebe Chriſti das ſechste ſetzt , Gefahr :",555234,Denn unſers geiſtes triebe Sind zwar voll eyfferſucht / allein auch voller liebe .,Early-Early,2
brunnenwasser,3929878,"Und gewahre endlich bey anlas diſer / und vilen dergleichen hin und wider im Schweizerland befindlichen Waſſeren / welche gleichwol dann und wann nahmhaft machen werde / daß der Mineraliſchen Heilwaſſeren Gebrauch von einer gewiſſen fatalen mode geregiert wird ; Es ligt hier und da eine koſtliche Quell / oͤde / und unbeſucht / etwan wegen entfehrnung / und einſamkeit des Orts / oder weil ſie einen allzuarmen / allzureichen / oder ungeſchikten / oder eigenſiñigen Beſitzer hat / oder weil es jezund nicht die mode iſt / dahin zugehenthingegen kan eine andere Quell bey anlas einer außgeſtreuten Wundercur / oder in Truk gegebenen hochtrabenden Beſchreibung in aufnemmen kommen / und groſſen zulauff erhalten / welche gleichwol keinen Vortheil hat vor anderen Waſſeren / als eine ſchoͤne ſituation , nebſt guter Schnabelweid / oder nicht mehr Mineralien in ſich hat / als ein gemeiner in allen Staͤtten / und Doͤrfferen befindlicher Brunn / oder nicht mehrere kraͤfte / als die von der Einbildung herꝛuͤhren / und in allen gewaͤrmten See-Fluß- und Brunnenwaſſeren zufinden ſeyn .",5404153,"Das Brunnenwasser des salpeterhaltigen Bodens kann Niemand trinken ; so ist denn Tien - tsin auf den Lehmbrei des Pei-ho und des Canales angewiesen , welche allen Unrath der Stadt aufnehmen ; auch faulende Thierleichen und anderes Unsägliche schwimmen darin herum .",Cross-Era,3
leinöl,4213049,"DJß iſt eigentlich zu reden , ein Praͤcipitat , den man aus dem Laſurſtein , vermittelſt eines Teigs oder Paſta von Schmierpech und gelben Wachs , Leinoͤl , und andern dergleichen Dingen gemacht , bereitet .",2765878,"Einige Oele trocknen dabei vollſtändig ein ( z. B. Leinöl ) , andere Fette werden ranzig ; der ranzige Geruch iſt ein ſicheres Zeichen für das Auftreten freier Fettſäuren .",Cross-Era,4
sonnenlicht,1123690,"Erkennet denn , wenn man das Sonnenlicht , Mit aufmerkſamen Augen , ſiehet , Daß nicht nur Waͤrm und Glanz aus ſeinen Stralen bricht ; Daß auch darin ſo gar ein Freuden-Feuer gluͤhet .",4454376,"Die Zahl der Wenden war ſo groß , daß , als die Sonne jetzt hell auf die durchnäßten Kleider der hunderttauſend Wenden ſchien , ein Dampf zum Himmel aufſtieg , der ſie wie in eine Nebelwolke hüllte , während die Chriſten in hellem Sonnenlicht heranzogen und ob dieſer Erſcheinung voll Hoffnung und Zuverſicht waren .",Cross-Era,2
mauerwerk,2671698,"Kaai , Kaa , Quai , iſt ein Mauerwerck von Steinen , welches man laͤngs dem Ufer eines Fluſſes oder eines andern Waſſers auffrichtet , um ſelbiges in ſeinem Flut-Bette zu erhalten .",2906298,"Auf hohen Thuͤrmen ſolte man zu Ende des Mauerwercks ein Eſtrich , in der Forme eines Gewoͤlbes , machen und ſchlagen laſſen , und alsdenn das gehoͤrige Dach druͤber ſetzen , welches auch bey andern vornehmen Gebaͤuden in acht zu nehmen , damit das brennende Holtz auswendig abfallen koͤnte , und alſo das unterſte Mauerwerck durch die allzugroſſe Hitze inwendig nicht zerſpruͤnge , noch muͤrbe machte , auch die Gluth nicht weiter hinunter greiffen , noch inwendig die Treppen und Boͤden verderben koͤnte , abſonderlich , wo nichts gewoͤlbet iſt .",Early-Early,4
feuerwerk,778565,"Raquete , iſt ein zu einem Feuerwerck gehoͤriger Theil , welcher aus Papier gemacht , mit einem Satz von Pulver und andern brennenden Materialien geladen , und zur Luſt losgezuͤndet wird .",5405245,"Hunderte von Löschenden wogten in gelben und blauen Röcken mit weissen Schriftzeichen darauf durcheinander ; manche bedienten die kleinen Spritzen , andere trugen Wasser , die meisten aber schwenkten unter heftigem Toben und Springen bunte Fahnen und Laternen ; vom Dach aus ein reizendes Schauspiel , die bunteste Maskerade bei sprühendem Feuerwerk .",Cross-Era,4
sonnenschein,5499660,"Solchergeſtalt warff unſer Kirch-und Thurm-Dach , nachdem ſelbiges am 14. Julii vollkommen fertig worden , bey Sonnenſchein , einen artig durch einander ſpielenden Glantz von ſich , welches ſehr angenehm anzuſehen war , derowegen beredeten ſich Monſ .",2035489,"Klugheit merket auf das Beſte , Traut nicht einem Gluͤkkes-Weſte , Der hernach nur Regen bringt , Und den Sonnenſchein verdringt ; Sie ſieht , eh ſie wornach trachtet , Ob das auch ſo wie man achtet , Jn der That und Warheit nuͤzt , Was uns in die Augen blizt .",Early-Early,2
ruhestand,3549268,"Jch kan wol ſagen , da ich ſonſten unterſchiedlicherley geſucht , wie dem ſpruch huͤlffe , daß er nicht andern goͤttlichen ſpruͤchen von der kirchen bevorſtehenden ruhe-ſtand widerſprechen moͤchte , aber nicht eben ſo wol gefunden , worauf beruhete :",2102931,"Auf die mit Gerichtsbarkeit verſehenen Konſuln und Geſandtſchaftskanzler ſind die für die richterlichen Beamten beſtehenden Vorſchriften über Befähigung , Ernennung , Dauer der Anſtellung , Amtsverluſt , Dienſtentlaſſung , Verſetzung in den Ruheſtand und Amtsſuspenſion nicht anwendbar .",Cross-Era,2
seewasser,6107275,"Bei den ungeſtörten Thieren ſind dieſe Fäden in unaufhörlicher Bewegung , um aus dem umgebenden Seewaſſer ſowol die nöthige Nahrung aufzunehmen , als auch aus ihm kohlenſauren Kalk abzuſcheiden , denſelben Atom für Atom von ihrem Körper wieder abzuſetzen und daraus jene Gerüſte zu bilden , deren unendlich vielfache und ſchöne Formen wir als Korallen bewundern .",6107282,"Zuerſt ſind es freilich nur Mangroven und anderes Geſträuch , welche Wurzel faſſen in dem noch von Seewaſſer durchfeuchteten Grunde ; doch ihr abſterbendes Laub ſchichtet mithelfend den Humus , der der anſchwemmenden Kokosnuß geſtattet , zu keimen , als ſchlanke Palme ihre Blätterkrone hoch in die Lüfte zu erheben und als fruchttragender Baum dem Menſchen zu künden , daß wiedererſtandenes Land ſich zur Cultur bereitet .",Late-Late,4
sonnenstrahl,4854283,"Die Art und die Natur der Metalle iſt nach den unterſchiedenen Diſtricten und Gegenden , auch Laͤndern , unterſchieden , nachdem das unterirrdiſche Feuer , die unterſchiedene Beſchaffenheit der Sonnenſtrahlen , welche ebenfalls in dem Erdboden mitwuͤrcken , der Unterſcheid der Lufft , des Waſſers , und der urſpruͤnglichen Theile , aus denen ſie beſtehen , von einander unterſchieden iſt .",4450665,"Die feinſten und wuͤrkſamſten Theilchen , die in dem brennenden Erdguͤrtel aufſteigen , nachdem ſie eine gewiſſe Hoͤhe der Atmoſphaͤre erreichet haben , werden durch die Wirkung der Sonnenſtrahlen genoͤthiget , in diejenige Gegenden zu weichen und ſich zu haͤufen , die alsdenn von der Sonne abgewandt , und in einer langen Nacht begraben ſind , und verguͤten den Bewohnern der Eiszone die Abweſenheit des groſſen Lichtes , welches ihnen auch in dieſer Entfernung die Wuͤrkungen ihrer Waͤrme zuſchicket .",Early-Early,4
hausstand,4095683,"Er habe nicht Luſt , der gnädigen Frau , wenn ſie zurück komme ( vielleicht heute ſchon ) , einen aus Rand und Band gegangenen Hausſtand zu überliefern .",2856455,Hausstand .,Late-Late,4
trauerspiel,5724448,"„ Trauerſpiele , ſchreibt er , machen den Menſchen beſcheiden ; indem ſie die großen Herren der Erden gedemuͤthigt vorſtellen .",3927600,Trauerſpiel 1027,Early-Early,4
sonnenblume,1390096,"Der Saflor kommt überall dort fort , wo die Sonnenblume gedeiht .",371622,"Hier , neben einem kleinen , dreieckigen Vorgärtchen , über dessen graue , schiefgenagelte Bretter sich nur eine einzige , grosse , gelbe Sonnenblume bog , stand ein grosser , rother , abgeschirrter Wagen , aus dessen beiden Blechschornsteinen es dick rauchte , dort , zwischen zwei braunen , wackligen Lehmmauern hatte eine keifende Bajazzofamilie ihr buntes , niedriges , zerrissenes Zelt aufgeschlagen .",Late-Late,4
kreuzzug,2288509,Aber noch während der Kreuzzüge begann auch der Handel die Anfänge eines Botendienstes einzurichten .,1384944,"Wilken , „ Geſchichte der Kreuzzüge “ , I , 154 u. ff .",Late-Late,4
grundfläche,785137,Jn der Parabel iſt y2 = ax daher cy2 dx : 2r = acxdx : 2r ſcy2 dx : 2r = acx2 : 4r = cy2x:4r Wenn die Hoͤhe des gantzen Kegels b und der halbe Diameter in der Grundflaͤche r iſt ; ſo iſt der Jnhalt deſſelben bcr2 : 4r = ¼ bcr .,5513524,"Man macht ihn verhältnissmässig hoch , theils um das verlangte Gewicht in der verfügbaren Grundfläche unterzubringen , theils aber auch , um seine eigene Elasticität für das nothwendige Ausweichen der Hammerbahn mit benutzen zu können .",Cross-Era,3
eisenwerk,970558,"Thubal Cain , erſter Meiſter alles Ertztes und Eyſenwercks .",2475561,"Im August 1648 schrieb Gouverneur Winthrop von Boston an seinen Sohn , der nach Pequod , Connecticut , verzogen war , „ das Eisenwerk geht jetzt hoffnungsvoller .",Cross-Era,4
seewasser,4206318,"Wenn das Naͤglein beginnet ſich ſehen zu laſſen , denn iſt es lichtgruͤn , hernachmahls wird es braunroth , und endlich immer braͤuner , ie mehr es zeitiget ; daß alſo die Farbe , nicht , wie etliche Scribenten meinen , von dem Seewaſſer , darein die Naͤglein gelegt , und darauf wieder beym Feuer getrocknet werden , entſtehet .",5523728,"Das Seewaſſer übt nun nicht nur auf die Beſtandteile der Bohne einen ſo nachteiligen Einfluß aus , daß ein ſolcher Kaffee faſt als ganz verdorben zu betrachten iſt , ſondern beeinflußt glücklicherweiſe auch die Farbe des Kaffees derart , daß derſelbe leicht als durch Seewaſſer beſchädigt zu erkennen iſt , oder — treffender geſagt — früher zu erkennen war .",Cross-Era,2
ziegenbock,2513341,"Hernach ſo wird auch der gemeine gebrauch billich in obacht genommen , was anbetrift die ſachen , ſo man fuͤrbringt , loquendum cum vulgo , & c. Wann der bauer ( und auch der gelehrte bauer ) glaubt , die ſonne gehe herum , ſey nicht groͤſſer als ſein hut , die hexen ritten um Walpurgis auf beſen und ofengabeln und ziegenboͤcken nach dem bloxberge , und ich habe keinen beruf ihn kluͤger zu machen , da rede ich nach ſeinen begriffen : hingegen wuͤrde das wohl ein greulicher thor ſeyn , der mir wuͤrcklich aus einem ſolchen diſcours , dergleichen alberne meinungen beymeſſen wolte .",4431971,Allhier ſind die Grammatici Streitbare Ziegenboͤcke .,Early-Early,4
sonnenuhr,2926089,"Jhr gemeinſchaftliches Jnſigne war eine Sonnenuhr an einer Saͤule ; Die Endten ſchwimmen , wie bey den andern , im Waſſer .",646294,"Die ( 3 ) Sonnenuhren , die bey Sonnenſchein durch den fortruͤckenden Schatten eines aufgerichteten Stifts oder Zeigers die Stunden anzeigen , ſind auch gar alt ; und haben wir von ihnen in einem beſondern Artikel gehandelt .",Early-Early,2
sonnenuhr,3876683,"Frau von Brieſt hatte den Brief ihrem Manne vorgeleſen ; beide ſaßen auf dem ſchattigen Steinflieſengange , den Gartenſaal im Rücken , das Rondell mit der Sonnenuhr vor ſich .",5950235,"Steht auf der Sonnenuhr im großen Garten , Auf deſſen Weiſer ſich ein alter Spatz Den unſcheinbaren Kragen emſig putzt Und ſchnell das ſchiefgebogne Köpfchen kraut .",Late-Late,4
bildhauer,5880970,Der Name des Bildhauers iſt in das Fußgeſtelle gegraben : ΑΠΟΛΛΟΝΙΟΣ ΝΗΣΤΟΡΟΣ ΑΘΗΝΑΙΟΣ .,2116713,"Die Fabel ſagt uns , daß Mercurius aus Neugier den Himmel verlaſſen , und ſich zu einem Bildhauer begeben hat , um zu erfahren , in was fuͤr Anſehen er bey den Sterblichen ſtuͤnde .",Early-Early,4
sündenfall,3300731,"Wie manche Dina wird ins Wolluſt Nez geſtrikket , Wenn ſie mit freien Sinn , nach Hemors Juͤngling blikket Wie viele kommen nicht durch blendendes Metal , Das ſchnoͤden Geiz erregt , zum ſchweren Suͤndenfall ; Wenn wo ein Goldklump blizt ; der Abgott dieſer Erden , Kan einer daran leicht ein ſchaͤndlich Raͤuber werden , Den die Begier betaͤubt , daß er es ſehnlich greift , Und ſich dadurch ein Strik um ſeine Kehle ſchlaͤuft .",444508,"Wir ſitzen von Natur in Finſterniß und Schatten des Todes gefangen , wir ſind nach dem Suͤndenfall aus dem angenehmen Eden in ein betruͤbtes und unangenehmes Land verwieſen .",Early-Early,2
trauerspiel,3862512,"In Ludwig Robert's Trauerſpiel » Die Macht der Verhältniſſe « , hat Devrient die Sterbeſzene ſo dargeſtellt , daß ſelbſt die ſonſt ſo ruhige Mad. Schröckh zitterte , weinte und eingeſtand :",4456955,Das Trauerſpiel war aus ; das Idyll begann .,Late-Late,4
zitronensaft,2254680,"Wenn ihr es wollet zu Tiſche tragen , ſo druͤcket erſt Citronenſafft darein .",2253319,"Hierauf formiret aus einem guten Teig die Paſtetgen wie vorige , leget die Muſcheln nebſt einem Stuͤckgen Butter drein , druͤcket Citronenſafft drauf , decket ſie zu , und backet ſie ab .",Early-Early,2
grundfläche,4112863,Fig. 24. Wann die Grundflaͤche ein Viel- Eck iſt / ſo heiſſet es ein Vielſeitiges Prisma .,1394729,"Ihre Anlagekosten sind geringer , die Reparaturen leichter ausführbar , die Bedienung einfacher ; aber allerdings ist die erforderliche Grundfläche für eine gegebene Gesammtleistung reichlich doppelt so gross als bei jenen .",Cross-Era,4
trauerspiel,2896698,"Es iſt ihm dieſes ſeinem Vorſatze gemaͤß gelungen , und ſein Cato muß darum in den Jahrzeitbuͤchern der Schaubuͤhne unter den Trauerſpielen von dieſem Nahmen vor Cato den vierten gezehlt werden ; des Maternus war der erſte , Addiſons der zweyte , und Deschamps der dritte dieſes Nahmens .",3515402,"Der Opern Zauberwerck zwingt Augen , Ohr und Hertz , Des Luſtſpiels nuͤtzlicher und Geiſt-erfuͤllter Schertz , Der Trauerſpiele Pracht , Verwundern , Furcht und Zagen , Wird von Auguſts Geſchmack , vom Flor der Kuͤnſte ſagen .",Early-Early,2
feuerwerk,2585858,"Leonhard Fronsperger , Bürger zu Ulm , gab 1555 „ Fünf Bücher von Kriegsregiment und Ordnung “ und 1557 sein Buch „ Von Geschütz und Feuerwerk “ heraus , die 1571 beträchtlich vermehrt unter dem Titel „ Kriegsbuch “ erschienen , welches wiederholte Auflagen erlebte .",2329910,"Auch Karl Büttner war von Wörmsbach herübergelaufen , um ſich das Feuerwerk mit anzuſehen .",Late-Late,4
stückwerk,477375,"Viel ſuchen ihre ruh in hoher wiſſenſchafft , Die auch ein Salomon als leeres ſtuͤckwerck preiſet .",2421670,"Der Glaubens Lehre Dunkelheiten , Die kein Geiſt hier kan klar ausdeuten , Durchdringet ihre Faͤhigkeit ; Jhr Wiſſen wird dadurch erweitert , Vermehrt und ferner ausgeheitert , Was hier ein Stuͤkwerk in der Zeit .",Early-Early,2
wortspiel,3510294,So koͤnnte es doch kein verwerfliches Wortſpiel heißen .,1782589,"Die Kuli hatten ſich kindiſch gefreut , wieder einmal eine gute Gelegenheit zu einem ihrer ſo ſehr beliebten Wortſpiele zu haben .",Cross-Era,4
brunnenwasser,2596535,Man kann wohl auch die Federn in dem Wasser der Schmiede oder eines Flusses oder auch in Quell- und Brunnenwasser ablöschen .,5523380,"Während nun das Bier außerhalb der Wellbleche den Weg von c nach b macht , geht in dem Innenraum zwiſchen den Blechen eine kalte Flüſſigkeit von unten nach oben , und zwar Brunnenwaſſer , welches bei f ein- und bei g austritt , den oberen Innenraum in der Richtung der Pfeile durchſtrömend , während Eiswaſſer für den unteren Innenraum bei h ein- und bei i austritt .",Late-Late,4
wortspiel,4197222,"Daher beschränkt sich die schöpferische Kraft gerade des gebildeten Theiles der japanischen Gesellschaft auf Silbenabmessen , Epigramme , Wortspiele und andere geringfügige Erzeugnisse des Geistes .",1814887,"( das mag das frostige wortspiel meinen , χώϱαν ἀτέλεστον ἔχουσιν αὐτοὶ τετελεσμένοι vgl .",Late-Late,4
bergwerk,4989392,Wo ſolten wohl dieſe Bergwercke zu finden ſeyn / außer allein umb den Fichtelberg ? welche Bergwercke nicht nur die Herren Burggrafen / Friederich der V. und deſſen Sohn Friederich VI. reichlich genoſſen / ſondern auch hernach ſich noch fuͤr und fuͤr ereignet .,651735,"Jenes , das ( c ) boͤhmiſche Zinn , wird aus den Bergwerken zu Schlackenwalde , Grupen , Lauterbach , Aberdam , Hohenelb , St. Joͤrgenſtadt , und Schoͤnfeld gewonnen .",Early-Early,4
kreuzzug,5465364,"Engelberts libr. 2. c. 6 & 7. Jch ſehe auch nicht , was es hindert , wenn man dieſen fuͤr eben denſelbigen haͤlt , der Anno 1199 einen Kreuzzug nach Liefland gethan , 1214 der Schlacht bey Bovines beygewohnet , und 1225 dem Erzbiſchof von Coͤln gegen die Straſſenraͤuber beygeſtanden .",3515679,"Die Gelegenheit dazu moͤgen wohl die Creutz-Zuͤge nach dem gelobten Lande gegeben haben , ſo damahls mit ſo groſſem Eifer gegen die Saracenen unternommen wurden .",Early-Early,2
triebwerk,5168018,"Aber wer dies Triebwerk ruͤhret , Und derſelben Lauf regieret , Jſt der weiſeſte Verſtand , Und des Hoͤchſten Allmachts-Hand .",1125873,"Wer das Triebwerk recht ergruͤndet , Welches zum Begreifen treibt , und zum Wiſſen , der befindet , Daß in der Gelehrten Bruſt oft ein kleiner Lucifer , Jn Erkenntniß ſeiner Wege , gerne waͤr , wie Gott , der Herr .",Early-Early,2
kartenspiel,4828554,"Durch das Geſetz vom 3. Juli 1878 ( R.G. Bl. S. 133 ) wurden Spielkarten vom 1. Januar 1879 an unter Aufhebung aller Landesſtempelabgaben einer zur Reichskaſſe fließenden Stempelabgabe unterworfen , welche 0,30 Mark für jedes Kartenſpiel von 36 oder weniger Blättern , 0,50 Mark für jedes andere Spiel beträgt .",2331040,"„ Ihr wart mich wuhl 's Kartenſpielen lahren , Rotzleffel , die d' 'r ſeid ! “ rief Karl den Mitſpielern zu .",Late-Late,4
meerwasser,4485881,"Findet keine Ablenkung statt , so sind die Temperaturen des Meerwassers und des Bades genau gleich .",4617214,"Grössere Quallen wurden im Monat September öfters gesehen , und von nackten Mollusken die als pelagisch bekannte Gattung Scyllaea , letztere während des Lebens durchscheinend hell , mit braunen Flecken , nicht an der Wasserfläche kriechend , sondern durch heftiges Hin- und Herwenden ihres Körpers im Wasser nach oben , unten oder seitwärts schwimmend ; in einer Schüssel mit Meerwasser confinirt , ermattete sie bald und noch so lange sie lebte , lösten sich die meisten ihrer Rückenanhänge während ihrer Bewegungen ab .",Late-Late,4
mauerwerk,4862416,"Die Stein-Eule iſt der Horn-Eule in allen gleich , auſſer , daß dieſelbe nicht wie jene ſich in hohlen Baͤumen aufhaͤlt , ſondern lieber das alte Mauerwerck zu ihrer Wohnung aufſucht .",4972755,"Das Betonfundament des Thurmes ruht auf einem Gewölbebau aus Mauerwerk , das die Munitionsmagazine enthält und wo auch die Handkurbeln zum Drehen des Thurmes ſich befinden .",Cross-Era,2
ruhestand,2104645,"3 ) Hinſichtlich der Pflichten entſcheidet das Princip , daß alle Pflichten und Beſchränkungen der Reichsbeamten auch für die einſtweilig in den Ruheſtand verſetzten fortdauern , welche nicht lediglich auf der Führung eines Amtes ( dem aktiven Dienſt ) beruhen .",1117981,"Schwereren Schaden brachte der Sache des Königs der alte Todfeind der Liberalen Kamptz , der jetzt im Ruheſtande ſeiner ſchreibſeligen Feder freien Lauf ließ und in einer ganzen Reihe ſtaatsrechtlicher Abhandlungen , auch in einer wohlfeilen , für die Maſſe beſtimmten Flugſchrift „ das wahre königliche Wort Friedrich Wilhelm’s III. immer wieder bewies : nichts , gar nichts hätte der alte König ſeinem Volke verſprochen .",Late-Late,4
leinöl,2771474,"Zur Hebung dieſes Uebelſtandes ſind mancherlei Vorſchläge gemacht worden , unter denen beſonders die Methode von Frank , die gefärbte Ware durch eine Löſung von Leinöl in Benzin zu paſſieren , Beachtung verdient .",2584897,"Dies geschieht so : Pech , Leinöl und Weihrauchöl kochen Sie zusammen , bis es dick wird und tragen diesen sogenannten Firnis auf ; darauf zeichnen Sie mit dem Stifte ( Grabstichel ) , was Sie wollen , dann bringen Sie an die Stellen , wo der Firnis weggekratzt ist , Scheidewasser : diesem wird Silberamalgam und Grünspan zugemischt und in 24 Stunden ätzen Sie die Zeichnung so schön in das Eisen , wie es nicht besser mit einem Siegel in Wachs abgedrückt werden kann .",Late-Late,2
kinderspiel,3999097,Welt- Leben iſt nur ein Kinderſpiel .,988636,ZUviel / zuviel / zuviel / was hat euch ſo beſeſſen / Daß ihr nichts anders ſchertzt / Als daß ihr immer hertzt / Wo ihr einander wolt in einer woche freſſen / So wird ein bloſſes kinderſpiel Zuviel / zuviel / zuviel .,Early-Early,2
feuerwerk,5166680,"Bald deucht mir in ihren Bluͤhen , Seh man recht ein Feurwerk gluͤhen , Das zu GOttes Ehren brennt :",829906,"es iſt zwiſchen dieſem ominöſen Feuerwerk des Vaters Mandrill und den herrlichen Federraketen des männlichen Paradiesvogels , die unſere Menſchenweiblein in kongenialem Rhythmotropismus ſo maſſenhaft auf ihre Pariſer Modehüte pflanzen , prinzipiell gar kein Unterſchied .",Cross-Era,4
seewasser,642806,"Er wird in Braſilien ſelbſt etwann eines Fingers dick geſponnen , und bey dieſem Spinnen mit einer aus ausgepreßtem Tabacksſafte , Seewaſſer , den Blaͤttern und der Frucht des Braſilienholzes , Baſtardzimmet , weißen Gummi , oder ſonſt einem andern wohlriechenden Gummi , und ſchwarzen Syrup , zur Honigdicke eingekochten Bruͤhe eingefeuchtet oder angeſchmieret , wovon er auswendig eine ſchwarze Farbe bekoͤmmt , und ſodann in großen , wohl hundert und mehr Pfunde wiegenden Rollen , die in Leder oder ſogenannten Surons eingepackt ſind , verſendet .",662707,"Denn obwol in Smaland und Bohuslehn aus dem Seewaſſer Salz geſotten wird , ſo iſt doch ſolches lange nicht zureichend , die Schweden nur nothduͤrftig damit zu verſorgen .",Early-Early,4
bildhauer,4758211,"das ſind gar zu ungewiſſe Ding , die einen verdaͤchtigen Grund haben , ich will mich lieber eintzig an die heilige Schrifft halten , dieſe lehret mich , daß JEſus GOtt ſeye , voller Gnad und Wahrheit , der allenthalben und zu allen Zeiten gegenwaͤrtig , allen Gewalt im Himmel und auf Erden vom Vatter empfangen habe , daß alle Heilige und Seelige alles aus ſeiner Fuͤlle empfangen , und durch ſeine Gnade ſolche worden ſeyen; es zeugen auch die Heilige Apoſtel von ihme eintraͤchtiglich , daß in ſeinem Nahmen Vergebung der Suͤnden empfahe ein jeder der da glaubt , daß JEſus ein ſtaͤts lauffender Brunn ſey der Erleuchtung , Rechtfertigung , Heiligung und Seeligkeit , den man Tag und Nacht , daheim und auf dem Feld , in Leyd und Freud bey ſich haben koͤnne ; das Bild hingegen koͤnne nicht ein Wort ſprechen , nicht ein Schritt weit gehen , waͤre auch ein unfoͤrmlicher Klotz geblieben , wann nicht jener verſoffene Bildhauer ſeine Kunſt an ihm bewieſen haͤtte; Es ſeye ja wahnſinnig an einem weiſen , verſtaͤndigen Mann , Holtz oder Stein das er ſelbſt geſchnitzt und gebildet habe , anzubetten und zu glauben , daß die Verklaͤrte im Himmel ſo groſſe Luſt an dergleichen Pupen-Werck haben , daß ſie ſo viele Millionen allerſchoͤnſter von Engliſcher Weißheit und Heiligkeit glaͤntzender , lebendiger Bilder GOttes verlaſſen ſollten , ihre Einfluͤſſe und Wuͤrckungen bey lebloſem Holtz und Stein zu haben , das weder GOtt noch Menſchen lieben kan ; Zudem koͤnne er zu keinem Heiligen , wann er auch ſchon ſelbſt leibhafftig zugegen waͤre , ſolche Zuverſicht ſchoͤpfen als wie zu JEſu , dann der habe ſeine Suͤnden getragen , ſeye aus Liebe zu ihm in die Hoͤlle gefahren , in Noth und Tod , ſey ein Fluch und Feg- Opfer vor ihne worden , ſolche Liebe koͤnne ihm kein Geſchoͤpf erweiſen; Uber dieſes ſeye dieſer ſein hoͤchſt-gebenedeyter HERR JEſus kein veraͤnderlicher Menſch , ſondern der unwandelbahre GOtt , und nehme ſich heutigs Tags aller Gnaden-duͤrfftigen Suͤndern eben ſo ſehr an als jemahls; Das lieb-flammende Hertz , ſo am Creutz in ihme gebrannt , habe er in Himmel genommen , und hoͤre bald das Seufftzen der gefangenen Seelen aus Zion . Zu dieſem und zu niemand anders weiſen GOtt der Vatter und der Heilige Geiſt alle Heyls-beduͤrfftige Suͤnder; dieſen und ſonſt niemand preiſen ſeine zwoͤlff Botten an als die Gnaden-Sonn , Heyl-Brunn , Helffer in aller Noth , den Anfaͤnger und Vollender alles Guten , aller Wahrheit und Heiligkeit , der keines Stuͤmplers neben ſich noͤthig habe , ſondern ſich nur zu Gruͤndung ewiger Liebe und uͤberſchwencklicher Freude des einten ſeiner Geſchoͤpfen an dem anderen in der kuͤnfftigen Seligkeit hier in der Zeit dieſes oder jenes als eines Werckzeugs bediene , nach ſeinem Wohlgefallen andere zu zubereiten . Man wolle zwar nicht laͤugnen , daß nicht eine genaue Verbindung ſeye zwiſchen der ſtreitenden und triumphierenden Kirch in ihrem einigen , allgemeinen , unſichtbaren Haupt Chriſto , alſo daß denen ſeeligen Geiſteren alle Gnaden-Wunder , welche der Heilige Geiſt auf Erden wuͤrcket , zu ihrer unausſprechlichen Freud kund werden , und man zweiffle nicht , daß am himmliſchen Hof nicht weit gewiſſere , eigentlichere Nachrichten einlauffen von allem dem , was in denen Geſchaͤfften des Koͤnigreichs GOttes auf Erden vorgehe , als wir hieniden auf der duncklen Erden haben koͤnnen ; ja , ſagte er ferner , er glaube , daß wann zwey unter einer Schulter in dieſem Leben GOtt gedienet , und einer des anderen Vollendung in der Heiligung hefftig begehret , ſolche Begierd auch durch den Tod nicht ausgeloͤſchet werde , ſo weit daß der in der Fremde zuruck gebliebene von ſeinem verklaͤrten Mitglied ein und anderen verborgenen Einfluß in reiner und recht Paradieſiſcher Liebe durch GOttes Neigung empfinde , und es hingegen dem Seeligen offenbahr werde , ob und wie der noch lebende vor ihne gebettet , ſo lang ſie beyſammen auf dem Kampf-Platz geweſen , und wie er gegenwaͤrtig im Gnaden-Leben fortwachſe , auch wie eifrig und treu oder nachlaͤſſig er im Weinberg Chriſti arbeite .",1254128,Herrn N. N. vornehmen Bildhauer zu N.,Early-Early,2
grundfläche,1394698,"Die Höhe der einzelnen Kammern beträgt incl. des oberen , durch Uebertreten der letzten sechs Steinschichten sich stark verengenden Halses 5 bis 5.25 m , die Breite und Länge der Grundfläche ca. 0.43 × 1.26 m , des Ofenquerschnittes unterhalb des Halses 0.29 × 1.12 m und der quadratischen Gichtöffnung 0.29 × 0.29 m .",2550711,Zu einer Merkwürdigkeit war das anlässlich der Weltausstellung nächst dem Hafenquai auf einer Grundfläche von 5250 m2 in staunenswerth kurzer Zeit erbaute Grand Hotel Internacional geworden .,Late-Late,4
windspiel,2659561,Jch komm mir ſelbſt wie ein Windſpiel vor .,2205774,Sie hat ihr Windſpiel „ Jambe ‟ mitgenommen ; aber die Freude an dieſem Schoßhündchen ſollte ihr nicht lange bleiben .,Late-Late,2
feldzug,3633491,"Der Gott aller Welten 324 wie ſie fuͤr ihren Kaiſer zu trauren pflegen 330 wem ſie ihre Niederlagen zuzuſchreiben pflegen 338 wie ſie durch den Kuron weißagen 339 was ſie andern Voͤlkern fuͤr Spottnamen geben 346 wie ſie von dem Tode ihrer Kaiſer reden 354 was ſie ihren Feldhauptleuten fuͤr Beynamen geben 358 , 730 wann ſie ihren Feldzug anheben und endigen 374 ihre hochmuͤthigen Redensarten von den Abgeſandten der Chriſten 390 ſprechen die Namen der Chriſten niemals ohne ein",1338834,Sokrates ſoll drey Feldzuͤge mitgemacht haben .,Early-Early,2
seewasser,4205229,"Mich hat ein guter Freund verſichert , es kaͤme allein daher , daß dieſes Pantoffelholtz ſo ſchwartz waͤre , weil es in Seewaſſer geweichet worden .",5519856,"1858 war bereits die Verlegung einer Leitung gelungen , aber ſie hielt kaum einen Monat ſtand , ſo hatte das Seewaſſer ſeine ländertrennende Kraft behauptet .",Cross-Era,4
kartenspiel,5723691,Wenn ſie das Kartenſpiel nicht vermeiden konnte :,2907077,"Es muß ein ieder Soldat ſeines Landes-Herrn geſamte commandirende Generalitaͤt als ihm ſelbſt ehren , und auf keinerley Weiſe ſich ihnen widerſetzen , ſo lieb ihnen abermahls ihre Ehre , Leib und Leben iſt , die Salva-Guardes und Schutz Briefe , ſo von dem Landes-Fuͤrſten ſelbſt , als auf Ordre von dero Generalitaͤt , ausgeſtellet werden , reſpectiren , denen Ober- Officirern , vom unterſten biß auf den hoͤchſten , ſie ſeyn von demſelben oder einem andern Regiment , mit allen gebuͤhrenden Reſpect und Gehorſam begegnen , alles duelliren , Schlaͤgereyen oder auch andere unfertige Haͤndel , bey einer Lebens- oder andern peinlichen Straffe vermeiden , ſich vor dem Kartenſpielen oder Wuͤrffeln , bey Straffe der Spieß-Ruthen , huͤten , nach dem Zapffen-Schlage in ſeinem Quartier finden laſſen , zur Arbeit , es ſey im Felde , Belagerungen oder Guarniſon , willigſt und zu rechter Zeit einfinden , bey beſetzter Wache , inſonderheit Nachtſchlaffender Zeit , keinen unnoͤthigen Allarm machen , die Wache nicht verſaͤumen , auf der Schild-Wache nicht ſchlaffen , oder vor der Abloͤſung weggehen , ſich den Wachthabenden Officirer oder ſonſt iemand an der Wache , ſie ſeyn von des Landes-Fuͤrſten oder fremder Potentaten Trouppen , wenn ſie mit einander auf Commando ſtehen , in Verrichtungen , darzu er commandiret wird , nicht widerſetzen , zum Marche und Commando auf die gewoͤhnlichen Sammel-Plaͤtze , ſobald darzu angeſchlagen wird , einfinden , die Zug-Ordnung richtig halten , von der Fahne nicht abſentiren , und dahinten bleiben , in Schlachten , Scharmuͤtzeln , Stuͤrmen , oder bey was Gelegenheit es immer wolle , die Flucht nicht ergreiffen , und ſeinen Poſten und Schild-Wache oder andern Herren-Dienſt , der ihm anbefohlen iſt , nicht verlaſſen , noch weniger gar etwan meyneydiger Weiſe deſertiren , mit dem Feinde nicht muͤndlich oder ſchrifftlich correſpondiren , oder demſelben die Loſung offenbahren , alle verdaͤchtige Rottirungen , Zuſammenkuͤnffte und Berathſchlagungen meiden , ohne Conſens der Ober-Officirer keine Sponſalien oder Ehen celebriren , ſeinen Wirth , Wirthin oder Geſinde nicht ungebuͤhrlich tractiren , ſein Gewerbe , Waffen und Kleidung , auch alles andere , was zur Herren-Montur gehoͤrt , nicht wegwerffen , muthwillig verderben , verſetzen , verkauffen , oder aufs Spiel bringen , ohne Vorwiſſen der Ober- Officirer keine unnoͤthige Schulden machen , niemanden , weder auf dem Marche noch ſonſten mit Gewalt etwas abnehmen , bey der Muſterung ſein eignes , keines wegs aber gelehnt fremdes Gewehr und Montur haben , oͤffentlich bey Verſammlung des Kriegs-Volcks nicht um Geld ruffen , und die ſolches thun , ſind als Meutmacher , ohne alle Gnade , an Leib und Leben zu beſtraffen , und uͤberhaupt ſeines Commandeurs Gebothen nachzuleben , und allen oͤffentlichen unter Trompeten , Trommel und Paucken angekuͤndigten Gebothen und Verbothen bey der darinnen geſetzten Straffe nachzukommen und Folge zu leiſten .",Early-Early,4
kinderspiel,2420450,"Dies Kinderſpiel , das ſtellte mir , Manch Lehrbild im Gedanken fuͤr :",987740,Und waͤr es kinder-ſpiel / ſo wuͤrden nicht die alten Auf dieſe leckerey ſo groſſe ſtuͤcke halten .,Early-Early,4
windspiel,4424425,"Windſpiel von edler Art , welches , wann der Haſe gefangen , alle Hunde abtreibt , und verhindert , daß er nicht zerriſſen werde .",2205775,"Das Windſpiel hat im rauhen Geklüft ſein Beinchen gebrochen , auch eine innere Verletzung erlitten .",Cross-Era,1
sonnenlicht,5529016,"Die allgemeine Eigenſchaft der brechenden Körper , Sonnenlicht oder allgemein weißes Licht in verſchiedene Farben aufzulöſen , nennt man Disperſion oder Farbenzerſtreuung ; ſie beruht darauf , daß die das Sonnenlicht zuſammenſetzenden Strahlen von verſchiedener Farbe verſchieden ſtark abgelenkt werden .",2993364,"Nachdem er ſeine Verſuche mit Pflanzen 1778 aufgegeben hatte , fiel ihm auf , daß in den dabei benutzten Waſſergefäßen eine grüne Materie ſich abgeſetzt hatte , welche eine ſehr „ reine “ Luft abſchied ; zahlreiche weitere Beobachtungen lehrten ihn , daß dieß nur unter dem Einfluß des Sonnenlichts geſchieht ; von der vegetabiliſchen Natur dieſer Subſtanz , welche ſpäter als Prieſtley'ſche Materie bezeichnet und aus Algen beſtehend erkannt wurde , hatte Prieſtley ſelbſt indeſſen keine Ahnung .",Late-Late,4
bergwerk,2017642,"3. §. 6 des Geſetzes , betreffend die Verbindlichkeit zum Schadenserſatze für die bei dem Betriebe von Eiſenbahnen , Bergwerken u. ſ. w. herbeigeführten Tödtungen und Körperverletzungen , vom 7. Juni 1871 2 ) ;",2599973,"Die Bergknappen dürfen kein Bergwerk verheimlichen , noch sich eines andern bemächtigen , auch nicht für zwei Hammermeister gleichzeitig arbeiten .",Late-Late,4
kinderspiel,3300554,"So blindlings handeln leider viele , Die wie in einem Kinderſpiele , Der Seelen Werth gering geacht , Und dadurch ſich ums Wol gebracht : Ach ! moͤgten wir doch ſtets erwegen , Wie viel an unſrer Seel gelegen ; So wuͤrden wir uns recht bemuͤhn , Der Suͤnder Reizung zu entfliehn !",988636,ZUviel / zuviel / zuviel / was hat euch ſo beſeſſen / Daß ihr nichts anders ſchertzt / Als daß ihr immer hertzt / Wo ihr einander wolt in einer woche freſſen / So wird ein bloſſes kinderſpiel Zuviel / zuviel / zuviel .,Early-Early,2
sonnenlicht,5166255,"Die Erde die zur Winters Zeit , Mit Eis bedekt mit Schnee beſtreut Von rauher Kaͤlte gantz erfroren , Scheint gleichſam wieder neu gebohren ; So bald der Strahl vom Sonnenlicht , Den Schnee zerlekt , das Eis durchbricht : Und den erfrornen Schoos der Erden , Laͤſt wieder fruchtbahr , traͤchtig werden .",5530223,"Gehört doch zu dieſer Gruppe von Naturerſcheinungen , die man unter dem Namen Photochemie zuſammenfaßt , die ſchon den älteſten Völkern bekannte Thatſache , daß manche Stoffe , wenn ſie dem Sonnenlicht ausgeſetzt werden , allmählich ausbleichen .",Cross-Era,2
uhrwerk,4971166,"Es waren entweder Treibtorpedos , welche durch die Strömung gegen feindliche Schiffe getrieben und durch Uhrwerke zur Exploſion gebracht werden ſollten , oder es waren » Pfahltorpedos « , welche an ſeichten Stellen an auf dem Grunde errichteten Pfahlwerk befeſtigt wurden und durch den Stoß eines Schiffes zur Entzündung kamen .",520866,"Ihre Bewegung gleicht der des Pendels , welcher den Gang eines Uhrwerks regelt , oder dem Pulsſchlage , an welchem man den innern Zuſtand eines Volks prüfen und erkennen kann .",Late-Late,4
schauspiel,2873394,"An jedem Winterſonntag nach der Meſſe harrten die wohlerzogenen Knaben der höheren Stände in den Gängen des Schloſſes um den würdevollen Zug der heimkehrenden „ Herrſchaften “ zu bewundern : voran ſchritt eine Schaar von Läufern , Hoffourieren , Kammerherren und Adjutanten , dann der König in ſeiner altväteriſchen Tracht , bezopft und gepudert , die Hände in einen großen Muff vergraben , darauf die faſt ebenſo alten Prinzen Anton und Max , ebenfalls mit Muffs , den Chapeau-bas unter dem Arme — ein wunderſames Schauſpiel , dem nur ein Dresdener Gemüth mit ungetrübter Andacht beiwohnen konnte .",683893,"» Überlasst sie ihren eigenen inneren Zerwürfnissen « ; alle grosse Kriege der Folgezeit waren , mit Ausnahme der Kreuzzüge , Kriege zwischen Germanen , zum mindesten zwischen germanischen Fürsten ; unser 19. Jahrhundert zeigte in der Hauptsache dasselbe Schauspiel .",Late-Late,4
zitronensaft,2253319,"Hierauf formiret aus einem guten Teig die Paſtetgen wie vorige , leget die Muſcheln nebſt einem Stuͤckgen Butter drein , druͤcket Citronenſafft drauf , decket ſie zu , und backet ſie ab .",2770143,"Ausfärben der Seide in einem Orleanbade bei 50 bis 60 ° R. , um ihr den nötigen gelben Fond zu geben ; dann durch ein ſchwach angeſäuertes Waſſerbad paſſieren und in beſonderem Bade mit Safflor ( kalt ) oder Cochenille ( warm ) ausfärben ; ſchließlich Schönen mit Eſſigſäure oder Citronenſaft , oder Paſſieren durch eine Zinnlöſung .",Cross-Era,2
seewasser,643409,"Die Taufe der Schiffe geſchieht ohne viel Complimenten , bloß dadurch , daß ſolches uͤberall mit Seewaſſer gewaſchen wird ; es muß aber den Matroſen ein Trinkgeld dafuͤr gegeben werden , indem dieſelben ein Recht zu haben glauben , den Schiffſchnabel ( eperon ) abzuhauen , wenn ſolcher nicht von dem Capitaine , oder Schiffer mit etlichen Bouteillen Branntwein , oder einigem Gelde geloͤſet wird .",5523728,"Das Seewaſſer übt nun nicht nur auf die Beſtandteile der Bohne einen ſo nachteiligen Einfluß aus , daß ein ſolcher Kaffee faſt als ganz verdorben zu betrachten iſt , ſondern beeinflußt glücklicherweiſe auch die Farbe des Kaffees derart , daß derſelbe leicht als durch Seewaſſer beſchädigt zu erkennen iſt , oder — treffender geſagt — früher zu erkennen war .",Cross-Era,4
streitsache,3172511,"Hingegen der uͤbrigen ſtreitſachen halber , z. e. uͤber ligende guͤter , erbſchaften und dergleichen , haben ſie iren gerichtsſtand bei irer ordentlichen oberkeit , F. H. Caſſeliſche poſtordnung § III , IIII , Kur- Braunſchweig-Luͤneb. L. O. im IIIIten teile cap. 6 ſ. 370 fg .",230168,Blut-Freunde wie Streitſachen unter ſich vergleichen ſollen 22 . n. 2 . wenn zeugen koͤnnen 54 . n. 23 . 55 . n. 28 . wie fuͤr einander gerichtliche Fuͤrſprecher ſeyn koͤnnen 76 . n. 40 . haben in Lehnſtuͤcken Einſtand Recht 125 . n. 17 . haben Vorzug bey Kirchſtuͤhlen 208 . n. 35 . haben unter Fuͤrſtlichen Kindern das Recht zur Vormundſchafft 227 . n. 10 . an denſelben begangener Todtſchlag wie zu ſtraffen 591 . n. 12 . haben Naͤher-Kauff Recht 499 . n. 15 . deren Succeſſion Recht 482 . n. 18 . 319 . n. 21,Early-Early,2
schauspiel,554022,Von mir wird Palm und Sieg zum ſchau-ſpiel dargeſtellt ; Der koͤnigs-purpur weicht der Roͤthe meiner hirten / Der Helm der frauen-haut / der Scepter meiner Mirten .,1108881,"Welch ein prächtiges Schauſpiel , das eines großen Volkes , deſſen Trümmer ſich nähern , das zur Nationalität , das heißt zum Leben , zurückkehrt ! “",Cross-Era,4
rechtsstreit,5408330,"Darin stimmen alle Berichte überein , dass die ganze Justiz vom Schergen und Kerkermeister bis zum Grossrichter käuflich ist , dass trotz dem Gesetz , nach welchem jeder Rechtsstreit binnen drei Tagen entschieden sein muss , die Prozesse in die Länge gezogen werden , bis beide Parteien kein Geld zur Bestechung mehr haben , dass schwere zu lebenslänglicher Kerkerhaft und Zwangsarbeit verurtheilte Verbrecher oft nach kurzer Zeit gegen Bezahlung der Schliesser entlassen werden , während minder gravirte endlos schmachten .",2018773,"Das Verfahren richtet ſich nach den Vorſchriften , welche zur Anwendung kommen würden , wenn der Rechtsſtreit vor einem Amtsgerichte anhängig wäre ; daſſelbe iſt fortzuſetzen , bis der Rechtsſtreit ſelbſt oder ein Zwiſchenſtreit zur Erlaſſung eines Urtheils oder eines Beweisbeſchluſſes reif erſcheint .",Late-Late,4
eisenwerk,2597941,"Unter seiner Verwaltung wurden viele neue Eisenwerke angelegt ; ebenso fällt die Einführung der Holzblasebälge am Harz , welche als der wichtigste , aber auch als fast der einzige technische Fortschritt der Eisenindustrie im 17. Jahrhundert bezeichnet werden muſs , in seine Zeit .",2474195,"Dadurch fingen die Eisenwerke an , von den natürlichen Wassergefällen unabhängig zu werden .",Late-Late,3
gesichtszug,4700332,"Dann vor einem jungen Manne mit klugen , offenen Geſichtszügen :",4700876,"„ Meine Tochter Raphaela “ , ſagte der Freiherr , indem er mit ſeiner vertrockneten Hand koſend über das Haar der Eingetretenen ſtrich , das jetzt in ſeiner reichen , blendenden Fülle fremdartig von den ernſten , faſt ſchroffen Geſichtszügen abſtach .",Late-Late,4
sonnenuhr,646320,"Es ſoll aber ein Uhrmacher ( naͤchſt der Wiſſenſchaft die Metalle zu tractiren , und ſeinen in Verfertigung ſeiner Kunſtwerke erforderten Handgriffe , vornehmlich in kuͤnſtlichem Drehen , und accuraten Abtheilen und Einſchneiden der Raͤder ) auch die Zeichenkunſt , ingleichen die Aſtronomie , ferner die Gewicht- und Rechenkunſt , das Graviren oder Stechen , die | Gnomonik oder die Kunſt Sonnenuhren zu machen ꝛc. verſtehen .",2926089,"Jhr gemeinſchaftliches Jnſigne war eine Sonnenuhr an einer Saͤule ; Die Endten ſchwimmen , wie bey den andern , im Waſſer .",Early-Early,2
wortspiel,314115,"Lange zweideutige Dialoge in den Volksſcenen , die von Witz und Gedankenfülle ſprudelten , mußten zurückbleiben Die Spitzen der Wortſpiele mußten abgeſtumpft werden , oder durch aushelfende dumme Redensarten , die ich hinzuſetzte , krumm gebogen .",2405621,"Obwol von saturnischem Temperament und oft grüblerischem Brüten verfallend , war er mit Personen seines Vertrauens aufgeräumt , expansiv , voll scherzhaft sarkastischer Wortspiele .",Late-Late,4
gesichtszug,5402857,Daß alſo die gantze heilige Dreyeinigkeit in eines jeglichen Bruders und Schweſters Bilde und Geſichtszuͤgen ( Gedeante ) ſich ſpiegle - -,728481,"Im Grunde ist es also eine äusserst rohe Art von Abbildung , die wir beim Zählen vornehmen ( die Abbildung der Einheiten oder Individuen der Menge blos nach ihrer „ Häufigkeit “ oder „ Anzahl “ ) — eine Abbildung , die hinsichtlich ihres Gehaltes bei weitem nicht heranreicht an diejenige , welche der Stift des Zeichners , die Kamera des Photographen , der Pinsel des Malers hervorzubringen vermöchte , von dem Meissel des Bildhauers zu geschweigen , durch welche ja nicht blos die Anzahl , sondern vielleicht die ganze äussere Erscheinung , ja allerhand charakteristische Eigentümlichkeiten der Haltung und der geistige Ausdruck der Gesichtszüge der abgebildeten Persönlichkeiten zur Darstellung kämen .",Cross-Era,3
rehbock,4407874,"Jſt eine Weidmaͤnniſche Redens-Art , da ſie von dem Rehbock ſagen :",5211155,"Der Jäger , welcher an zwei verſchiedenen , neben einander im Dickicht gelegenen , Stellen Geräuſch hört und weiß , das eine rühre von einem Rehbock , das andere von einem Treiber her , aber nicht welches , und nun nach der Stelle des einen Geräuſches , oder auch in der Richtung der beiden Geräuſche , ſchießt , ſo daß er gerade ſo gut den Treiber wie das Thier treffen kann , hat unerachtet dieſer gleichen Wahrſcheinlichkeit , wenn er den Treiber trifft , nur für culpa einzuſtehen .",Cross-Era,2
uhrwerk,5882757,"Jn der ſiebenden Kammer trifft man an Bilder aus Stein , Metall und andern Materien , auch gedrechſelte und bewegliche Kunſt-Sachen und Uhrwercke ; die Bilder ſind ſowol von Metall als aus Stein von den Haͤnden vornehmer und beruͤhmter Bildhauer , nemlich Michaëlis Angeli Bonaroti , Joann .",4483256,"— Wenn die Kugel am Ziele anlangte , so wiederholte sich dasselbe Spiel mit einem zweiten Elektromagneten , wodurch der Zeiger wieder vom Uhrwerk getrennt und festgestellt wurde .",Cross-Era,4
zeughaus,2598490,1620 wurden ins Zeughaus geliefert :,2593769,"Der Stein Senseneisen sollte mit 8 gr. 6 Pf. , geviertes Eisen mit 8 gr. , alles für den Hof und das Zeughaus gelieferte um 1 gr. geringer bezahlt , von den Hammermeistern aber ein Teil geviertes und zwei Teile Senseneisen wöchentlich in die Kammer geliefert , jede Gattung bei zwei Gulden Strafe besonders gewogen und Niemanden davon ohne besonderen Befehl abgegeben werden .",Late-Late,4
sonnenuhr,2926089,"Jhr gemeinſchaftliches Jnſigne war eine Sonnenuhr an einer Saͤule ; Die Endten ſchwimmen , wie bey den andern , im Waſſer .",646320,"Es ſoll aber ein Uhrmacher ( naͤchſt der Wiſſenſchaft die Metalle zu tractiren , und ſeinen in Verfertigung ſeiner Kunſtwerke erforderten Handgriffe , vornehmlich in kuͤnſtlichem Drehen , und accuraten Abtheilen und Einſchneiden der Raͤder ) auch die Zeichenkunſt , ingleichen die Aſtronomie , ferner die Gewicht- und Rechenkunſt , das Graviren oder Stechen , die | Gnomonik oder die Kunſt Sonnenuhren zu machen ꝛc. verſtehen .",Early-Early,2
wortspiel,2518138,Kunſt-woͤrter . 69 . 156 . neue zu machen iſt erlaubt 149 . was dabey zu mercken 156 . 172 . 175 . 179 . 184 . 204 . ihre iunctur 210 . ꝛc. Wortſpiele 40 . 43 . 317 . 323 .,1110057,Er ſagte mit boshaftem Wortſpiele : dieſer Nichtswürdige wolle der Napoleon der Julirevolution werden und ſie wie ein Tertianfieber wiederkehren laſſen ( il veut la faire tourner en Thiers ) .,Cross-Era,2
heerführer,663891,"Den Zaum habt ihr euch bereits anlegen laſſen , indem ihr den Phalaris zu eurem Heerführer mit unumſchränkter Gewalt , ernannt .",3928785,"Daß namlich um das Jahr der Welt 3912 . die alten Helvetier unter ihrem Heerfuͤhrer Ogetorix ſich verbunden / ihre wilde Lande zuverlaſſen / und das fruchtbare Jtalien einzunemmen / deßwegen vor ihrer Abreiſe in die 12. Staͤtt / und 400 Flecken und Doͤrffer / mit allem Korn- und anderem Vorꝛaht verbrent ; ut Domum reditionis ſpe ſublata , paratiores ad omnia pericula ſubeunda eſſent .",Early-Early,4
mauerwerk,3169461,"In ſcheunen von mauerwerke muͤſſen die loͤcher , wie bei den pulvertuͤrmen gefertiget werden , um die anlegung des feuers zu verhuͤten .",2906298,"Auf hohen Thuͤrmen ſolte man zu Ende des Mauerwercks ein Eſtrich , in der Forme eines Gewoͤlbes , machen und ſchlagen laſſen , und alsdenn das gehoͤrige Dach druͤber ſetzen , welches auch bey andern vornehmen Gebaͤuden in acht zu nehmen , damit das brennende Holtz auswendig abfallen koͤnte , und alſo das unterſte Mauerwerck durch die allzugroſſe Hitze inwendig nicht zerſpruͤnge , noch muͤrbe machte , auch die Gluth nicht weiter hinunter greiffen , noch inwendig die Treppen und Boͤden verderben koͤnte , abſonderlich , wo nichts gewoͤlbet iſt .",Early-Early,2
salzwasser,5076909,Siede den Lachs in Saltz-Waſſer / mache eine Bruͤh mit geriebenem Lebkuchen / Malvaſier / Triſaneth / Pfeffer und Cardomoͤmlein / laſſe ſie ſieden / gieſſe darauf das Saltz-Waſſer von dem Lachs herab / hingegen dieſe daran / und ſiede es noch ein wenig untereinander .,2239948,"Es weꝛden die in Saltzwaſſer geſottene Aſchen in eine Schuͤſſel geleget , geriebene Sem̃el , Muſcaten- Bluͤten , und klein gehackte gruͤne Peterſillie druͤber geſtreuet , ein gut Theil ausgewaſcheneꝛ Butter dꝛauf geleget , Peterſillien-Waſſer nach Nothdurfft darzu gegoſſen , und ſolche in eben dieſer Schuͤſſel , welche mit einer andern Schuͤſſel zu gedecket iſt , auf ein Kohl-Feuer geſetzet , darinnen ſie nicht nur kochen muͤſſen , ſondern auch unterſchiedliche mahl mit der Schuͤſſel umzuruͤtteln ſind , damit alles durch einander ſich vermiſchen , auch die Bruͤhe fein dicke werde , uñ einen guten Geſchmack bekommen moͤge .",Early-Early,4
hausstand,1093223,"Polygam oder polyandrisch werden bekanntlich die Ehen genannt , je nachdem der Mann seinen Hausstand mit mehreren Frauen theilt oder die Frau mehreren Männern gleichzeitig angehört .",5828552,"„ Die alte patriarchaliſche Sitte “ — ſagt er — „ die Gewerbsgehülfen als zum Hausſtande des Meiſters gehörig zu betrachten , herrſcht faſt nirgendwo mehr , vielmehr wird der Lohn nur in baarem Gelde gegeben .",Late-Late,4
trauerspiel,3516262,"Dieſer muß nun zwar die gantze Tragoͤdie hindurch einerley bleiben : Allein in verſchiedenen Trauerſpielen muß ſich bald eine Straße der Stadt , ein koͤniglich Zimmer , ein Feldlager , ein Wald , ein Dorf , ein Garten , u. ſ. w. vorſtellen .",5716628,"denn ich bin willens , es allezeit bey mir zu behalten , um mich dadurch vor deiner anſteckenden Geſellſchaft zu verwahren , welche ſonſt vielleicht nach Verlauf einiger Zeit im Stande ſeyn moͤchte , den Eindruck zu ſchwaͤchen , den ich von dieſem fuͤrchterlichen Trauerſpiel allezeit in mir zu erhalten verlange .",Early-Early,4
gesichtszug,4600367,Er ging zum Spiegel und fing an ſeine Geſichtszuͤge auszuwickeln und aufzuklaͤren .,2173565,"Jn ihrem Blick hatte ſie etwas Groſſes , das die Seele verrieth , welche jeden Geſichtszug belebte .",Early-Early,4
bildhauer,5502894,"Ob Hr. Tr-ll-r in ſeiner Unterſuchung von Fabeln Bl. 568. Urſache gehabt , die Eſopiſche Fabel von dem Fuchſe in des Bildhauers Werckſtatt , als unwahrſcheinlich zu verwerffen ?",771684,"Bey dem Bildhauer bedeutet dieſes Wort die koſtbaren Einfaſſungen oder Raͤhme der Spiegel , Schildereyen u. d. gl.",Early-Early,4
brunnenwasser,5523380,"Während nun das Bier außerhalb der Wellbleche den Weg von c nach b macht , geht in dem Innenraum zwiſchen den Blechen eine kalte Flüſſigkeit von unten nach oben , und zwar Brunnenwaſſer , welches bei f ein- und bei g austritt , den oberen Innenraum in der Richtung der Pfeile durchſtrömend , während Eiswaſſer für den unteren Innenraum bei h ein- und bei i austritt .",5404153,"Das Brunnenwasser des salpeterhaltigen Bodens kann Niemand trinken ; so ist denn Tien - tsin auf den Lehmbrei des Pei-ho und des Canales angewiesen , welche allen Unrath der Stadt aufnehmen ; auch faulende Thierleichen und anderes Unsägliche schwimmen darin herum .",Late-Late,4
eifersucht,2468979,Die Eifersucht der Gewerke lieſs keinen neuen aufkommen .,170239,"So muſs also in der Periode zwischen dem Absterben des ionischen Epos und dem Aufblühen des attischen Drama’s ein gewaltiger Umschwung in der Sagengestaltung erfolgt sein , zu dem sich ein Ansatz allerdings bereits in der späteren Partie der Nekyia findet , ein Umschwung , durch den die von Natur gutartige , aber schwache und den Verführungskünsten des Aigisthos nicht gewachsene Frau , die bei Homer Klytaimnestra ist , umgewandelt wird in das leidenschaftliche von Lieb und Haſs und Eifersucht bis in’s Innerste bewegte , listige und thatkräftige Weib , als welches uns Klytaimnestra bei Aischylos entgegentritt .",Late-Late,4
feuerwerk,2202654,"An denſelben ſiehet man Ebenfalls ſehr ordentlich eine Menge Floͤſſer liegen , Die uns auch des Tages zwar , doch noch mehr des Nachts vergnuͤgen , Wann die vielen kleinen Feuer , zur Bereitung ihrer Speiſen , Uns , in einem klaren Duncklen , viele Feuer-Wercke weiſen , Die man , wegen ihrer Menge , ſonder Luſt nicht ſehen kann .",6068168,"Mir traͤumet , daß Mesſeigneurs ein kleines Feuer-Werck ſpielen wollen , worzu ich gratulire , und ſo offt ich einen Mortier abfeuren hoͤre , 12. Canonen auf unſern Schiffen werde loͤſen laſſen , weil wir mit dem Barbariſchen Pulver , wie ich faſt nicht gemeint , noch einen wichtigen Vorrath von Pulver haben .",Early-Early,2
sonnenschein,3861717,"Man konnte ſich einbilden , mit den biederen Menſchen dieſelbe Luft eingeathmet , jahrelang mit ihnen verkehrt zu haben , — ja , den Sonnenſchein zu fühlen , der die reizende Gegend beleuchtete .",314381,"Die Bienen ſitzen ſo träge an den Blumen , und der Sonnenſchein liegt ſo faul auf dem Boden .",Late-Late,4
triebwerk,5507138,"Das betreffende Triebwerk hat also während des Einrückens eine grössere Triebkraft zu übertragen als später , indem der Unterschied für die Beschleunigung verbraucht wird .",3294703,"In dieser ganz specifischen Form des Werths gilt die Arbeit einerseits nur als gesellschaftliche Arbeit ; andrerseits ist die Vertheilung dieser gesellschaftlichen Arbeit und die wechselseitige Ergänzung , der Stoffwechsel ihrer Produkte , die Unterordnung unter , und Einschiebung in , das gesellschaftliche Triebwerk , dem zufälligen , sich wechselseitig aufhebenden Treiben der einzelnen kapitalistischen Producenten überlassen .",Late-Late,4
brunnenwasser,5073941,Zu einer Maas Mandel-Milch / nimm anderthalben Viering ſuͤſſe friſche Mandeln / legs in ein heiſſes Waſſer / ziehe ihnen die Haut ab / wirffs in ein friſches Brunnenwaſſer / laſſe ſie eine Weile liegen / waſche ſie ſchoͤn aus / und ſtoß in einem ſteinern Moͤrſner mit einen hoͤltzern Stoͤſſel auf das kleinſte .,2764222,"Zunächſt iſt zu unterſcheiden zwiſchen dem Waſſer , welches uns die Erde bietet ( Flußwaſſer , Quellwaſſer , Brunnenwaſſer ) , und dem , welches aus der Luft kommt ( Regenwaſſer ) .",Cross-Era,4
kartenspiel,4828554,"Durch das Geſetz vom 3. Juli 1878 ( R.G. Bl. S. 133 ) wurden Spielkarten vom 1. Januar 1879 an unter Aufhebung aller Landesſtempelabgaben einer zur Reichskaſſe fließenden Stempelabgabe unterworfen , welche 0,30 Mark für jedes Kartenſpiel von 36 oder weniger Blättern , 0,50 Mark für jedes andere Spiel beträgt .",2057563,"Nur zu bereitwillig ergriffen wir die Gelegenheit , das Klaviergeklimper , Kartenspiel und die schrecklichen deklamatorischen Vorträge des Kajütensalons mit einer behaglichen Familienstube zu vertauschen und folgten der Einladung des Gastfreundes .",Late-Late,4
feldzug,4425105,"Reichs Ertz-Marſchall , ſein Erb- Marſchall aber der Graf von Pappenheim , auch iſt er dieſer wegen ein Patron und Richter der Hof- und Feld-Trompeter , ingleichen iſt er befugt , bey Feldzuͤgen , wenn der Kayſer ſelbſt zu Felde liegt , des Reichs Haupt- und Renn-Fahne zu fuͤhren .",1478337,"Erst der Sieg des Suetonius über die Königin Boadicea und ihr gewaltiges Heer begründete die römische Herrschaft über Britannien , die dann durch die sieben Feldzüge Agrikolas bis zum Jahre 84 befestigt wurde .",Cross-Era,4
stückwerk,5834484,"Jede Darſtellung unſerer Geſchichte bleibt Stückwerk , wenn ſie dies über die weite Welt verzweigte Wirken deutſchen Geiſtes und deutſcher Waffen nicht würdigt .",1210625,"An manchem zu seiner Zeit durch die ganze Welt verbreiteten Aberglauben , welcher später zu einem christlichen Dogma umgestaltet ward , geht er lächelnd vorüber , wie er z. B. von den Engeln meint , man habe » nie keins gesehen « ( Col. II , 18 ) und solle sich nicht durch solche Vorstellungen » das Ziel verrücken lassen « ; er gesteht auch freimütig : » unser Wissen ist Stückwerk ; wir sehen jetzt wie in einem Spiegelbild nur Rätselhaftes « ( I. Cor. XIII , 9 , 12 ) , und darum kann es ihm auch gar nicht einfallen , seinen lebendigen Glauben in dogmatisches Stückwerk einzuschrauben : kurz , Paulus war noch ein freier Mann gewesen .",Late-Late,2
zeughaus,2585962,"Wie reich das Nürnberger Zeughaus ausgerüstet war , haben wir bereits oben gesehen .",2585943,"1502 lieſs der Rat von Augsburg ein neues schönes Gieſshaus und ein Zeughaus , „ welches gemeiniglich der Kazenstadel genannt wurde “ , an dem Judenkirchhofe erbauen und gleich damals goſs der Stückgieſser Niclas Oberacker aus Konstanz 35 metallene Stücke und einen Mörser , welche alle in das Zeughaus gestellt wurden .",Late-Late,2
kreuzzug,5465350,"GOTT wieß aber dieſen Leuten durch den ungluͤcklichen Ausgang , daß es ſein Werk nicht ſey ; denn in dieſem , wie auch in den uͤbrigen Kreuzzuͤgen ging es ſo jaͤmmerlich ab , daß nach und nach wol ſechs tauſend mal tauſend Menſchen aufgeopfert wurden , und die Barbaren an denen Chriſten nur deſto bitterere Feindſeligkeiten veruͤbten .",8937,"Diese Art steht im Einklange mit der Art , die Mannsharnische von einem langen , ärmellosen Kleide , dem „ Waffenhemd “ , bedeckt zu tragen , die in den Kreuzzügen ihr Entstehen fand .",Cross-Era,2
kinderspiel,1755931,"Er ſoll ſein eigener Künſtler geweſen ſein in einem Sinne , der alles andere Kunſtſchaffen wie ein Kinderſpiel in den Schatten zu ſtellen ſcheint .",2363709,"Er , der die Vernichtung des fränkiſchen Geſindels für ein Parademanöver , den Einzug in Paris für eine Promenade und die Herſtellung des ſouveränen Thrones für ein Kinderſpiel erklärt , er hatte jetzt tauſend Bedenken , welche das gefliſſentliche Zaudern in ſeinen Augen bemäntelten .",Late-Late,2
hausstand,1932016,Wie in ſtatu compoſito und zwar im Hausſtande ?,5096828,"Nach der Zeit , als mein Herr alleine war , uud Niemanden mehr umb ſich hatte , mit dem er ſich verweilen kunte , als ein altes Weib und mich , kam ihm einsmahl an , ihme eine Ehe-Liebſte zu ſuchen , wann er aber denn erwog , was vor Verdrießligkeit der Ehe-Stand mit ſich fuͤhrte , und zumahl ein Geiſtlicher , der da dem was des HErren iſt , anhaugen muͤſte , ſolte taͤglich umb den Hauß-Stand , vor die Nahrung und vor ſein Weib und Kinder ſich bekuͤmmern , ſo vergieng ihm wieder die Luſt ein Weib zu nehmen .",Early-Early,2
rechtsstreit,2018607,Das Gericht kann in jeder Lage des Rechtsſtreits die gütliche Beilegung deſſelben oder einzelner Streitpunkte verſuchen oder die Parteien zum Zwecke des Sühneverſuchs vor einen beauftragten oder erſuchten Richter verweiſen .,2017807,"6. wenn verſchiedene Gerichte , von welchen eines für den Rechtsſtreit zuſtändig iſt , ſich rechtskräftig für unzuſtändig erklärt haben .",Late-Late,4
sonnenuhr,2926089,"Jhr gemeinſchaftliches Jnſigne war eine Sonnenuhr an einer Saͤule ; Die Endten ſchwimmen , wie bey den andern , im Waſſer .",612516,"Die dicht vor dem Salon gelegene Gartenanlage beſtand aus einem Rondeel mit Sonnenuhr , um das herum , in meiſt dreieckigen und von Buchsbaum eingefaßten Beeten , allerlei Sommerblumen blühten : Reſeda und Ritterſporn , und Lilien und Levkojen .",Cross-Era,2
sündenfall,5146894,"So hoͤret GOttes Sohn auch darum nicht auf JEſus zu heiſſen , eben ſowol nach meinem Suͤndenfall und ſchaͤndlichen Treuloſigkeit als vorhin , ja ehe noch ein Staͤubgen von mir vorhanden war .",2947236,"Bald laͤſſet er einen blinden , aber in eigener Gerechtigkeit ſtehenden Menſchen durch ſchwere Suͤndenfaͤlle in den Koth geworfen werden , damit er uͤberzeuget werde , wie noͤthig er der Reinigung in dem Blute des Lammes habe .",Early-Early,2
seewasser,4205587,"Wann dieſes geſchehen , werden alle Blaͤtter von den Stengeln abgeriſſen , und darauf , nachdem die Ribben , die mitten durch die Blaͤtter hinlauffen , davon gethan worden , mit etwas Seewaſſer beſpritzt , geſponnen und auf die Rollen geſchlagen .",5519433,"Dieſes Seil iſt im Torpedo um eine Trommel geſchlungen , und wenn es während der Bewegung des Gefährtes ſich von dieſer abwickelt , ſo dringt Seewaſſer ein , macht aber das Fahrzeug aus dem angeführten Grunde weder ſchwerer noch leichter .",Cross-Era,4
stockwerk,6104435,"Mehrentheils wird das Stockwerck , ſo eine Treppe hoch , vor das bequemſte und beſte geachtet , und daher auch am beſten ausmeubliret ; Je hoͤher nun die Stockwercke ſteigen , je mehr nehmen auch die Meublen , wegen der Beſchwerlichkeit im Steigen / an Propreté und Koſtbarkeit ab , weil die Geringern immer hoͤher und hoͤher logiret werden .",2906314,"Dem aber leicht vorzukommen , wenn man allezeit zuvor einen Riß machte , und welches noch beſſer , ein vollkommen Modell verfertigen lieſſe , an welchen aber die Stock-Wercke muͤſſen koͤnnen von einander gehoben werden , um darinnen alles deſto deutlicher und genauer zu erkennen und zu verſtehen , folglich auch der Bau nach denſelben um ſo viel ſicherer mit Erſpahrung vergeblicher Unkoſten den Bau-Herrn anzufangen und zu verfertigen , und ſind denjenigen Bau-Herrn , welchen das Bau-Weſen und Architectur nicht ſowohl bekandt , oder es nicht wohl verſtehen , die Modelle um ſo vielmehr noͤthig und nuͤtzlich , weil manchmahl eine Sache oder Werck im Riſſe gut , und ſchoͤn ausſiehet , im Bau aber hernach nicht ſowohl angehen , oder den Bau-Herrn contentiren will .",Early-Early,4
sündenfall,106434,"Jn dem Worte Verheiſſungen , wird zwar auf die Verheiſſung ſelbſt geſchehen , wie ſie nach dem Suͤndenfall durch alle Zeitlaufe des Alt .",1210271,"Und bezüglich des Sündenfalles verweise ich ihn auf Luther , welcher schreibt :",Cross-Era,2
sonnenuhr,646320,"Es ſoll aber ein Uhrmacher ( naͤchſt der Wiſſenſchaft die Metalle zu tractiren , und ſeinen in Verfertigung ſeiner Kunſtwerke erforderten Handgriffe , vornehmlich in kuͤnſtlichem Drehen , und accuraten Abtheilen und Einſchneiden der Raͤder ) auch die Zeichenkunſt , ingleichen die Aſtronomie , ferner die Gewicht- und Rechenkunſt , das Graviren oder Stechen , die | Gnomonik oder die Kunſt Sonnenuhren zu machen ꝛc. verſtehen .",2926089,"Jhr gemeinſchaftliches Jnſigne war eine Sonnenuhr an einer Saͤule ; Die Endten ſchwimmen , wie bey den andern , im Waſſer .",Early-Early,2
streitsache,1999860,"Als Worthalten / Treu uud Glauben / an Zeit Ort / und prompte Abhelffung bey Jrrung und Streitſachen / Execution ohne Proceſſ , und ſolches Ehrenhalben Intereſſe und Nutzenhalben :",3217272,"juͤden , was ſie ſind 102 , werden uͤberall nicht gedultet , ebend . wer ſie aufnemen kan , ebend . ſind des buͤrger-rechtes nicht faͤhig , ebend . , derſelben rechte und richtſchnur 103 , duͤrfen keine geſtohlnen ſachen kaufen , ebend . , werden zu ſoldaten und bedinungen nicht genommen 104 , duͤrfen kein gewehr tragen , ebend . , was bei irem wegzihen 353 , und irer aufname in die doͤrfer im F. H. Caſſeliſchen zu beobachten iſt 451 , wie ire wechſel im F. H. Caſſeliſchen eingerichtet werden ſollen 3789 , was ihnen nicht verkaufet werden ſoll 4155 , nach welchem rechte die juͤden ſich richten 2935 , von der giltigkeit ires ehe-brifes 2937 , wie weit ſie teſtamente machen moͤgen 2934 , wie ſolche einzurichten ſind 2936 , ſtiften fuͤr chriſten vermaͤchtniſſe 2938 , und bekommen ſolche auch von chriſten , ebend . , die erſtgebohrnen bei ihnen haben einen vorzug 2939 , wie es mit iren ſtreitſachen gehalten wird 6016 , die F. H. Caſſeliſche juͤdenordnung beſtimmet die faͤlle deswegen , ebend . , welche caͤrimonien nicht zulaͤſſig ſind , ebend . , der landesherr ſchluͤſſet ihnen die ſchule zu 6019 , wer ire ſchul-frevel beſtrafet 6017 , wie die juͤden ire eheweiber beerben 3081 , juͤden-zehrung 6564 .",Early-Early,2
wunderwerk,4479052,Wenn ſie denn uͤber ein oder zwey Tage ihr eingegoſſen Bad nicht mehr finden / ey was wird da fuͤr Wunderwerck draus gemacht / und muß es das Juͤdel haben heraus geſpielt ; da ſie doch leicht gedencken koͤnten / wie es zugegangen ſey / und daß ſich auch das Waſſer wuͤrde verlohren haben / wenn gleich nicht einmahl ein Kind im Hauſe waͤre .,2406741,denn wenn letztrer seiner grossen Frömmigkeit die Errichtung dieses heiligen Wunderwerks vorwegnahm :,Cross-Era,3
mauerwerk,4290521,Sand 150 Thon 100 Fette Erde 115 Mauerwerck von Steinen 120 bis 125 Mauerwerck von Ziegeln .,2671698,"Kaai , Kaa , Quai , iſt ein Mauerwerck von Steinen , welches man laͤngs dem Ufer eines Fluſſes oder eines andern Waſſers auffrichtet , um ſelbiges in ſeinem Flut-Bette zu erhalten .",Early-Early,4
windspiel,4500860,"Nach den Friſiſchen , Alemanniſchen und bayriſchen Geſetzbüchern werden folgende Raſſen zuſammengeſtellt : Leithund , Treibhund , Spürhund , Biberhund , Windſpiel , Habichthund ( Hapihuhunt ) , Bären- und Büffelfänger , Schweinhund , Schafhund , Viehhund , Hofhund ( Hovawarth ) und Barnbrake ( nach Schilter ein kleiner Schoßhund ) .",4639555,"Bei dem letzten Worte blickte er auf das Windſpiel , welches neben meinem Pferde hertrabte ; ich war ſo vorſichtig geweſen , es mittels einer Leine an meinen Steigbügel zu binden .",Late-Late,1
meerwasser,2581735,"Mit Meerwasser kann man diese Flecken am schnellsten wieder herausbringen : und man schützt es davor durch mancherlei Umhüllungsmittel , durch Mennige , Bleiweiſs , Gips , Bitumen und flüssigen Teer .",4487514,"Die Höhendifferenz zwischen dem Hochplateau Asiens und dem Boden des stillen Meeres wird man mindestens auf 12000 Meter und , wenn man das auf Gesteingewicht reducirte Gewicht des Meerwassers in Abzug bringt , auf 10000 Meter veranschlagen können .",Late-Late,3
hausstand,1933110,"Daher iſt kein Regent , welcher ſich nicht um den Hauß-Stand bekuͤmmert , und da gute Regeln giebt .",4095683,"Er habe nicht Luſt , der gnädigen Frau , wenn ſie zurück komme ( vielleicht heute ſchon ) , einen aus Rand und Band gegangenen Hausſtand zu überliefern .",Cross-Era,4
triebwerk,1163871,“ Unendlich Triebwerk deiner Werke !,4601800,"Soll Tomlinſon , ſollen dieſe Weibsleute angenommen und beſchaͤfftiget , ſollen ſo viele Triebwerke mit unſaͤglichen Koſten in Bewegung gebracht ſeyn : und das alles umſonſt ?",Early-Early,4
seewasser,6107275,"Bei den ungeſtörten Thieren ſind dieſe Fäden in unaufhörlicher Bewegung , um aus dem umgebenden Seewaſſer ſowol die nöthige Nahrung aufzunehmen , als auch aus ihm kohlenſauren Kalk abzuſcheiden , denſelben Atom für Atom von ihrem Körper wieder abzuſetzen und daraus jene Gerüſte zu bilden , deren unendlich vielfache und ſchöne Formen wir als Korallen bewundern .",1386974,"Andererſeits ſind die Netze der Witterung und dem Naßwerden durch Seewaſſer ausgeſetzt und verlieren , wenn ſie zu roſten beginnen , bedeutend an Haltbarkeit .",Late-Late,4
ruhestand,3172094,"Die hoheits-rechte aͤußern ſich entweder in anſehung der innerlichen einrichtung ſowohl verfaſſung des landes , auch deſſen regirung , oder des aͤuſſerlichen ſtates des reiches , landes , deſſen ruheſtandes und deſſen aufrechterhaltung mithin gegen auswaͤrtige voͤlker ausgeuͤbet werden , z. e. das recht des kriges und fridens , der geſandſchaften ꝛc .",4934598,"Dahero , wenn das Pendulum vor dem Stoß ſtill geſtanden , ſo wird man anzeigen koͤnnen , was vor einen groſſen Schwung das Pendulum von einem ſolchen Stoß bekommen , und wie weit daſſelbe von ſeinem Ruheſtand gebracht werden muͤſſe .",Early-Early,2
tagewerk,1114933,"Der Künſter wußte , daß alle wahrhaftige Geſchichte grelle Farben trägt ; er ließ ſich ’s nicht verdrießen ſelbſt den Regimentsprofoßen durch ſein hartes Tagewerk hindurch zu verfolgen und bildete ihn ab , wie er die Spießruthen ſchneidet für die Strafen des nächſten Morgens .",3755205,"Der ich einſt war , der ſo vertraut , So ſchuldlos mir entgegen ſchaut , Heut weiß ich nichts von meinem Tagewerke , Hinthaut der Stolz , es beuget ſich die Stärke .",Late-Late,2
sonnenuhr,646320,"Es ſoll aber ein Uhrmacher ( naͤchſt der Wiſſenſchaft die Metalle zu tractiren , und ſeinen in Verfertigung ſeiner Kunſtwerke erforderten Handgriffe , vornehmlich in kuͤnſtlichem Drehen , und accuraten Abtheilen und Einſchneiden der Raͤder ) auch die Zeichenkunſt , ingleichen die Aſtronomie , ferner die Gewicht- und Rechenkunſt , das Graviren oder Stechen , die | Gnomonik oder die Kunſt Sonnenuhren zu machen ꝛc. verſtehen .",5950235,"Steht auf der Sonnenuhr im großen Garten , Auf deſſen Weiſer ſich ein alter Spatz Den unſcheinbaren Kragen emſig putzt Und ſchnell das ſchiefgebogne Köpfchen kraut .",Cross-Era,4
brunnenwasser,5865823,Wird alſo dafuͤr gehalten / daß man an ſtatt der einfachen Brunnenwaſſer mit viel groͤſſern Nutzen ein Saurwaſſer / ſo aber friſch und ohnlaͤngſt geſchoͤpfft / auch wohl verwahrt ſeyn muͤſte / brauchen koͤnte :,5523219,"In den meiſten Fällen ſind daher Quellwaſſer und Brunnenwaſſer hartes Waſſer , während Flußwaſſer und beſonders Regenwaſſer zu den weichen Wäſſern zählen .",Cross-Era,4
eifersucht,2856727,"Noch viel weniger ist mit der modernen anschauung anzufangen , daſs die taten und leiden des gottes gegenstände mimischer tänze und spiele gewesen wären . leiden zunächst gibt es nicht ; es sei denn allenfalls der von Hera gesandte wahnsinn , von dem wir sehr wenig wissen . der überfall der Titanen , die zerfleischung des Zagreus ist eine orphische dichtung , die man sich hüten muſs über das pisistratische zeitalter hinauf zu datiren , und in den cultus hat sie nicht einmal zu Eleusis zu irgend wie berücksichtigenswerter zeit eingang gefunden . verwendbare überlieferungen von mimischer darstellung der Dionysostaten gibt es nicht . das genügt eigentlich . aber es konnte auch nicht anders sein . der gegensatz des Dionysosdienstes zu dem der olympischen götter , der die beteiligung der gemeinde herbeiführte , schlieſst solche vorstellungen aus . gewiſs haben in manchen culten bestimmte personen durch bestimmte handlungen ein abbild einer heiligen geschichte geliefert . allein diese mimischen darstellungen haben nicht an sich wert , sondern nur als symbole , als ein augenfälliger ausdruck desselben gedankens oder derselben empfindung , welche auch in der heiligen geschichte niedergelegt sind . das δρώμενον und der λόγος bedingen sich nicht gegenseitig , sondern sie stammen aus derselben wurzel , der religiösen empfindung . der mensch , der sich zu der hohen culturstufe des ackersmanns erhoben hat , empfindet eine innere scheu , den stier , seinen arbeitsgenossen , zu schlachten und zu essen , den er doch als jäger und hirte ohne anstand getötet hatte , und er kann und will doch den genuſs des rindfleisches nicht entbehren . wir mögen nur daran denken , daſs wir unsere näherstehenden gefährten , roſs und hund , auch nicht essen mögen , und auch ein rind , das uns als individuum wert geworden ist , schwerlich für unsern tisch schlachten lassen möchten . aus diesem widerstreit der empfindungen entsteht der ritus der Buphonien , die symbolische ceremonie , entsteht die geschichte vom ersten rinderschlächter Thaulon , auf den die befleckung des mordes abgewälzt wird . das erste ergibt allerdings ein dramatisches , wenn auch stummes spiel , das andere eine legende . die legende kann sich nun freilich von dem αἴτιον loslösen ; sie kann als geschichte einen stofflichen wert erhalten , die phantasie des volkes und der dichter kann sich ihrer bemächtigen , sie weiterbilden , schlieſslich so umgestalten , daſs die erinnerung an ehemalige symbolische bedeutung völlig verloren geht . aber die symbolische handlung ist nicht entwickelungsfähig ; wenn sie nicht heilig ist , wird sie absurd . sie kann sich wol gemäſs den wandlungen des religiösen empfindens umformen , wie es das opferritual getan hat ; allein der spielraum für diese entwickelung ist ein sehr beschränkter . sie wird sich als eine leere form durch die macht des herkommens lange zeiten behaupten . das ende aber ist in beiden fällen , daſs einmal der augenblick kommt , wo man sich eingesteht , daſs eine leere schale nur noch zum wegwerfen taugt . die geschichten von Heras eifersucht und versöhmung leben in mannigfachen umgestaltungen fort : die spiele mit den puppen (δαίδαλα ) auf dem Kithairon haben bestanden , als sie längst läppisch geworden waren :",5406651,"Die Opium-Einfuhr war in Macao ursprünglich erlaubt und blieb auch nach dem Verbot noch lange auf diese Colonie beschränkt , die erst in Verfall gerieth , seitdem die Eifersucht der Portugiesen die englischen Schmuggler nach der Insel Lin-tin vor der Mündung des Tšu-kiaṅ trieb .",Late-Late,2
schauspiel,4425172,Daher ſie auch ſtumme Comoͤdien oder tantzende Schauſpiele genennet werden .,571509,Das Leben / und die Seel der Schauſpielen beſtehet zwar in wenigen / tauglichen / aber in Anſehung der Kleideren / und Geberden geaͤnderten Perſonen / und Waͤnden der Schaubuͤhne ſelbs .,Early-Early,2
leinöl,5529943,"Es ſei nur erwähnt , daß die gewöhnliche Druckerſchwärze meiſt aus Leinöl , das bis zur Sirupskonſiſtenz eingekocht iſt , und aus Lampenruß beſteht .",5528174,"Von den Fetten iſt eine ganze Anzahl ſchon bei den Leuchtmaterialien ( auf S. 285 ff. ) genauer betrachtet worden , ſo daß ſie hier übergangen werden können ; hierher gehören Talg , Leinöl , Olivenöl und Harz .",Late-Late,4
stückwerk,3562426,"Wir vergeſſen uns ſelbſt , wir verſenken uns in den ſchauenden Zuſtand , und indem ſo das erſcheinende Daſein der Dinge mit immer größerer Macht uns entgegentritt , immer unmittelbarer ſich uns darbietet , unſer ganzes Sein erfüllt und ſchließlich in ſich aufzunehmen ſcheint , meinen wir , einer Offenbarung jedes Naturgeheimniſſes beizuwohnen , im Vergleich zu der uns alle mühſam errungene Kenntniß als ein armſeliges Stückwerk erſcheinen muß , und die uns um ſo überzeugender dünkt , als ſie uns mühelos zu theil wird und keinen Beweis und keine Rechenſchaft fordert .",2856976,"es redet durch sie das fühlen und denken eines ganzen volkes , und die zeit , wo sie blüht , ist ihres volkes blüte . die ganze geschichtliche entwickelung der Hellenen strebt auf diese zeit zu , die ganze entwickelung der hellenischen poesie strebt auf die tragödie zu . somit ist sie nicht nur ein geschichtliches object von ganz einziger bedeutung , sondern es wird auch jede theoretische untersuchung nicht bloſs der dramatischen sondern überhaupt aller poesie jämmerliches stückwerk sein , wenn sie nicht die attische tragödie verstanden hat . das kann sie nicht aus sich , würde sie selbst beim besten willen nicht können . die philologie aber verwirkt das recht , kenntnislose hoffart und flache geistreichigkeit zurückzuweisen , wenn sie nicht ihre pflicht erfüllt und das rechte , das geschichtliche verständnis der philosophischen betrachtung übermittelt , auf daſs diese dann in voller freiheit damit schalte . weil er ( wie zu unterschiedlichen anderen schätzen ) zur attischen tragödie allein die schlüssel führt , werden poesie und philosophie in alle ewigkeit des philologen nicht entraten können .",Late-Late,2
kartenspiel,5723691,Wenn ſie das Kartenſpiel nicht vermeiden konnte :,4957813,Dabei hatte er ein Kartenſpiel unterm Wamms hervorgezogen .,Cross-Era,4
seewasser,1092441,"Der Missionär Zucchelli beschreibt an der Küste von Congo das Verfahren der Eingebornen Seewasser abzudampfen , doch sind wir nicht sicher , ob diese Erwerbsart des Salzes schon vor der Niederlassung von Portugiesen dort in Gebrauch war .",4568088,"Wegen des hohen Preises des Nickels waren aber vorläufig für die Praxis nur die Legierungen bis zu etwa 5 Prozent von Wichtigkeit , welche auch schon hervorragende Eigenschaften in Bezug auf Härte , Widerstandsfähigkeit und Haltbarkeit in der Atmosphäre und im Seewasser zeigen .",Late-Late,4
leinöl,2927500,Bey Druckerey iſt das Leinoͤl uͤblich .,5528223,"Die Schmierſeifen werden allgemein aus Leinöl , Brennöl , Thran mit Kalilauge hergeſtellt .",Cross-Era,4
leinöl,4213049,"DJß iſt eigentlich zu reden , ein Praͤcipitat , den man aus dem Laſurſtein , vermittelſt eines Teigs oder Paſta von Schmierpech und gelben Wachs , Leinoͤl , und andern dergleichen Dingen gemacht , bereitet .",4208952,"Die Europaͤer machen es in einem Moͤrſel mit Leinoͤl an , und daraus , nachdem ſie es genugſam geſtoſſen , eine Maſſa , die ſie nach Franckreich verſenden , woſelbſt es gebraucht , und das Wachs , wenn es zu blaß iſt , gelb damit gefaͤrbet wird .",Early-Early,4
tagewerk,930225,"Jhr begluͤckten Gaͤrtners-Haͤnde , Deren Tage-Werck und That , Biß zu dem erwuͤnſchten Ende , Sich geſchickt erwieſen hat :",99311,Dazu kommen auch die Moſi von GOtt geoffenbareten Umſtaͤnde der Schoͤpfung ; ſonderlich die von der darinnen gehaltenen Ordnung der ſechs Tage-Wercke .,Early-Early,4
stückwerk,2994141,"Mit der Befriedigung , ein vielfach noch uncultiviertes Feld zum ersten Mal bebaut zu haben , verbinde ich das weniger angenehme Gefühl , dass es trotz aller Sorgfalt und Mühe nur Stückwerk ist , was ich bieten kann .",5834484,"Jede Darſtellung unſerer Geſchichte bleibt Stückwerk , wenn ſie dies über die weite Welt verzweigte Wirken deutſchen Geiſtes und deutſcher Waffen nicht würdigt .",Late-Late,4
wunderwerk,5645297,So lange Tag und Nacht durch Wechſel ſich beſtreiten / So lange Sonn ’ und Mond Glantz und Bewegung hat / So lange wird die That der treflichen Louiſen Als wie ein Wunderwerck von aller Welt geprieſen .,1125232,"Sie betrachten , bewundern , loben Gott , empfinden , Daß Gott ſo liebreich , als er groß ; ſie unterſuchen , ſie befinden , Daß alle ſeine Wunderwerke ſo , wie er ſelbſt , nicht zu ergruͤnden .",Early-Early,2
heerführer,4757825,"Freylich ! wann unſer Heerfuͤhrer nicht der allmaͤchtige , allgegenwaͤrtige GOTT der Liebe waͤre , ſo kaͤme von hundert ſeiner Kriegs-Knechten kaum einer davon wegen ihrer gar zu ſchlechten , ſchlaͤfferigen Zuruͤſtung und mannigfaltigen Verweilens .",3944368,"Auſſer dieſen beyden Heerfuͤhrern waren noch fuͤnf andere regierende Fuͤrſten , die nachmals Iulianus deswegen abſonderlich heimgeſuchet ; 10. Printzen , und eine groſſe Anzahl vornehmer Ritter bey der Armee .",Early-Early,4
kinderspiel,987740,Und waͤr es kinder-ſpiel / ſo wuͤrden nicht die alten Auf dieſe leckerey ſo groſſe ſtuͤcke halten .,1755931,"Er ſoll ſein eigener Künſtler geweſen ſein in einem Sinne , der alles andere Kunſtſchaffen wie ein Kinderſpiel in den Schatten zu ſtellen ſcheint .",Cross-Era,2
brunnenwasser,2245368,"Putzet 8. auch mehr Kaͤlberfuͤſſe , nachdem ihr viel machen wollet , gantz ſauber , blanchiret ſie im ſiedenden Waſſer , daß ſolche ſchoͤn weiß werden , und das rothe heraus gehet , hernach ſetzet ſelbige in reinen Brunnenwaſſer zum Feuer , und laſſet ſie fein weich kochen .",571982,Diſere und andere / von verſchiedenen Bergen diſes Thals zuſamen flieſſende Quellen / und Baͤche / deren die einten Cryſtall lautere Brunnenwaſſer fuͤhren / andere aber Milchweiß von Gleiſcheren herkommen / machen auß die Schaͤchen / einen kleinen Fluß / welcher dem ganzen Thal den Nammen gibt / und endlich ſeine Waſſer dem IV. Waldſtaͤtten See uͤbergibt .,Early-Early,4
zeughaus,5091841,"Etiam hîc Dii ſunt , ſagte jener Heiduiſche Weltweiſe / da laſſet ſich mit Haͤnden greiffen die unermaͤßliche Allmacht / Weißheit / und Guͤte Gottes ; auf denen Alpgebirgen kan man die Naturwunder beſehen / gleich als in einer wolverſehenen Ruͤſtkammer / oder Zeughauß .",4428226,"Das Jnventarium oder die richtige Verzeichniß uͤber alles und iedes , was im Zeughauſe an Jagdzeuge , Wagen , Geſchirre und andern vom groͤſten bis zum kleinſten verwahrlich auf behalten wird , hat der Wagen-Meiſter , oder der aͤlteſte Zeug-Knecht , ſo daruͤber geſetzetſt , und eine ſorgfaͤltige fleißige Aufſicht haben muß , damit alles und iedes fein ſauber und reinlich gehalten , das ſchadhaffte und zerbrochene repariret und ausgebeſſert , das naſſe und feuchte getrocknet , auch iedes abſonderlich zu rechter Zeit gereiniget , ſodenn in guter Ordnung an gehoͤrigen Ort wiederum verſchaffet , und darinne erhalten werde .",Early-Early,4
bildhauer,2320300,"In dem Augenblick vor dem neuen Ausbruch des unerschöpflichen Kriegkraters im Norden , als Richelieu mit dem Schwedenkönig verhandelte , konnte man in Rom leben wie in einem Arkadien — für Poeten , Schauspieler und Komponisten , Antiquare und Literaten , Bildhauer , Architekten und Maler .",1114857,"Seine warmen Bewunderer Rauch und Rietſchel verlangten beide , er ſollte die ſchönen Gruppenbilder von den Seligſprechungen nicht in Farben ausführen laſſen , ſondern als Reliefs in weißem Marmor ; und die beiden großen Bildhauer wußten doch genau , daß gerade das Relief der ſtrengſten plaſtiſchen Formen bedarf und allen maleriſchen Reiz verſchmähen muß .",Late-Late,2
trauerspiel,3863715,"doch noch vor der Ankunft des Gaſtes ſo und ſo viele bedeutende Rollen einzuſtudiren , denn ich müſſe jeden Abend mit ihm auftreten , da die zweite Liebhaberin , Fräulein Gerſtel , trotz Anmuth und Talent unmöglich in den Trauerſpielen des hauptſächlich klaſſiſchen Repertoirs die erſten Rollen übernehmen könne .",1492755,Trauerſpiel in einem Aufzuge von Alfred Berger .,Late-Late,4
meerwasser,4617154,"Auch die kleinen Eilande gegenüber New-harbour , südlich von der Stadt Singapore , bieten einzelne kahle Schlammflächen , bei Ebbe von einer kleinen Süsswasserrinne durchzogen , bei Fluth von Meerwasser bedeckt , worauf die charakteristischen Brackwasserschnecken Assiminea , Cassidula , Melampus und Cerithium sulcatum mit lebenden Meerschnecken aus den Gattungen Murex und Nerita zusammentreffen .",4618026,"Rumph berichtet , dass das Meerwasser um die Inselgruppe Banda jährlich in den Sommermonaten zur Zeit des Ostmonsuns des Nachts weisslich leuchte , so dass man Luft und Wasser nicht gut unterscheiden könne ; er gibt an , dass er viele nesselnde Quallen ( bezaantje’s , wahrscheinlich Physalia ) darin gefunden und dass zuweilen am Ende dieser Zeit grosse Mengen faulen stinkenden Schleimes ausgeworfen würden , auch dass Viele der Meinung seien , diese Erscheinung rühre von einer grossen Anzahl kleiner Thierchen her .",Late-Late,4
grundfläche,212954,"Doch muß bemerkt werden , daß der Würfel aus derartigen Pyramiden nicht zusammensetzbar ist , sondern , wenn man kongruente gerade Pyramiden wählen will , aus 6 vierseitigen , die mit den Spitzen zusammen liegen , und deren Grundflächen die Seiten des Würfels bilden , entsteht .",3274998,"Falls der Grundriß mit Vorſprüngen und Einbiegungen verſehen iſt , entſtehen ſogenannte zuſammengeſetzte Dächer , welche ſich ebenſo durchdringen , wie die liegenden gleichſchenkligen Prismen , deren Grundfläche die größte Seite und deren andere beiden Seiten gleiche Neigungen haben .",Late-Late,2
streitsache,3420073,"Jch beſinne mich noch der Zeit , da ich auf dem Lande wohnete , und der vielen Streitſachen , die meinem damaligen Prediger zu Ohren gebracht und zur Entſcheidung vorgetragen wurden .",1289653,Die Gröſse des Eides hing in erster Linie von der Bedeutung der Streitsache ab .,Cross-Era,4
grundfläche,4113135,Oder / welche die Hoͤhen BC und bc einander gleich haben / die ſtehen gegen einander wie die Grundflaͤchen A und a .,4112875,II. Fig. 27. Wann man an ſtatt des puncts a. haͤtte den punct e. gebraucht / ſo haͤtte man die Figur efgh . bekommen / gleich und parallel mit den vorigen Grundflaͤchen .,Early-Early,2
sonnenuhr,646320,"Es ſoll aber ein Uhrmacher ( naͤchſt der Wiſſenſchaft die Metalle zu tractiren , und ſeinen in Verfertigung ſeiner Kunſtwerke erforderten Handgriffe , vornehmlich in kuͤnſtlichem Drehen , und accuraten Abtheilen und Einſchneiden der Raͤder ) auch die Zeichenkunſt , ingleichen die Aſtronomie , ferner die Gewicht- und Rechenkunſt , das Graviren oder Stechen , die | Gnomonik oder die Kunſt Sonnenuhren zu machen ꝛc. verſtehen .",579218,"Wir können jetzt , wenn ſchön Wetter , die Zeit ſchon nach Stunden meſſen ; der Franz Ehrenwald hat an die Mittagsſeite des Thurmes eine Sonnenuhr gemalt .",Cross-Era,4
eisenwerk,2475588,"1668 gründete Henry Leonard ein Eisenwerk bei Rowley , das aber nicht lange bestand .",4570875,"Die Eisenwerke sahen sich daher zu Lohnherabsetzungen gezwungen , was wieder zahlreiche Arbeiterausstände ( Strikes ) zur Folge hatte .",Late-Late,4
leinöl,662427,"Die Waaren , welche man dahin ſendet , ſind , wenn wir etliche wenige Tuche und Galanteriewaaren ausnehmen , faſt nichts anders , als Weine : im Gegentheil verfuͤhret man aus Petersburg Juchten oder rußiſch Leder , Flachs , Hanf , Leinſaat , Leinoͤl , Pelz- oder Rauchwerk , Talg oder Jnſchlitt , Wachs , Hopfen , Eiſen , Kaviar und dergleichen mehr .",5529943,"Es ſei nur erwähnt , daß die gewöhnliche Druckerſchwärze meiſt aus Leinöl , das bis zur Sirupskonſiſtenz eingekocht iſt , und aus Lampenruß beſteht .",Cross-Era,4
stockwerk,1315977,"Stock-Wercke , worunter ſie gehoͤren , 122 .",4394468,"Der nicht merkt , daß das Thun und Treiben der Vielen etwas herausgearbeitet hat , das über ihnen ſteht , ein oberes Stockwerk , bleibende Ordnungen , ewige Geſetze , denen zu dienen reine Luſt iſt , weil dieß Dienen den Diener in's Zeitloſe hinaufhebt ?",Cross-Era,4
stückwerk,2947678,"Nur uns heut lebenden , konnten dergleichen Stuͤck-Werck nicht dienlich , und zu unſerm Vorhaben hinlaͤnglich ſeyn .",1210625,"An manchem zu seiner Zeit durch die ganze Welt verbreiteten Aberglauben , welcher später zu einem christlichen Dogma umgestaltet ward , geht er lächelnd vorüber , wie er z. B. von den Engeln meint , man habe » nie keins gesehen « ( Col. II , 18 ) und solle sich nicht durch solche Vorstellungen » das Ziel verrücken lassen « ; er gesteht auch freimütig : » unser Wissen ist Stückwerk ; wir sehen jetzt wie in einem Spiegelbild nur Rätselhaftes « ( I. Cor. XIII , 9 , 12 ) , und darum kann es ihm auch gar nicht einfallen , seinen lebendigen Glauben in dogmatisches Stückwerk einzuschrauben : kurz , Paulus war noch ein freier Mann gewesen .",Cross-Era,2
hausstand,1811882,"Ich wünſche nichts lieber , als in Paris zu bleiben , nur muß ich wiſſen , daß ich Umzug und Einrichtung nicht auf einige Wochen oder Monate bewirke , dazu iſt mein Hausſtand zu groß .",4280735,"Das eine dient dieſen Zwecken , das andere jenen : Schlafzimmer , Eßzimmer , Küche u. ſ. w. Die Zimmer ſind alſo unter ſich ſo ungleich wie möglich , wenn ſchon ſie im Ganzen einem einzigen großen Hausſtande für ſeine vielfältigen Bedürfniſſe dienen mögen .",Late-Late,2
ziegenbock,960034,"Wie wir ſolches im Alten Teſtament an dem Exempel des Eſau , Jſmael und anderer , wahrnehmen koͤnnen , die , wenn ſie der Appetit ankam , ſich aufmachten , dem Wilde nachjageten und an ihrem Tiſche mit einem Rehbock ergoͤtzten , da ihnen vorher ein Ziegenbock den Hunger geſtillet ; und wer wolte es ihnen auch veruͤbeln , da ja die Jagd an und vor ſich ſelbſt , auch der Goͤttlichen Ordnung nach , zu des Menſchen Nahrung und Kleibung nuͤtzlich und erlaubet iſt .",1478507,"Thor fuhr auf einem mit Ziegenböcken bespannten Wagen und ihm wurden besonders Ziegenopfer gebracht , deshalb sieht auch der mittelalterliche Teufel einem Ziegenbocke ähnlich , hat Hörner , einen Bocksbart und ein haariges Fell , ja sogar den Bocksgeruch .",Cross-Era,2
sündenfall,106434,"Jn dem Worte Verheiſſungen , wird zwar auf die Verheiſſung ſelbſt geſchehen , wie ſie nach dem Suͤndenfall durch alle Zeitlaufe des Alt .",1505403,"Nach Sitte der Zeit Sündenfall , Geſetzgebung , eherne Schlange , Kreuzigung und Auferſtehung , alles dicht neben einander ſtellend , giebt es auf engem Raume den Hauptinhalt der chriſtlichen Heilslehre .",Cross-Era,2
kreuzzug,5470737,"Pabſt , ein ungenanter , ſchreibt zuerſt einen Kreuzzug nach Liefland aus , 14 .",2549555,"Diese Kämpfe fallen also in die Zeit der Kreuzzüge , in welchen Genua durch die Unterstützung der Paläologen gegen das lateinische Kaiserreich ( 1261 ) , welches die Venetianer in Constantinopel 1204 aufgerichtet hatten , Smyrna , weitläufigen Besitz auf den griechischen Inseln und in der Krim gewann .",Cross-Era,4
tagewerk,95498,"Will man aber die Schoͤpfung der Engel zum andern Tage-Werck GOttes rechnen , als dabey ihrer von GOtt ſelbſt bey dem Hiob und vom David gedacht wird , ſo hat man dabey auf die Aehnlichkeit zu ſehen , welche die geiſtliche Natur der Engel mit der ſubtileſten Luft hat .",932945,"Du beſchreibeſt dich Unverbeſſerlich , Tauſend Boͤſes zu verriegeln , Tauſend Gutes zu verſiegeln , Das war deine Staͤrck , Und dein Tage-Werck .",Early-Early,4
meerwasser,661949,"Die uͤbrigen Fabriken Frankreichs ſind : p ) Fabriken zu weißem und ſchwarzem Eiſenbleche ; q ) verſchiedene Fabriken zu Porcellaͤn , Faenzer , und anderem irrdenen Geſchirre ; r ) Tabackspfeifenfabriken ; s ) mancherley Eiſen-Stahl-Meſſer- und Gewehrfabriken , unter welchen letztern ſonderlich die zu Paris , zu Sedan in Champagne , und die zu Tulle in der Landſchaft Limoſin in Guienne , die beſten ſind , wie denn auch alle Klingen , die wir ſpaniſche nennen , in Frankreich fabriciret werden , wiewol die Franzoſen den Stahl dazu , aus Biſcaja in Spanien holen ; t ) Salzſiedereyen in Bretagne , der Normandie , in Orleans , Guienne und Provence , in denen ſowol aus dem Meerwaſſer , als aus Salzbrunnen , Salz geſotten wird ; u ) Gruͤnſpanfabriken , ſonderlich die in Montpellier ; v ) Pulvermuͤhlen , deren es in Frankreich ziemlich viele , ſonderlich aber bey la Fere in der Picardie ſehr gute , giebt ; w ) Stuͤckgießereyen , wie denn zu Coſne und zu Rochefort in Orleans viel Stuͤcken gegoſſen werden ; und endlich x ) Schiffbauereyen , deren es in Frankreich in denen an der See gelegenen Provinzen verſchiedene giebt , von denen jedoch die zu l’ Orient in Bretagne eine von den betraͤchtlichſten iſt , als woſelbſt der Koͤnig von Frankreich viele Schiffe bauen laͤßt .",4485883,"Da der eine Zuleitungsdraht dem Zweige der versenkten Rolle , der andere dem der im Bade befindlichen Rolle angehört , und beide gleichmässig durch das umgebende Meerwasser erwärmt oder abgekühlt werden , so ist ihr störender Einfluss vollständig eliminirt .",Cross-Era,2
heerführer,5465730,"Wie nun der Semgallen Heerfuͤhrer die Litthauer durch GOttes Barmherzigkeit ſo beſtuͤrzt ſahe , ſprach er ſeinen Leuten ein Herz ein , mit ihnen tapfer ein Treffen zu wagen .",1470918,"In ihr werden die Waffen der fünf Brüder , die als Heerführer vor den Pandu herziehen , genau geschildert und ist diese Schilderung für die kriegerische Ausrüstung der alten Indier von Interesse .",Cross-Era,2
mauerwerk,4796348,"bey der Civil Architectur wird das Mauerwerck / wenn es nicht im Fundament oder in einem Graben iſt / auf dem Land Horizont perpendiculariter in die Hoͤhe gefuͤhret ; Bey der Kriegs-Bau- Kunſt aber wird ſolches nicht allein im Fundament und Graben / ſondern auch uͤber dem Land Horizont ſchraͤge biß an die Bruſt in die Hoͤhe gefuͤhret / es mag gleich eine bloſſe Mauer oder auch eine Revetier-Mauer ſeyn / um beſſern Stand zu halten / wenn dergleichen Wercke von einem Feinde mit Carthaunen ſolten beſchloſſen werden : wie nun die Erde unterſchiedlichen iſt / und nicht einerley Boͤſchung leiden will / alſo ſind auch die Steine nicht alle gleicher Art / und muͤſſen auch ihre beſondere Abdachung haben / und ſoll man ſich ſonderlich huͤten / daß man zur Fortification , noch ſonſt in der Hoͤhe Steine gebrauche / ſo von der Lufft zergehen / und verderben .",446249,"Das äuſsere Mauerwerk war 7,85 m lang , 4,30 m breit und 2,20 m hoch .",Cross-Era,2
ziegenbock,960034,"Wie wir ſolches im Alten Teſtament an dem Exempel des Eſau , Jſmael und anderer , wahrnehmen koͤnnen , die , wenn ſie der Appetit ankam , ſich aufmachten , dem Wilde nachjageten und an ihrem Tiſche mit einem Rehbock ergoͤtzten , da ihnen vorher ein Ziegenbock den Hunger geſtillet ; und wer wolte es ihnen auch veruͤbeln , da ja die Jagd an und vor ſich ſelbſt , auch der Goͤttlichen Ordnung nach , zu des Menſchen Nahrung und Kleibung nuͤtzlich und erlaubet iſt .",4396167,"Feuerqualm ſcheint aus den ſchnaubenden Nüſtern zu ſprühen , das tiefe , wie aus langem Gewölb heraufgeholte Brummen iſt nur noch ſchrecklicher als Brüllen des Löwen , des Bären , dämoniſche Wuth funkelt in dem großen , dunklen Auge , bei ſeinem Schwellen und Rollen zeigt ſich die Bindehaut , die als weißer Grund dem menſchlichen Augenſtern ſeine edle , reine , hebende Umrahmung gibt , als roth durchäderte Folie und erhöht ſo mit ihrer Blutfarbe das ſcheusliche Wuthbild , aus dem Maule hängt die blaurothe Zunge und ein dunkler Bart ſchwankt am Unterkiefer , als hätte der teufliſchen Maske noch ein Stück vom Kopfe des Ziegenbocks gefehlt .",Cross-Era,2
grundfläche,4112730,Jn dieſer Grundflaͤche nehmet einen punct G. aus welchem ziehet Linien auf alle ∠. ſo wird die Grundflaͤche in ſo viel △ zertheilet ſeyn / als deren ſeynd / die den dichten ∠ A. formiren / alle die ∠ ſolcher △ die in G. ſich befinden / ſeynd vier geraden ∠ gleich d. n 168. ſo ſtehet dann nur zu beweiſen / daß daß die ∠ in A. zuſammen genommen / kleiner ſeynd / als die ∠ in B. zuſammen genommen .,4113146,Das iſt / Fig. 25. Wann die Hoͤhe BC . des einen ſich verhaͤlt zu der Hoͤhe bc des andern wie die Grundflaͤche A. des erſten zu der Grundflaͤche a. des andern / ſo ſtehen ſolche Coͤrper gegen einander wie die Quadrat der zwoen Hoͤhen BC . und bc .,Early-Early,2
leinöl,2927500,Bey Druckerey iſt das Leinoͤl uͤblich .,5528223,"Die Schmierſeifen werden allgemein aus Leinöl , Brennöl , Thran mit Kalilauge hergeſtellt .",Cross-Era,4
gesichtszug,2552238,"Ihre schlanken , wohlproportionirten grossen Gestalten bekunden in ihren Gesichtszügen die zähe Willenskraft , die Verschmitztheit und Schlauheit , welche sie befähigt hat , selbst mit den Catalonen in der Pflege des Handels und der Industrie mit dem besten Erfolge zu wetteifern .",1385630,"Dieſes Volk zeichnet ſich ebenſoſehr durch einen unverkennbaren Ausdruck von Stolz und Härte in den Geſichtszügen aus , wie durch körperliche Schönheit , beſonders das ſtets unverſchleiert gehende und durchaus keine Scheu verrathende weibliche Geſchlecht .",Late-Late,2
stockwerk,4417548,"Das Jaͤger-Haus wird nach einer ieden hohen Herrſchafft Belieben , nachdem dieſelbe ein Liebhaber der Jaͤgerey iſt , groß oder klein , iedoch ſo viel moͤglich , geraumlich , rein und ſauber , auch gemeiniglich zwey Stockwerck hoch erbauet ; in dem obern Stockwercke ſchicken ſich nebſt einem mit ſchoͤnen Jagd-Stuͤcken , oder kuͤnſtlichen Schildereyen und Gemaͤhlden , von allerhand Luſt- und Waſſer-Jagden , Jaͤger-Aufzuͤgen , Kampff-Jagen ꝛc . ausgezierten Saal einige Anti-Chauibren und wohl angelegte und ausmeublirte Gemaͤcher , fuͤr die daſelbſt ſich divertirende Herrſchafft .",1597024,"In den Backsteinhäusern , die manchmal auch ein Stockwerk besitzen und meist von Europäern bewohnt werden , findet man den Luxus eines Backsteinpflasters , während die übrigen Wohnungen sich auch für diesen Zweck des Universalauskunftsmittels bedienen und den zu Basrah sehr billigen Lehm verwenden , der in einer etwas anderen Form — als Strassenkoth — auch das landesübliche Kinderspielzeug ist .",Cross-Era,4
tagewerk,4858262,"Will man die Wachteln auf welſche Manier mit der Stangada fangen , muß man erſtlich in den Feldern einen gewiſſen Ort ausſuchen , daruͤber ein guter Strich gehet , und ein halb Tagewerck denſelben unangebaut liegen laſſen .",243116,"Ich war das Thal hinab in’s Dorf gegangen Um Salz und Brot für unſer kleines Haus , Der Vater zog ſchon bei dem erſten Prangen Des Frühroths auf ſein Tagewerk hinaus .",Cross-Era,3
brunnenwasser,571982,Diſere und andere / von verſchiedenen Bergen diſes Thals zuſamen flieſſende Quellen / und Baͤche / deren die einten Cryſtall lautere Brunnenwaſſer fuͤhren / andere aber Milchweiß von Gleiſcheren herkommen / machen auß die Schaͤchen / einen kleinen Fluß / welcher dem ganzen Thal den Nammen gibt / und endlich ſeine Waſſer dem IV. Waldſtaͤtten See uͤbergibt .,1596409,"Trotz seiner niedrigen Lage besitzt Madras vielfach gutes Brunnenwasser , und nur in der Black Town ist es wegen Mangels einer guten Canalisirung schmutzig und ungesund .",Cross-Era,4
zeughaus,6068993,"Jſts noch kein Danck , daß ich unſere Zeughaͤuſer anfuͤlle ?",5775928,"Zeughauß , unterſchiedene Betrachtung deſſelben 102",Early-Early,4
salzwasser,1457697,"An einem andern Hunde beſchrieb derſelbe durchſichtige Salzwaſſergefaͤſſe , die nach den Beinen herabgiengen , und am Kropffiſche Milchgefaͤſſe , die ſich nach der Leber zu wandten : er fuͤgt noch ferner hinzu , daß dieſe Milchgefaͤſſe an der Leber oͤfters ein Salzwaſſer zu fuͤhren ſchienen , und daß er ſelbige ſieben Stunden nach genoſſenen Speiſen alſo geſehen habe .",5075422,Man nimmt die Kalbs-Leber und Lunge / jedes halb und hacket es untereinander gantz klein / ſaltzet und wuͤrtzet es nach Belieben / ſchneidet hernach Ochſen-Fett darzu / jedoch nicht gar zu klein / macht es mit einem guten Milch-Ram oder Kern an / fuͤllet es in Ochſen- oder andere Daͤrme / laͤſſet es aber ziemlich leer / bindet es an beyden Orten zu / legets in ein Saltz-Waſſer / ſiedets und trocknet es auf einem Roſt ab .,Early-Early,4
sonnenstrahl,1656707,"Die von dem Monde reflectirten Sonnenſtrahlen geben Licht , aber keine Waͤrme , und ein heiſſes Waſſer hat Waͤrme , aber kein Licht .",1780318,"Man iſt nicht damit zufrieden , zu ſagen , daß die Sonnenſtrahlen auf dem Tau flimmern , man drückt das prickelnde Gefühl , das beim Anſchauen in den Nerven entſteht , ſinnlich im Wort aus ( „ pikapika “ ) .",Cross-Era,4
trauerspiel,2252492,Seneca hat ſolche Tragoͤdie und Trauerſpiel wohl beſchrieben .,914634,"Trauerſpiel ſchob ſich in Trauerſpiel ; das perſönliche in das allgemeine , das vergangene in das zukünftige .",Cross-Era,4
sonnenuhr,646294,"Die ( 3 ) Sonnenuhren , die bey Sonnenſchein durch den fortruͤckenden Schatten eines aufgerichteten Stifts oder Zeigers die Stunden anzeigen , ſind auch gar alt ; und haben wir von ihnen in einem beſondern Artikel gehandelt .",646320,"Es ſoll aber ein Uhrmacher ( naͤchſt der Wiſſenſchaft die Metalle zu tractiren , und ſeinen in Verfertigung ſeiner Kunſtwerke erforderten Handgriffe , vornehmlich in kuͤnſtlichem Drehen , und accuraten Abtheilen und Einſchneiden der Raͤder ) auch die Zeichenkunſt , ingleichen die Aſtronomie , ferner die Gewicht- und Rechenkunſt , das Graviren oder Stechen , die | Gnomonik oder die Kunſt Sonnenuhren zu machen ꝛc. verſtehen .",Early-Early,4
feuerwerk,6067575,"Etwa eine Stunde nach dem Knall der zwey Canonen verſammleten ſich nach und nach etliche 100. Menſchen beyderley Geſchlechts , aus allen Pflantz-Staͤdten auf dem Platze bey der Kirche und am Fuſſe der Alberts-Burg , welche alle einſtimmig ausſagten : daß ſie zwar das Erdbeben in eben der Gewalt verſpuͤret haͤtten , als wir , allein von der Schwaͤrtze am Himmel und dem Feuerwerck wolte niemand nichts wiſſen , biß endlich diejenigen abgeloͤſeten Waͤchter kamen , welche in verwichener Nacht auf den hoͤchſten Klippen in ihren Schilderhaͤuſern bey den Canonen Schildwacht gehalten .",2202654,"An denſelben ſiehet man Ebenfalls ſehr ordentlich eine Menge Floͤſſer liegen , Die uns auch des Tages zwar , doch noch mehr des Nachts vergnuͤgen , Wann die vielen kleinen Feuer , zur Bereitung ihrer Speiſen , Uns , in einem klaren Duncklen , viele Feuer-Wercke weiſen , Die man , wegen ihrer Menge , ſonder Luſt nicht ſehen kann .",Early-Early,4
meerwasser,3929187,Und laſſet ſich auch hierauß ſchlieſſen / daß die Waſſer der Suͤndflut ſchwerer muͤſſen an gewicht geweſen ſeyn / als die heutigen Meerwaſſer / weilen die ſo ſchweren Perlen Muͤſchelen auf ſo langer Reiſe auß Jndien hieher nicht untergangen / da ſie ſonſten von denen Meereswellen nicht weit pflegen getriben zuwerden :,4192544,"Wir erkennen daraus die wichtige Thatsache , dass diese Drehstürme den scheinbaren Bewegungen der Sonne zwischen den Tropen von Süden nach Norden und umgekehrt folgen und in jedem Gebiete am häufigsten auftreten , nicht , wenn die Sonne ihren höchsten Stand erreicht hat , sondern zwei oder mehr Monate später , wenn das Meerwasser seine höchste Temperatur besitzt und die darauf ruhende Luftschicht besonders reich an Wasserdampf ist .",Cross-Era,4
sonnenlicht,1121344,"Wie ein kleiner Roſenknopf immer bliebe , wie er war , Und ſich krumm zuſammen zog , ſprach der andern Roſen Schaar : „ Oeffneſt du , geliebte Schweſter , bey dem warmen Sonnenlicht , Bey der ſanften Fruͤhlingsluft , bey dem angenehmen Wetter , Aus dem noch geſchloßnen Knopf , deine friſch- und holden Blaͤtter Auch ſo , wie wir andern , nicht ?",1124284,"Der aufgeklaͤrten Himmelsluft , die heute recht beſonders ſchoͤn , Kann ich , mit unverletzter Bruſt , Gottlob ! im Athmen , noch genieſſen , Und das entwoͤlkte Sonnenlicht , mit meiner Seelen Augen , ſehn , So wohl als mit des Koͤrpers Aug. Jch ſeh , zum Stadt und Land erſprieſſen , Der Elbe Fluth recht majeſtaͤtiſch in ihren rechten Graͤnzen flieſſen .",Early-Early,2
schauspiel,4421870,"Drama muſicum , ein muſicaliſches Schauſpiel , welches in Verſen beſtehet , und abgeſungen wird ; worbey insgemein allerhand Taͤntze und koſtbare Machinen vorkommen , und die ſolche agiren , nennet man Operiſten , worzu ſich die Jtaliener am meiſten gebrauchen laſſen .",1694347,"Ein längerer Artikel in Nr. 135 des „ Literar . Handweiſer ‟ ( Münſter 1873 ) betont gleichfalls , wie es von ganz reizender Wirkung ſein müßte , wenn dieſe Schauſpiele durch talentvolle junge Leute agirt würden .",Cross-Era,2
streitsache,223709,§. 4. Jn deren Unmuͤndigen Streitſachen mag auch wie ſonſt willkuͤhrlichen Streitrichters Urtheil / ſo bey angeſetzter Straffe anzunehmen verſprochen / ob ſchon es durch 10. taͤgiges Stillſchweigen einmahl gut geheiſſen ſcheinet / dennoch / wofern uͤbermaͤßig und augenſcheinliche Verletzung erhellet / nach 10. Tage Verlauff mit Argliſt Vorwurff und Ausflucht vernichtet und deſſen Vollziehung verhindert werden ; welcher Rechts Wohlthat gegen ſolche Unbilligkeit niemand Eydlich abſagen kan / maſſen bey allen Verletzungen Betrug zu vermuthen ; Betruͤglich aber und etwan Gerichts-Stand zu veraͤndern / oder Klagerechts Anſpruch ſchwerer und aͤrger zu machen / ſoll keine Guts Veraͤuſerung geſtattet werden / wer jedoch ſein Recht gebraucht / der handelt ohne Betrug und Liſt .,1292106,"Er findet statt , damit die Streitsache an die dritte Hand getrieben , geschoben , der Besitzer zum Zug auf den Gewährsmann veranlaſst werde .",Cross-Era,2
sonnenstrahl,915538,"Als wir zurückkehrten , ſaß der junge Herr im Fenſter , durch welches die Sonnenſtrahlen ſchräg in das Zimmer fielen , und das Kind ſaß auf ſeinen Knieen , die Händchen in den ſeinen , den Kopf an ſeine Bruſt gelehnt , und die Augen leuchtend zu ihm aufgeſchlagen ; er hatte eben eine hübſche Legende vom Chriſtkindchen zu Ende gebracht .",5062934,"Kein direkter Sonnenſtrahl vermochte den Boden zu treffen , aber ein mildes , bläulich-grünes Licht ſchimmerte von den Blättern hernieder und verteilte ſich gleichmäßig im Raume .",Late-Late,4
mauerwerk,2457784,"Dieser Kessel ( C C , Fig. 8 , 9 ) , der ca. 6 Fuſs im Durchmesser , und 2½ Fuſs Höhe hatte , war innen mit einem 1 Fuſs starken Mauerwerk E E ausgekleidet .",1405192,"Hierher gehört z. B. die Vorwärmung der unter den Rost strömenden Luft , indem man sie durch Züge im Mauerwerk des Ofens oder unter der Herdplatte desselben hindurchführt ; oder auch die Anwendung von Unterwind statt des natürlichen Luftzuges .",Late-Late,4
feuerwerk,4907131,"4. Die beſondern Handlungen , aus welchen ein Feuerwerck zuſammen geſetzt , werden in beſondern Figuren von unterſchiedenen Couleuren vorgeſtellt / als , einige brennen in weiſſen Feuer , die andern in blauen Feuer , noch andere in rothen Feuer .",4907121,§. 2. Bißweilen iſt ein Feuerwerck und eine Illumination miteinander vermiſcht .,Early-Early,4
stockwerk,2638528,"273. Weil die Mauer in iedem Stockwercke nach ſenckrechten Linien gleich aufgefuͤhret wird ( §. 270 ) , ſo wird von innen in iedem Stockwercke ein Abſatz gemacht / und folgends die Laſt des Gebaͤudes durch den Grund gleich vertheilet .",4822507,"Mit Genehmhaltung der Herrnhutiſchen Kirche , und unter dem Schein ihres Berufs , wird Zinzendorf als ein General- Monarch auf einen mehr dann antichriſtiſchen Thron erhoͤhet , auf welchem er eine ununterbrochene Herrſchaft uͤber Lehre , Leben , und Auſtalten bey Leibes Leben und durch ernante Nachfolger nach ſeinem Todt / dergeſtalt fuͤhren muß , daß ſeine Handlungen allein original ſind ; daß er in der Chriſtenheit und in der Heidenſchaft / kraft dieſer generalen Vollmacht , ungeſtoͤrt fortfahren ſoll / Stockwercke auf den Grund zu ſetzen / neues bey dem Grunde aufkommen zu laſſen , guͤltige Regeln zu beſchlieſen ꝛc. ꝛc. wie er es nach feinen alleinigen original-Handlungen gut finden mag .",Early-Early,2
rehbock,4407876,"Der Rehebock laͤufft in ſeiner Brunſt oder Prunfft , welche im December geſchiehet , noch einmahl aufs Blat :",2091348,"Papa hat’n Rehbock geſchoſſen , ja !?",Cross-Era,4
ruhestand,3614816,"Eine große Reihe Siege und ein vielfaͤltiger erwuͤnſchter Fortgang Dero Unternehmungen geben deutliche Beweiſe davon ab ; zween hoffnungsvolle Prinzen , die Dero Erzhauſe die laͤngſte Dauer und Dero Reichen eine beſtaͤndige Gluͤckſeligkeit verſichern , ſind als das theureſte Geſchenk derſelben anzuſehen ; ja die allerhoͤchſte Kaiſerliche Wuͤrde , die Dero Allerdurchlauchtigſtes Erzhaus zu dem vorigen Glanze erhebet , und Deutſchland ſeinen ſehnlichſt gewuͤnſchten Ruheſtand wieder verſpricht , iſt das offenbareſte Merkmal von dem Einfluſſe derſelben .",3542129,"Zu dieſen ſtuͤcken allen haben wir den annoch goͤnnenden ruheſtand zu gebrauchen . Ap. Geſch. 9 , 31 .",Early-Early,4
uhrwerk,3650987,Die Hemmung des einen oder andern Uhrwerkes wird durch das Satellitenrad S vermittelt .,3650994,"Iſt der Lichtbogen zu klein , ſo gewinnt das Solenoid ſo ſehr an Kraft , daß es die Federkraft übertrifft und durch den Hebel den Sperrzahn ſo weit nach links dreht , daß dadurch das Rädchen o' und deſſen Uhrwerk freigegeben wird .",Late-Late,4
windspiel,2205774,Sie hat ihr Windſpiel „ Jambe ‟ mitgenommen ; aber die Freude an dieſem Schoßhündchen ſollte ihr nicht lange bleiben .,4461984,"„ Hinweiſe auf das Mittelmeer , Donjons , Falkenjagd , Zelter , Windſpiele und König Renés Minnehöfe kannſt Du Dir ſparen , Krumhardt , “ ſagte Velten .",Late-Late,4
streitsache,5470306,"Als inzwiſchen der Cardinal Otto in der Streitſache uͤber den Biſchofshut zu Riga fuͤr den Nicolaus geſprochen , den das Kapitel erwaͤhlet ; ſo beſtaͤtigte der Pabſt ſeinen Ausſpruch , und legte den Bremiſchen , welche dawider mureten , ein Stilſchweigen auf .",4308465,"6. Wo uͤber ſolche dinge unter Paſtore und Diacono ſtreit entſtehen / und ſie nicht mit beyderſeits gutẽ belieben freundl . beygelegetwerdẽ koͤñen / ſo zwahr allezeit das Chriſtlichſte iſt / ſo iſt weder Paſtor noch Diaconus in der eigenen ſache richter / ſondern ſie haben die entſcheidung anderwerts her zu erwarten : entweder von der geſamten kirchen / welche art die beſte und der ordnung Chriſti die gemaͤſſeſte iſt / daß die geſamte gemeinde in den ſachen urtheile / wie viel von jeglichem / dem ſie die gewalt uͤber ſich gegeben / und in was ordnung ſie verwaltet haben wolle / odeꝛ in anderer verfaſſung unſerer kirchen voꝛ dem Conſiſtorio , oder der obrigkeit / zu dero gewalt auch in gewiſſer maaß das urtheil in dieſen euſſerlichen ſtreitſachen gehoͤret / ſo aber billich auch dabey andere ihreꝛ miniſtrorum odeꝛ unpartheyiſche prediger um ihres gewiſſens verwahrung willen mit zu rath zu ziehen hat .",Early-Early,2
zitronensaft,645904,"Man bekoͤmmt dagegen viel Oel aus Apulien , ingleichen Mandeln , Sode , Piſtazien , Seide , Pech , Citronen , und Citronenſaft .",2764884,"19. Citronenſaures Natron , hergeſtellt durch Neutraliſieren von Citronenſaft oder kryſtalliſierter Citronenſäure durch Soda , wird vornehmlich in der Zeugdruckerei benutzt .",Cross-Era,4
eifersucht,3535043,"Pfund jaͤhrlicher Einkuͤnffte hatte , einen Som̃er dahin reiſete , wurde er bekañt mit ihr , daß ſie eine ſolche Vertraulichkeit unter einander aufrichteten , welche der geweſenen Madame Danvers , die wir nunmehro Madame Sympſon nennen wollen , ihrem Ehe-Schatz groſſe Gelegenheit zur Eyfferſucht gab ; Jedoch , weil dieſe zwey auf unrechtmaͤßige Weiſe Verliebten ſolches merckten , machte es ſie alle beyde ſo behutſam , neue Furcht und Jalouſie bey dem Herrn Sympſon , der ſie letztens geheyrathet hatte , zu verhuͤten , daß ſie nicht einmal ein verdaͤchtiges Laͤcheln , oder einen verliebten Blick , wenn es nicht verſtohlner Weiſe geſchahe , mit einander wechſeln durfften :",4906411,"Viel und mancherley Zwiſtigkeiten waren faſt den meiſten Turnier-Spielen eigenthuͤmlich , ſo daß bey der Beſchreibung des von Chur-Fuͤrſt Joachim I. zu Brandenburg gehaltenen Turniers pag. 44. als etwas ſonderbahres , ja gar als etwas wunderbahres und unerhoͤrtes angemercket wird , daß bey einem ſo groſſen Convent und Zuſammentretung ſo vieler Perſonen , welche von ſo verſchiedenen Nationen , und aus ſo mancherley Provintzien ſich dahin begeben , bey ſo vielen angeſtellten Luſtbarkeiten , Banqueten , Balletten , Luſt- und Ernſt-Spielen , ja bey ſo mancherley Schertz-Reden und Diſcourſen unter den Turnierenden und Kaͤmpffern ſelbſt nicht der geringſte Unwillen , Streit , Mißverſtaͤndniß oder Eiferſucht ſich entſponnen , ſondern ſich alles mit hoͤchſter Zufriedenheit und Vergnuͤgen aller Anweſenden angefangen und geendiget .",Early-Early,4
eisenwerk,5121817,"Wann wir auch das kleine Eiſenwerck / Frantzoͤſiſch / quinquailerie , und feine Stahl-Arbeit betrachten / ſo hat in jenen / der vielerley Sorten wegen / ein Handels-Diener alle ſeine fuͤnff Sinnen zuſammen zu nehmen / daß er / was von hier oder dar muͤſſe verſchrieben / hier oder dorthin verſandt werden / wohl wiſſe / und ſonderlich auf Meſſen und Jahr-Maͤrckten den Ein- und Verkauff darnach einrichte ; Es kommen Facturen / da die Waaren ſollen ausgepackt / ſortiret / aufs neue eingebunden und numeriret / andere nach eingelauffenen Memorialien und Specificationibus fortgeſandt werden ; was iſt nicht da vor Arbeit / dieſelbe immer ſauber / ſchoͤn / poliret / und vor den Roſt bewahret zu halten .",1252065,Jmgleichen verpflichtet er Meiſter N. N. zu verſchaffen / alle das Eiſenwerck / daß auf und an das Schiff gehoͤret und erfordert wird / darunter auch mit verſtanden werden / 3. Rah-Ketten / 38 .,Early-Early,4
feuerwerk,786044,"1. Unter unſeren Teutſchen / die ſich auf Feuerwercke verſtehen / werden Caſimirus Simienowitz , ein Pohle / Johann Sigismund Buchner und Ernſt Braun im Werth gehalten .",4907120,"Wenn ein Feuerwerck wohl ordonirt werden , und aus unterſchiedenen Handlungen beſtehen ſoll , ſo gehoͤrt eben eine ſo geſchickte Compoſition dazu , als zu einer Opera oder Comœdie , ſie muͤſſen auch eben ſo auf einander folgen , iedoch mit dieſen Unterſcheid , daß ſo wohl die Ausziehungen des Theatri , als auch die Handlungen nicht ſo weitlaͤufftig ſeyn duͤrffen , als in einer Opera .",Early-Early,4
sonnenschein,4855098,"Weſtlicher Wind bringt alsdenn auch helle Wetter oder Sonnenſchein , wenn vorher mit Wolcken oder Regen viel Wind vergeſellſchafftet geweſen .",679250,"Nicht Segen allein empfingen wir von den Hellenen ; im Gegenteil , einiges , was von ihnen sich herleitet , bedrückt noch wie ein banger Alp unsere aufstrebende Kultur ; was wir aber Gutes von ihnen erbten , war vor allem solcher Blüten treibender Sonnenschein .",Cross-Era,2
schauspiel,3191751,"Wie ich von der Seifen-Blaſe dieß Gedicht juͤngſt nachgeleſen Und derſelben Blaſen Urſprung , Stand und eigentliches Weſen , Auch die Art , auf welche Weiſe ſie von uns hervorgebracht , Wie ſie eigentlich entſtehen und vergehen , uͤberdacht ; Faͤllt aus dem ſo ſchoͤnen Buche , Schauſpiel der Natur , mir bey : Wie zu den verborgnen Wegen der Natur-Kraft in der Luft , Jn dem Regen , Schnee und Hagel , Blitz und Donner , Wind und Duft , Dieſes kindiſche Betragen faſt der beſte Schluͤſſel ſey .",1624193,Schauſpiel aus den vierziger Jahren .,Cross-Era,2
murmeltier,573880,Die Winterquartier der Murmelthieren in der Erden / der Gemſen aber unter / und an den Felſen .,4502279,"Hamſter und Murmelthier erſcheinen , wie zwar auch ſpäter noch , unter dem Namen Maus ; doch unterſcheidet er zwiſchen Maus und Spitzmaus nach der Verſchiedenheit des Gebiſſes , von dem er eine freilich ziemlich rohe Abbildung gibt .",Cross-Era,2
sonnenstrahl,1121883,"Laͤßt nicht das wallende Gefilde , Als wenn es wirklcih ſich verguͤlde , Wenn man daſſelbige , zumal Jm hell entwoͤlktem Sonnenſtral , Wodurch es mehr als ſonſten glihet , Mit aufmerkſamen Augen ſiehet .",4638376,"Nun hielt ich es wagrecht ſo , daß ich die darauf fallenden Sonnenſtrahlen mit dem Auge auffing , und da endlich zeigten ſich mir mehrere , allerdings nur einem ſehr ſcharfen Blicke bemerkbare Stellen , welche zwar mit der Farbe des Papiers beinahe verſchwammen , aber dennoch die Geſtalt von Schriftzeichen zu haben ſchienen .",Cross-Era,4
uhrwerk,2261505,Etwa noch eine Stunde lang vollzog ſich das mit der Regelmäßigkeit und Genauigkeit eines Uhrwerks .,5520880,"Sie beſtehen im weſentlichen aus einem Hohlſpiegel , in deſſen Mitte ſich eine Öffnung befindet , durch dieſe wird das Band mittels eines Uhrwerkes oder mit der hindurchgetrieben , ſo daß ſich das brennende Ende immer im Brennpunkt des Spiegels befindet .",Late-Late,4
uhrwerk,2203127,"Jupiter ſtellt wunderbar Einen Zeiger der Minuten , ja ein eignes Uhr-Werck dar :",3650985,"Ueberwiegt die Federkraft , ſo iſt das Rädchen o' und das damit zuſammenhängende Uhrwerk gehemmt , während das Rädchen o mit ſeinem Uhrwerke laufen kann .",Cross-Era,4
ziegenbock,651402,"Die Waaren , welche von dieſem Thiere in die Handlung kommen , ſind : 1 ) die Haut , oder das Fell , ſowol von Ziegenboͤcken , als Ziegen und jungen Zicklein , von denen jene , naͤmlich die von den Ziegenboͤcken , insgemein zu ſaͤmiſchem Leder verarbeitet ; die von den Ziegen vornehmlich zum Saffian und Corduanmachen , bisweilen auch zum Pergamentmachen gebraucht , manchmal auch mit den Bockhaͤuten ſaͤmiſch gaar gemacht ; und die von den jungen Ziegen , oder Zicklein , inſonderheit von den Handſchuhmachern zu Handſchuhen , desgleichen mit den Haaren gar gemacht von den Kuͤrſchnern zuweilen zum Unterfutter unter verſchiedene Sachen , vornehmlich in Handſchuhe , gebrauchet wird .",1478507,"Thor fuhr auf einem mit Ziegenböcken bespannten Wagen und ihm wurden besonders Ziegenopfer gebracht , deshalb sieht auch der mittelalterliche Teufel einem Ziegenbocke ähnlich , hat Hörner , einen Bocksbart und ein haariges Fell , ja sogar den Bocksgeruch .",Cross-Era,4
sonnenblume,788116,Jch ſah die Sonnen-Bluhme funkeln :,1913606,Ach ſaͤh doch jedermann Alſo die Sonnen-Bluhmen an !,Early-Early,4
kartenspiel,5606458,"Das ursprüngliche Spiel des Kindes ist ganz und gar Phantasiespiel , während umgekehrt das des Erwachsenen ( Kartenspiel , Schachspiel , Lottospiel u. dergl. ) fast ebenso einseitig Verstandesspiel ist .",2066696,Natürlich wurde der Sold im Kartenspiel verjubelt .,Late-Late,4
wunderwerk,6104977,"Es koͤnte geſchehen , daß gewiſſe eigenſinnige Prieſter , welche die Keuſchheit vor ein Wunderwerck , ja gar vor etwas unmoͤgliches achten , dieſe Contrahenten von dem Beichtſtuhl und von dem heiligen Abendmahl abhalten wuͤrden ; ſie koͤnten , wenn ſie wegen ihrer Macht und Anſehens nicht genug bedeckt waͤren , feindſeligen Gemuͤthern in das Maul und in die Netze fallen , die ſich ihres ohne prieſterliche Verknuͤpffung geſchehenen Verbindungs-Contracts zu einem Mittel bedienen koͤnten , ihnen auf mancherley Weiſe mit Laͤſter-Reden und in der That zu ſchaden , und ihnen alles gebrandte Hertzeleyd anzuthun ; ſie koͤnten , wenn ſie ſich etwan an kleinen Oertern , ihren Umſtaͤnden nach , entweder Lebenslang oder nur eine Zeitlang aufhalten muͤſſen , dem rohen Poͤbel-Volck , die ihre Freundſchafft und keuſchen Umgang vor einen boͤſen Schein und vor ein hoͤchſt aͤrgerliches Leben anſehen wuͤrden , zu einem Maͤhrlein und zu einem Spott werden , und was vor mehrere Bewegungs-Gruͤnde etwan ſie determiniren koͤnnen , daß ſie ihren Freundſchaffts-Contract durch Prieſters Hand befeſtigen laſſen .",5645297,So lange Tag und Nacht durch Wechſel ſich beſtreiten / So lange Sonn ’ und Mond Glantz und Bewegung hat / So lange wird die That der treflichen Louiſen Als wie ein Wunderwerck von aller Welt geprieſen .,Early-Early,2
hausstand,1933110,"Daher iſt kein Regent , welcher ſich nicht um den Hauß-Stand bekuͤmmert , und da gute Regeln giebt .",5405976,"Da nun verheirathete Söhne in China meist bei den Eltern wohnen , so rechnete man jeden Hausstand durchschnittlich auf 8 Köpfe .",Cross-Era,4
zitronensaft,2247276,"Beym Anrichten druͤcket Citronenſafft hinein , ſo kan es aufgetragen werden .",4640950,Dann gab ich ihr ſtarken Kaffee mit Citronenſaft und dann den Galläpfelaufguß .,Cross-Era,4
wunderwerk,3542650,2. Bey dem wunderwerck kans deßwegen nie fehlen .,5116271,"Jede Nummer eines großen Tagesblattes , die heute erſcheint , iſt ein Wunderwerk der kapitaliſtiſch organiſierten volkswirtſchaftlichen Arbeitsteilung und der maſchinellen Technik , ein Mittel des geiſtigen und wiſſenſchaftlichen Verkehrs , in dem ſich die Wirkungen aller andern Verkehrsmittel : der Eiſenbahn , der Poſt , des Telegraphen und des Fernſprechers wie in einem Brennpunkte vereinigen .",Cross-Era,3
sonnenblume,5168643,Die lehrenden Sonnenblumen 130,4284480,Im Garten recken die reifen Sonnenblumen ihre Goldarme zum klaren Herbſtblau .,Cross-Era,4
uhrwerk,3275374,"Die Epiſodia ſtecken daſelbſt , nach der Vorſtellung des Verfaſſers der Romantiſchen Mythoſcopie , ſo enge in einander , wie die Tunicæ oder Haͤutgen einer Zwiebel , oder die ptolomeiſchen Sphaͤren , oder die Raͤder in einem Uhrwercke .",3888592,"Sonſten befand ſich in dieſem Altare ein ſtaͤhlernes Uhrwerck , vermittelſt deſſen die guͤldene Kugel zum ſchnellen Herumlauffen gebracht werden konte , welches Monſ .",Early-Early,2
grundfläche,4652666,"Das Bezirksamt befiehlt die Offenhaltung und die Beschwerdeinstanz billigt das : „ denn die auf jener Grundfläche ruhende Verbindlichkeit , für öffentlichen Verkehr zu dienen , bleibt als Last auf derselben auch nach jenem Privatrechtsgeschäft , so lange nicht die Aufhebung des öffentlichen Weges in einer von den Verwaltungsbehörden anerkannten Weise ausgesprochen ist . “",1405865,"Je grösser aber die Zahl der Gussformen ist , welche aus der Pfanne gefüllt werden sollen , desto grösser muss natürlich der Durchmesser des Kreises sein , in welchem sie aufgestellt werden ; und der grössere Kreis bedeutet nicht allein einen Mehrverbrauch an Grundfläche innerhalb des Giessraumes , welcher für andere Zwecke verloren geht , sondern vertheuert auch nicht unerheblich die Construction des Krahnes .",Late-Late,4
gesichtszug,4600634,"An ihren Geſichtszuͤgen merkte ich , daß ich dieſe Frage nicht haͤtte thun ſollen .",1108919,"Friedrich Wilhelm hatte das fünfundvierzigſte Lebensjahr faſt erreicht , und ſeine gedunſene Geſtalt mit den geiſtreichen , aber ſchlaffen , bartloſen Geſichtszügen erſchien trotz der jugendlich unruhigen Bewegungen ſchon etwas gealtert .",Cross-Era,3
leinöl,2586375,"Eine intensivere Schwärze erreichte man durch die Erzeugung eines schwachen Überzuges von Schwefeleisen , wofür man vielerlei Rezepte hatte , z. B. ein Gemisch von Kalk und Schwefel , oder Spieſsglanz für sich aufgetragen u. s. w. Die Farbe lieſs sich glänzender hervorheben durch einen Firnis von Leinöl oder durch Bernsteinlack .",2459273,"Ebenso wurden Versuche mit Fetten und öligen Substanzen für sich allein angestellt , so mit gewöhnlichem Talg , Leinöl u. s. w. , mit welchen Thon und Kalk , die sich vorher als wirkungslos erwiesen hatten , vermischt wurden .",Late-Late,4
leinöl,330692,"Der mit Tuſche bezeichnete Stock kan mit Oel beſtrichen werden , man thut unter eine Untze Leinoͤl 3. oder 4 Tropffen gut Scheidewaſſer , dieſes macht das Holtz gelinde zum Schneiden , wenn man es aber wieder hart haben will , ſo nimmt man pures Leinoͤl , kan man aber ſchwachen Fuͤrnis haben , ſo iſt es beſſer .",4428109,"Wenn der Wurm todt iſt , ſo nimmt man warmes Leinoͤl , und heilet es damit .",Early-Early,4
sonnenschein,2544122,"Einſamer Sonnenſchein lag darauf ; Hie und da der lange , ein wenig ſchräge Schatten eines Hauſes .",5069037,"Das war kein Spiel , das waren keine Küſſe und Liebesworte , die wie Frühlingsblumen im Sonnenſchein ſprießen und über Nacht im Strauße verwelken .",Late-Late,2
sonnenschein,3997699,"1. 2 . 3. 4 . 5. 6 . 7. addiret / koͤmmet heraus 28. ſo da iſt / der Medius motus lunæ , das iſt des Mondes Mittel-Lauff / von einem neuen zum andern / und der groͤſſeſte Sonnen-Circul : Alſo addiren und geſellen ſich die Spieler / von einem Tage zum andern / vom andern biß . zum dritten / und ſo fort an / auff alle ſieben Tage der Wochen / und von einer Woche / von einem Monden biß zum andern / ſo wohl beym Nachts- Licht oder Monden Schein / als auch beym Tage-Licht oder Sonnenſchein / Spielens halben zuſammen .",679250,"Nicht Segen allein empfingen wir von den Hellenen ; im Gegenteil , einiges , was von ihnen sich herleitet , bedrückt noch wie ein banger Alp unsere aufstrebende Kultur ; was wir aber Gutes von ihnen erbten , war vor allem solcher Blüten treibender Sonnenschein .",Cross-Era,2
eifersucht,4448988,"Er hatte ſich eine ernſthafte und tiefſinnige Geſichtsbildung zugelegt ; in ſeinem Umgange that er ſehr geſchaͤfftig ; er hatte aber in der That itzt viel weniger zu thun , als ehedem in ſeines Vaters Hauſe , weil er damals eine ganze Heerde Huͤhner fuͤttern , nunmehr aber ſeinen Mops abrichten mußte , an dem er einen guten natuͤrlichen Verſtand zu verſpuͤren glaubte , welchen er niemals , ohne eine kleine Eiferſucht zu empfinden , bewunderte .",5982593,"Niemals kann ich ohne eine kleine Eiferſucht an den deutſchen Verfaſſer gewiſſer bekannter Briefe gedenken , dem der glaubwuͤrdige Vorredner dieſes ſchmeichelhafte Zeugniß giebt :",Early-Early,4
meerwasser,661949,"Die uͤbrigen Fabriken Frankreichs ſind : p ) Fabriken zu weißem und ſchwarzem Eiſenbleche ; q ) verſchiedene Fabriken zu Porcellaͤn , Faenzer , und anderem irrdenen Geſchirre ; r ) Tabackspfeifenfabriken ; s ) mancherley Eiſen-Stahl-Meſſer- und Gewehrfabriken , unter welchen letztern ſonderlich die zu Paris , zu Sedan in Champagne , und die zu Tulle in der Landſchaft Limoſin in Guienne , die beſten ſind , wie denn auch alle Klingen , die wir ſpaniſche nennen , in Frankreich fabriciret werden , wiewol die Franzoſen den Stahl dazu , aus Biſcaja in Spanien holen ; t ) Salzſiedereyen in Bretagne , der Normandie , in Orleans , Guienne und Provence , in denen ſowol aus dem Meerwaſſer , als aus Salzbrunnen , Salz geſotten wird ; u ) Gruͤnſpanfabriken , ſonderlich die in Montpellier ; v ) Pulvermuͤhlen , deren es in Frankreich ziemlich viele , ſonderlich aber bey la Fere in der Picardie ſehr gute , giebt ; w ) Stuͤckgießereyen , wie denn zu Coſne und zu Rochefort in Orleans viel Stuͤcken gegoſſen werden ; und endlich x ) Schiffbauereyen , deren es in Frankreich in denen an der See gelegenen Provinzen verſchiedene giebt , von denen jedoch die zu l’ Orient in Bretagne eine von den betraͤchtlichſten iſt , als woſelbſt der Koͤnig von Frankreich viele Schiffe bauen laͤßt .",1597209,Man ist damit sparsam und hilft vielfach durch Destillation von Meerwasser nach .,Cross-Era,2
mauerwerk,4966445,"Drei Jahre ſpäter bildeten 114 Cubikmeter Mauerwerk bereits ein geſichertes , geräumiges Plateau , auf welchem die nachfolgenden Arbeiten mit immer größerer Sicherheit , Raſchheit und Bequemlichkeit fortgeſetzt werden konnten , bis dieſer merkwürdige Bau ſeine Vollendung erreichte .",2582721,"Wenn dies geschehen ist , schlieſst man vornen mit gutem Mauerwerk , welches beinahe gerade steht .",Late-Late,3
eisenwerk,969459,3. b. vermittelſt was fuͤr Gelegenheiten ſie offenbahret zu werden pflegen ? ibid. alles Ertztes und Eyſenwercks erſter Meiſter / 3. b.,645905,"Aus (n ) Morea und den Meerbuſen von ( o ) Lepanto und ( p ) Athen fuͤhret man nach Venedig viel Wolle , Seide , Wachs , Gallaͤpfel , Avellanede , Oel , Baumwolle , Getreide , Honig , Theer , und eine große Menge von eingeſalzenen Kaͤſen , welche Waaren insgeſamt Venedig mit baarem Gelde bezahlen muß , weil dieſe Stadt wenig Waaren dahin ſendet , und auch die , ſo ſie dahin ſendet , wenig Abgang finden , als welche in Bretern von Tannen- und Lerchenbaumholz , und etwas Naͤgeln und Eiſenwerke beſtehen , zu deren Verfuͤhrung man jedoch beſtaͤndig viel Schiffe gebraucht .",Early-Early,4
salzwasser,5074388,Nehmet halb Rindern- und halb Schweinen-Fleiſch / jedes gleich viel / hacket es untereinander / ſaltzet es / und miſchet halb-geſtoſſenen und halb ungeſtoſſenen Pfeffer / und kleingeſchnittenen Speck / doch nicht zu viel / darunter / fuͤllet dieſes Gehackte in einen Darm / und leget dann die Wuͤrſte in ein Saltz-Waſſer / laſſet ſie eine Nacht darinnen liegen / haͤnget ſie darnach auf / raͤucherts ein wenig / und laſſet ſie etliche Tage im Rauch haͤngen / haͤnget ſelbige alsdann in die Lufft auf .,3648729,"Savary läßt das Zink in eine gewöhnliche Salzlöſung tauchen , ſetzt aber dem Salzwaſſer , welches die Kohle im Diaphragma umgiebt , Schwefelpulver zu ; die Kohle iſt hierbei mit einigen Windungen von Kupferdraht verſehen .",Cross-Era,4
grundfläche,5405390,"Ihre Grundfläche soll 80 , die der Gelben Stadt 606 Hectaren betragen . —",4686783,"Denken wir uns ein prismatisches Flüssigkeitselement von der Grundfläche α und der Länge β , in der Richtung der Länge um dz verschoben , so ist , wie in dem zuvor betrachteten Falle , die hierbei geleistete Arbeit [Formel]",Late-Late,2
schauspiel,2242544,"Seynd diejenigen Weibesbilder , ſo in denen oͤffentlichen Schauſpielen mit auff dem Theatro agiren .",4417510,"Sie iſt ein abgeleiteter Zweig und Geſencke von der Rhythmic oder abgemeſſenen Bewegungs-Kunſt , aus ihr entſpringen drey andere , nemlich die redneriſche Sproſſe , welche die Leibes-Wendungen anweiſet ; die Hiſtrioniſche , welche zu den Schauſpielen gehoͤret , und weit ſtaͤrckere Geberden erfodert , als jene ; und die Tantzmaͤßige , welche von allerhand Schritten und Spruͤngen handelt .",Early-Early,4
eifersucht,1116719,"Dieſſeits wie jenſeits des Kanals hatten die letzten Kämpfe ihren Stachel zurückgelaſſen , die natürliche Eiferſucht brach überall hervor .",2857192,"Von dem urteil des Aristophanes ist nur der anfang erhalten , in welchem gelobt wird der prolog , die elegie der Andromache ( zu lesen εὖ δὲ καὶ τὰ ἐλεγεῖα für ἔστι δ . κ. ) , die reden der Hermione an diese , die intervention des Peleus . da das drama τῶν δευ- τέρων ist , muſste starker tadel folgen , zu welchem der zweite teil herausfordert ; über ihn ist nichts mehr erhalten , auſserdem ist im ersten die haltung der Andromache und des Menelaos übergangen . in den scholien polemisirt 32 gegen die φαύλως ὑπομνημα- τισάμενοι , die dem Euripides vorwerfen , er hätte komische motive , eifersucht und weibergezänk , eingeführt , was herzlich albern abgewehrt wird . 229 wird die haltung der Andromache als παρὰ τὰ πρόσωπα καὶ τοὺς καιρούς getadelt .",Late-Late,2
trauerspiel,5719766,"Nunmehr bin ich uͤberzeuget , daß die Ungluͤckſeligen , die von einem ſchweren Trauerſpiel entlaufen , in der Ungewißheit und Furcht , die ſie unter der Zeit beunruhiget , zehnmal mehr Jammer auszuſtehen haben , als diejenigen ausſtehen koͤnnen , die bey demſelben gegenwaͤrtig ſind , und das Aergſte ſehen und wiſſen .",914634,"Trauerſpiel ſchob ſich in Trauerſpiel ; das perſönliche in das allgemeine , das vergangene in das zukünftige .",Cross-Era,4
feldzug,3623899,"In einem einzigen Feldzuge war die ſtaͤrkſte Vormauer deſſelben Landes erobert , die feindliche Macht uͤberwunden , Podolien verwuͤſtet , Lemberg auf das Aeußerſte gebracht , ja das Innerſte des Koͤnigreichs ſelbſt in ſolches Schrecken geſetzet worden , daß deſſen Einwohner es nicht allein der Klugheit gemaͤß , ſondern auch fuͤr noͤthig hielten , zur Erhaltung ihres Lebens und ihrer Guͤter , mit Verluſte ihrer Ehre , einen Vergleich einzugehen : dabey ſie ſogar genoͤthiget waren , die Tatarn , von denen ſie aus der Erfahrung wußten , daß es ihre Todfeinde waren , fuͤr ihre Erretter zu erkennen .",894867,"Baden und Württemberg verlangten zum Schutze ihres eigenen Gebietes eine Feſtung dicht am Rhein , etwa in Raſtatt ; Oeſterreich dagegen wünſchte durch die Befeſtigung von Ulm die Donauſtraße zu ſperren und die Wiederkehr des Auſterlitzer Feldzugs zu verhindern .",Cross-Era,4
trauerspiel,3862512,"In Ludwig Robert's Trauerſpiel » Die Macht der Verhältniſſe « , hat Devrient die Sterbeſzene ſo dargeſtellt , daß ſelbſt die ſonſt ſo ruhige Mad. Schröckh zitterte , weinte und eingeſtand :",3308306,"Gegen den Schluß des Trauerſpieles betrachtete ich die Loge von meinem dunkeln Winkel aus durch das Glas , während die Augen des ganzen Hauſes auf die Bühne gerichtet waren , wo Leiceſter die Hinrichtung der Maria belauſchte , die unter ſeinen Füßen vor ſich ging .",Late-Late,2
seewasser,658331,"Ein Schiff uͤberhaupt ausbeſſern , heißt kalfatern ; insbeſondere aber , ( naͤmlich in Abſicht auf die Art , wie ſolche Ausbeſſerung geſchieht , ) verſteht man durch kalfatern , zwiſchen die Breter , womit das Schiff bekleidet iſt , weil ſie nicht durchgehends dicht genug an einander gehen , Werg , oder Hanf , ( ſo vorher in Theer gekochet , ) ſtopfen , oder in die Fugen , Ritze und Loͤcher Stoppers , ( welche mit Pech oder Theer verſchmieret ſind , ) mit eiſernen Meißeln hinein treiben , und alsdann alles ſolches mit heißen Jnſchlitt , Harz und Pech uͤberſchmieren , damit das Seewaſſer nicht hinein dringe , auch ſonſten alles , was am Schiffe ſchadhaft iſt , in den gehoͤrigen Stand ſetzen .",5518264,"Dagegen wird allerdings jetzt das Zink ſchneller angegriffen , als es ſonſt im Seewaſſer mit ihm der Fall wäre .",Cross-Era,2
tagewerk,330305,"Nachdem nun der Drucker ſein Tagewerck vollendet , ſo nimmt er mit einem Tuch ein wenig Baumoͤl und uͤberfaͤhret damit ſeine Kupferplatte , damit die Schwaͤrtze , welche noch in den Riſſen , oder Linien des Kupfers ſtecket , nicht vertrocknet , inſonderheit im Sommer , wann es ſehr warm iſt .",1502409,"Gewiß , er trieb das Dichten wie Tagewerk , aber er trieb es auch , und zwar im beſten Sinne , wie man ein poetiſches Tagebuch führt , darin er Allem zu einem dichteriſchen Ausdruck verhalf , was der Lauf des Tages brachte .",Cross-Era,3
heerführer,4194137,"Wo früher die Hofintrigue den Ausschlag gab und Regierungswechsel bewirkte , entscheidet von jetzt ab das Schwert , welches die Heerführer gegen einander kehren , während der Mikado ganz im Hintergrunde der politischen Ereignisse bleibt .",12913,"’Alem , im Volksmunde Blutfahne genannt , ist das Banner des Heerführers .",Late-Late,4
sündenfall,683080,"Die in der Genesis enthaltenen phantastisch-wissenschaftlichen Ideen über die Entstehung der organischen Welt , der tiefsinnige Mythus des Sündenfalls , die Vermutungen über die Entwickelung der Menschheit bis zur ersten Organisierung der Gesellschaft .... das war jetzt alles » Geschichte « , wodurch es zugleich jede Bedeutung als religiösen Mythus verlor , denn der Mythus ist elastisch , unerschöpflich , wogegen hier eine einfache Chronik von Thatsachen , eine Aufzählung geschehener Begebnisse vorliegt .",2585307,"Der Hauptgegenstand der Darstellung ( Fig. 81 ) ist ein wohlgelungener Kruzifixus , hinter welchem in vier Seitengruppen der Sündenfall , die Anbetung der ehernen Schlange , die Auferstehung und die Erlösung abgebildet sind .",Late-Late,2
kinderspiel,5166908,"Du komſt ſtets naͤher zu dem Ziele , Was ſoll denn deine Eitelkeit , Denk an den Schatz der Ewigkeit ; Verlaß die guͤldnen Kinderſpiele Die Klumpen dikke Erden Goͤtzen , Die nur ein Schein der Augen ſind , Und in der That nur Erd und Wind :",1753640,"Gegen dieſe haarſträubende Überproduktion erſcheint ſelbſt die ärgſte Verſchwendung , die von Tieren je getrieben worden iſt , als ein Kinderſpiel .",Cross-Era,4
kinderspiel,987740,Und waͤr es kinder-ſpiel / ſo wuͤrden nicht die alten Auf dieſe leckerey ſo groſſe ſtuͤcke halten .,2362719,"Und nicht die unerfahrene Tochter allein , auch die erfahrenen Eltern ſahen kein Kinderſpiel in Siegmund Fabers raſcher That .",Cross-Era,4
feldzug,4853509,"Es gedencket aber nicht nur der fabelhafte Ovidius in ſeinen Verwandlungen eines wieder ein wildes Schwein angeſtelten Feldzuges , ſondern es fuͤhret auch Valerius Maximus Lib. I. c. 7. ein faſt gleiches Exempel aus dem Herodoto an .",1383442,"Auch Reſte einer alten Brücke ſollen noch zu erkennen ſein ( wie bei Ani ) . . Zwiſchen Kara-Kaleh und Igdyr , einem im letzten Feldzuge vielgenannten Orte und Concentrirungsplatz des Detachements Tergukaſſoffs , nimmt mälig die große Araxes-Ebene , die wir gleich Anfangs unſerer Tour durchwandert hatten , ihre Ausdehnung .",Cross-Era,2
sonnenstrahl,3234014,"Etwas wie Traurigkeit überkam ihn , eingedenk der Möglichkeit , daß ſein Gärtchen eines Tages einem jener dunklen Höfe gleichen könne , über welche die Sonnenſtrahlen nur auf Minuten dahinhuſchen , ohne jemals ganz die Tiefe zu erreichen .",2399374,"Aber es war ein letzter Sonnenſtrahl zwiſchen Wolken , der es erhellte und thalabwärts in lichter Ferne über dem See und den Weiden von St. Moritz regenbogenfarbig ſpielte .",Late-Late,2
uhrwerk,2204455,Uhr-Werck der Ewigkeit .,2541855,"Demſelben aber einigen Schein zu geben , ſtellet man darinnen den Menſchen nach Leib und Seele , mit verlaͤugneter derſelben natuͤrlichen Vereinigung , vor , als ein gedoppeltes Uhrwerck , davon zwar ein iedes alles vor ſich allein in ſeinen Veraͤnderungen und Handlungen thue und leide , und zwar nothwendiger und unwandelbarer Weiſe , wie eines Uhrwercks Natur mit ſich bringet ; aber doch eines mit der andern in der genaueſten Harmonie ſtehe , welche man præſtabilitam nennet , und , damit auch GOtt bey dieſem neuen Syſtemate etwas zu thun habe , die præſtabilition GOtt zueignet .",Early-Early,3
sonnenlicht,4041060,Mein ſonnen-licht ward nie bedeckt mit finſternuͤſſen / Der himmel zog ſich ſtets mit lichten farben an / Und was die feder nicht aus ſchmertz hier ſchreiben kan / Das wird Arminde ſelbſt aus meinem weſen ſchlieſſen .,475333,"Geſetzt , daß ich vor dich nicht tauge , Lehnt doch des adlers ſtumpffes auge Selbſt ſeine krafft vom groſſen ſonnen-licht .",Early-Early,4
wortspiel,682455,"Zwar konnten die Hirten nicht in deren eigentliches Gebiet eindringen , da prächtige Städte und ein hochentwickelter Bodenbau jeden Zoll Erde besetzt hielten , doch empfingen sie dort unvergängliche Eindrücke und Belehrungen , ( auf die ich später zurückkomme ) ; sogar solche Namen wie Abraham und Sarah haben sie dort erst kennen gelernt und erst später durch die von ihnen so beliebten Wortspiele ins Hebräische übertragen ( Gen. XVII , 1—6 ) .",1780265,"Neben dem äußerſt beliebten und ſtets belachten , aber für unſern Geſchmack meiſt faden Spielen mit Worten oder Wortſpiel , bei welchem die japaniſche , wie überhaupt oſtaſiatiſche Vorliebe für die Form im Gegenſatz zu dem Gedanken recht auffällig zu Tage tritt , wird gerade auf dieſem Gebiete geiſtreiche Witzigkeit und Witzelei häufig erzielt :",Late-Late,2
hausstand,1933110,"Daher iſt kein Regent , welcher ſich nicht um den Hauß-Stand bekuͤmmert , und da gute Regeln giebt .",3419516,"Die Verwaltung des Hausſtandes bleibet freilich die Hauptpflicht und Beſchaͤftigung unſeres Geſchlechtes : ſolche zu verſaͤumen , oder auch nur nachlaͤſſig zu beobachten , iſt demſelben allemal eine groͤſſere Unehre , als alle Scharfſinnigkeit und Gelehrſamkeit erſetzen kann .",Early-Early,4
bildhauer,644244,"Ja er muß b ) faſt ein halber Bildhauer ſeyn , und c ) in Laub- und Blumenwerk wiſſen zu reißen , wie auch in Figuren , indem das Tiſchlerhandwerk von dergleichen eingelegter Arbeit , von Bildern , Blumen und Laubwerk oft ſo ſchoͤne Werke macht , als ob es ein kuͤnſtlicher Maler verfertiget haͤtte .",5501543,"Jch war vor Freuden gantz auſſer mir ſelbſt , da ich den Rector alſo reden hoͤrete , bat derowegen mich entweder zu einem Drechsler oder Bildhauer zu bringen , weil ſich zu dieſen beyden Profeſſionen bey mir die meiſte Luſt faͤnde , alſo wurde meinem eigenen Triebe gewillfahret , und ich bey einem Drechßler aufgedungen , weil der Bildhauer vors erſte allzuviel Lehr-Geld forderte , vors andere aber zu verſtehen gab , daß er , als ein betagter Mann , keine beſondere Luſt mehr haͤtte , Jungens anzunehmen , indem er ſchwerlich glaubte , noch 5. Jahre , als ſo lange ich ſtehen ſolte , zu uͤberleben .",Early-Early,2
feldzug,521015,"Und dies führt uns auf den Antheil , welchen auch unſere Univerſität am Siege in Anſpruch nehmen darf , und zwar nicht nur durch unſere Amtsgenoſſen , welche das Glück hatten ſich am Feldzuge perſönlich betheiligen zu können , auch nicht nur durch unſere Studenten , welche ihrer Väter würdig ſich wie 1813 und 14 aus dieſen Hörſälen zu den Fahnen drängten und ihr jugendfriſches Leben für das Vaterland einſetzten , ſondern auch durch die geſamte Thätigkeit unſerer Anſtalt .",510866,"Nach dem Norden , gegen die Hauptstadt des Reiches zog keiner der fünf Könige ; diesen wichtigsten Feldzug vertrauten sie Untergebenen und schickten nur einen Theil der alten Kerntruppen mit .",Late-Late,2
kinderspiel,3999097,Welt- Leben iſt nur ein Kinderſpiel .,4906865,"Es iſt aber die Masquirung der damahligen Zeiten , gegen die ietzigen ein bloßes Kinderſpiel geweſen .",Early-Early,2
kreuzzug,6303,"Die bemerkenswerteste Periode aber ist jene der Kreuzzüge , und vor allem war es der dritte , welcher als eine groſse Schule des Krieges angesehen werden kann .",7869,"Gegen 1150 , zu welcher Periode die Erfahrungen aus den Kreuzzügen greifbare Gestalt anzunehmen begannen , begegnen wir in Mitteleuropa zuerst dem Maschenpanzerwerk ( maille , Muſszeug ) , welches aus ineinander geflochtenen verschweiſsten Ringen besteht .",Late-Late,4
mauerwerk,2906239,"Es wuͤrden auch manche , weil das Mauerwerck und Daͤcher noch ziemlich gut dran ſind , nicht ſonderliche Unkoſten erfordern .",775553,"Kaa , Kaai , Quai , iſt ein Mauerwerck von Steinen , welches man laͤngſt dem Ufer eines Fluſſes oder eines andern Waſ ſers , aufrichtet , um ſelbiges in ſeinem Flut-Bett zu erhalten .",Early-Early,4
trauerspiel,2495006,"Eine Nebenunterſuchung wuͤrde ſeyn , eben dieß von lyriſchen Gedichten zu behaupten , denen wir zwar , durch einige unſrer Sylbenmaſſe , einen freyeren Schwung , als den groſſen Gedichten , gegeben haben ; die aber , weil ſie ſo vieler Schoͤnheiten faͤhig ſind , daß ſie unmittelbar nach dem Trauerſpiele ihren Platz nehmen duͤrfen , noch tonvoller und harmoniſcher zu ſeyn verdienen .",2896552,"Ein Trauerſpiel muß fuͤnf Aufzuͤge haben ; die Perſonen muͤſſen nicht von der Buͤhne gehen , oder wiederkommen , ohne zu ſagen , warum ; die Scenen muͤſſen abgetheilt ſeyn , wann neue Perſonen auftreten , oder alte abgehen , weil es eine Unordnung in dem aͤuſſerlichen Anſehen verurſachere ; in den Trauerſpielen muß keine luſtige Perſon ſeyn ; die Gleichniſſe ſchicken ſich vor die tragiſche Schreibart nicht wohl ; man muß ſich des edeln Du der Alten bedienen , weil es manchen Vers viel ſtaͤrcker und nachdruͤcklicher machet , als er vorhin hat werden wollen .",Early-Early,2
stückwerk,140846,"Jch wolte wuͤnſchen , daß ſie dadurch beſcheidener wuͤrden , und begreiffen lerneten , daß ihr Wiſſen Stuͤckwerck ſey :",2540054,"Wenn da kommen wird das Vollkommene , ſo wird das Stuͤckwerck aufhoͤren .",Early-Early,2
sonnenlicht,848657,"SO bald das ſonnen-licht die muͤden augenlieder Nach der genoßnen ruh von ihrem ſchlaf erweckt , Und das verliebte kind die alabaſter-glieder Mit einem linden ach im bette von ſich ſtreckt , So gehn viel hundert luͤſt’ in ihrer bruſt ſpatzieren , Die ſanffte kuͤtzelung durchſtreichet geiſt und ſinn , Und die entzuͤckungen , ſo marck und adern ruͤhren , Zieh’n ſie gantz außer ſich in den gedancken hin .",834045,"Denn er iſt der Sonnengott , der Allherrliche , der Weltbezwinger , der ſeine Zeugungskraft über die Welt ſtrömt wie ſein goldenes Sonnenlicht .",Cross-Era,2
wunderwerk,1713746,"Die mancheſterliche Nationalökonomie betrachtete von ihrem technologiſch-individualiſtiſchen Standpunkte aus die Arbeitsteilung als eine Art Wunderwerk , als eine präſtabilierte Harmonie , in die ſich die ſelbſtändig und iſoliert gedachten Individuen unbewußt oder gelockt durch die Vorteile des Tauſchverkehrs gleichſam willenlos einfügen .",1598942,Dieses Land kann ein Wunderwerk der Colonisation genannt werden .,Late-Late,2
sonnenstrahl,2958595,4. Mercket dabey an / wenn ein Planete ſichtbahr wird / und wenn er wieder unter die Sonnenſtrahlen ruͤcket ( § . 178 Aſtron. ),6107109,"Jener mächtige Poſaunenton von vorhin ertönte wieder , aus dem Blasloch ſtieg die Dunſtſäule hoch in die Lüfte , aber diesmal ſpiegelten ſich die Sonnenſtrahlen nicht in Regenbogenfarben in ihr wieder , denn der Dunſt zeigte ſich mit Blut gemiſcht und roth gefärbt .",Cross-Era,4
eifersucht,4219911,Aber die Eiferſucht gegen Engelland ſubordinirte es der Verſammlung der G. St .,2857192,"Von dem urteil des Aristophanes ist nur der anfang erhalten , in welchem gelobt wird der prolog , die elegie der Andromache ( zu lesen εὖ δὲ καὶ τὰ ἐλεγεῖα für ἔστι δ . κ. ) , die reden der Hermione an diese , die intervention des Peleus . da das drama τῶν δευ- τέρων ist , muſste starker tadel folgen , zu welchem der zweite teil herausfordert ; über ihn ist nichts mehr erhalten , auſserdem ist im ersten die haltung der Andromache und des Menelaos übergangen . in den scholien polemisirt 32 gegen die φαύλως ὑπομνημα- τισάμενοι , die dem Euripides vorwerfen , er hätte komische motive , eifersucht und weibergezänk , eingeführt , was herzlich albern abgewehrt wird . 229 wird die haltung der Andromache als παρὰ τὰ πρόσωπα καὶ τοὺς καιρούς getadelt .",Cross-Era,3
sündenfall,2947236,"Bald laͤſſet er einen blinden , aber in eigener Gerechtigkeit ſtehenden Menſchen durch ſchwere Suͤndenfaͤlle in den Koth geworfen werden , damit er uͤberzeuget werde , wie noͤthig er der Reinigung in dem Blute des Lammes habe .",106434,"Jn dem Worte Verheiſſungen , wird zwar auf die Verheiſſung ſelbſt geſchehen , wie ſie nach dem Suͤndenfall durch alle Zeitlaufe des Alt .",Early-Early,2
ziegenbock,1478507,"Thor fuhr auf einem mit Ziegenböcken bespannten Wagen und ihm wurden besonders Ziegenopfer gebracht , deshalb sieht auch der mittelalterliche Teufel einem Ziegenbocke ähnlich , hat Hörner , einen Bocksbart und ein haariges Fell , ja sogar den Bocksgeruch .",4500882,"Langethal , Geſchichte der teutſchen Landwirthſchaft. Bd. 1. S. 258. Baſtarde von Schaf und Ziegenbock heißen bei Iſidor von Sevilla tityrus .",Late-Late,4
rechtsstreit,3172758,"Und weilen er zwo ſchweſtern verliſe , deren die Eliſabet an Reinharten von Heuſenſtamm , und die andre Katharina an Joſt Rau zu Holzhauſen verheiratet waren ; ſo entſtand des waſſer-wiger-amtes halber zwiſchen diſen zwoen ſchweſtern ein rechtsſtreit , der vom kaiſer im jare 1559 zum behufe des Rauen entſchiden , und derſelbe 1582 mit ermeldten amte belenet wurde , ungeachtet die aͤltere lini der Weiſen von Feuerbach noch bluͤhete , und 1603 mit Caſpar Weiſen erſt verdorrete .",3172318,"Gaſſer in ſeiner einleitung zu den oͤkonomiſchen policei- und kameral-wiſſenſchaften cap. 18 § 1 ſ. 293 fg. lachet uͤber die Teutſchen rechtslehrer , daß ſie keinen begrif vom poſtweſen gehabt haͤtten , wenn ſie ſich mit dem Reichs-poſtamte in einen rechtsſtreit eingelaſſen haͤtten .",Early-Early,4
zeughaus,660054,"Nicht weit von dem gedachten Zeughauſe erblicket man den ſogenannten Packhof , worinnen alle zu Waſſer und zu Lande ankommende Kaufmannswaaren abgeladen und verzollet ; die groben Frachtguͤter aber in Faͤſſer und Ballen gepacket werden .",2556011,"A Hafen , B Friedrichsburg mit Zeughaus , C königl. Schloss , D Königsgarten und Paradeplatz , E Regierungsgebäude , G medicin .",Cross-Era,4
gesichtszug,1090946,"Peter Camper , über den natürlichen Unterschied der Gesichtszüge .",6107472,Hervorſtehende Backenknochen und wulſtige Lippen machen die Geſichtszüge unſchön und durch die Folgen des Betelkauens erſcheinen ſie noch abſtoßender .,Late-Late,4
ziegenbock,3622115,"denn er zog ſich zuruͤck , wie ein ſtoßender Ziegenbock , bloß um ſeinen Feinden einen deſto heftigern Streich zu verſetzen .",1478507,"Thor fuhr auf einem mit Ziegenböcken bespannten Wagen und ihm wurden besonders Ziegenopfer gebracht , deshalb sieht auch der mittelalterliche Teufel einem Ziegenbocke ähnlich , hat Hörner , einen Bocksbart und ein haariges Fell , ja sogar den Bocksgeruch .",Cross-Era,2
bildhauer,2410015,"Eynden , Hubert van der , Bildhauer II 53 .",2407325,"Sie wirkten im Bunde mit den Bildhauern , Architekten und Dichtern , wie denn Calderon , der die Feier in der Comödie Guárdate de la agua mansa geschildert hat , die Ideen zu den Triumphbögen angab .",Late-Late,2
sonnenstrahl,3600110,"Das Fenſter , den Sonnenſtrahl , warum nicht Dich ? “",580276,"Am andern Morgen , als ich bereits ein neues Feuer angemacht habe und als ſchon die Sonnenſtrahlen durch die Fugen blicken , erwacht der Mann , überſieht anfangs wie ſtaunend ſeine Lage und ſagt : „ Guten Morgen , Andreas ! “",Late-Late,2
rechtsstreit,3172758,"Und weilen er zwo ſchweſtern verliſe , deren die Eliſabet an Reinharten von Heuſenſtamm , und die andre Katharina an Joſt Rau zu Holzhauſen verheiratet waren ; ſo entſtand des waſſer-wiger-amtes halber zwiſchen diſen zwoen ſchweſtern ein rechtsſtreit , der vom kaiſer im jare 1559 zum behufe des Rauen entſchiden , und derſelbe 1582 mit ermeldten amte belenet wurde , ungeachtet die aͤltere lini der Weiſen von Feuerbach noch bluͤhete , und 1603 mit Caſpar Weiſen erſt verdorrete .",2017961,"Die Vollmacht wird weder durch den Tod des Vollmachtgebers , noch durch eine Veränderung in Betreff ſeiner Prozeßfähigkeit oder ſeiner geſetzlichen Vertretung aufgehoben ; der Bevollmächtigte hat jedoch , wenn er nach Ausſetzung des Rechtsſtreits für den Nachfolger im Rechtsſtreit auftritt , eine Vollmacht desſelben beizubringen .",Cross-Era,4
murmeltier,4501183,"Von jagdbaren Thieren erſcheinen Eber , Hirſche Damhirſche , Rehe , Bären , Zobel ( Rondes ) , Pharaonismäuſe ( Murmelthiere ) , ſchwarze Füchſe und Haſen .",2399133,"Es drückte eine ſchwüle Stille , nur das niedrige Geflatter der Steinlerche regte ſich zwiſchen den nackten Blöcken und von Zeit zu Zeit durchdrang der ſcharfe Pfiff eines Murmelthiers die Einöde .",Late-Late,4
murmeltier,4172694,"Mus alpinus , montanus , auch Murmentum , das Murmelthier , iſt wie eine groſſe Maus und klein Caninchen anzuſehen , haͤlt ſich auf den Alpen-Gebuͤrgen auf .",1470962,"Thatsächlich erleichterten diese Murmeltiere den Eingeborenen das Goldsuchen , denn sie lockern den goldhaltigen Boden auf , infolgedessen dann in der Regenzeit die herabströmenden Wassermassen die leichte Erde fortschwemmen , während das schwere Gold zurückbleibt .",Cross-Era,2
zeughaus,4412587,"Das Zeughaus iſt nach dem zu Venedig das vornehmſte in Europa , und iſt ein ſolcher Vorrath von allerhand Kriegs-Ruͤſtung darinnen , daß man in aller Eil eine Armee von 100000 Mann aus dieſem Zeughauſe ausruͤſten kan .",3628030,"Die Schatzkammer war zwar mit Papieren angefuͤllet , aber nicht mit Gelde ; die Unterthanen waren durch die Erpreſſungen der Defterdare in die aͤußerſte Armuth gebracht worden ; alles Volk war voll Furcht und Schreckens vor dem Feinde ; die Zeughaͤuſer und Vorrathshaͤuſer waren allenthalben leer : mit einem Worte , es war alles in der groͤßten Verwirrung und Unſinnigkeit .",Early-Early,4
eifersucht,1690662,Doch Eiferſucht muß offt zu Liſt und Klugheit werden :,5139370,"Nein , ich liebte ſie , und die Liebe beſänftigte die Eiferſucht .",Early-Early,4
feuerwerk,4907161,"Die Stuͤcke , ſo man bey den Feuerwercken loͤſet , werden fein langſam abgefeuert , wenn der Knall des letzten Stuͤcks hinweg iſt ſo werden die Creutze und Kaͤſten mit Raqueten behangen und verſetzt , und zugleich angezuͤndet .",778565,"Raquete , iſt ein zu einem Feuerwerck gehoͤriger Theil , welcher aus Papier gemacht , mit einem Satz von Pulver und andern brennenden Materialien geladen , und zur Luſt losgezuͤndet wird .",Early-Early,4
bildhauer,1338694,"Hier iſt der Ort die Ueberſichtigkeit einiger gegen das menſchliche Geſchlecht und deſſen Aufkommen gar zu witzig geſinnter Patrioten zu ahnden , die ſich die Verdienſte des Bildhauers im Sokrates ſo groß vorſtellen , daß ſie den Weiſen daruͤber verkennen , die den Bildhauer vergoͤttern um deſto fuͤglicher uͤber des Zimmermanns Sohn ſpotten zu koͤnnen .",5683900,Bildhauer Maſchiniſten,Cross-Era,4
salzwasser,2995548,"Man trennt die rothe Beere , welche die Grösse einer kleinen Kirsche hat , von dem sie umgebenden orangefarbigen Balg und conserviert sie in Salzwasser .",1751638,Ihr ſolider Bau hat ſie vor dem Salzwaſſer geſchützt .,Late-Late,4
stockwerk,1753333,"Und wer ihr nachgab , wer ſie nur nannte als etwas Seliges , — der ſtürzte in ſchwarzer Sünde von Fall zu Fall , durch alle Stockwerke moraliſcher , ſozialer Verachtung .",2261723,"Denn vom untern Stockwerk wurden Stimmen laut , und einer der Tatarenkellner geleitete fremde Herrſchaften hinauf .",Late-Late,4
feuerwerk,4855247,"An den Orten , wo niedrige und geringe Felder ſind , graͤbet und hacket man die Quecken aus den Feldern nach der Erndte , oder reiſſet ſolche mit der Ege , oder gewiſſen zweyhackigten eingentlich dazu gemachten Quecken-Hacken aus , traͤget ſie nach Hauſe , und gebraucht ſie an ſtatt des Holtzes zum Feuerwerck .",2060018,"Ein wackerer Apotheker in Desterro hatte uns ausser einer Kollektion Flaschen , die die wohl von einem sinnigen Landsmann vorgeschriebene Bezeichnung » Steinenschnaps « trugen , ein Kistchen Feuerwerk mitgegeben .",Cross-Era,4
bildhauer,2556374,Das Denkmal wurde nach einem Modell des französischen Bildhauers Falconet gegossen und 1782 enthüllt .,3864039,"Da vernahm man , wie Bildhauer Wichmann aus Berlin , der die lebensgroße Statue der Kaiſerin ausführte , gerührt , entzückt erzählte : der Kaiſer habe bei Beſichtigung der Arbeit ausgerufen : » Ja , ja , das ſind die edlen Züge meiner Matuſchka ( Mütterchen ) — das iſt das klaſſiſche Profil meiner Alexandra , der herrliche Nacken …",Late-Late,2
gesichtszug,1534272,So verſtellen auch andere ausſchweifende Leidenſchaften die Geſichtszuͤge unſerer Frauenzimmer .,1152564,"Unwillkürlich ahmen wir Bewegungen nach , die wir um uns herum vorgehen sehen ; wie wir häufig beim Anhören eines Musikstücks dieses ganz oder halb unbewuſst mitsingen , beim Anblick einer lebhaften Aktion dieselbe mit unserm Körper oft in der seltsamsten Weise akkompagnieren , so machen wir zunächst rein physisch die Bewegungen , Änderungen der Gesichtszüge u. s. w. mit , in denen sich eine Gemütserregung neben uns befindlicher Personen offenbart .",Cross-Era,3
zeughaus,4408563,"Sonſten iſt allhier zu ſehen , die ſchoͤne groſſe Haupt-Kirche oder das Muͤnſter , darinnen der Altar und der Tauffſtein von ſchwartzen Marmor , das Rathhaus , Baͤrnhaus und Zeughaus , aus dieſem kan mehr als 100000 Mann ins Feld ausruͤſten ; die Stadt iſt der Reformirten Religion zugethan .",2590229,"Im Jahre 1543 überlieſs König Ferdinand dem tüchtigen und in Lieferungen für die landesfürstlichen Zeughäuser seit langer Zeit ausgezeichneten Bürger zu Mürzzuschlag Peter Hofkircher eine Eisenschmelzhütte ( Plahaus ) ob Spital am Semmering , in der Fröschnitz bei dem Hallersteine auf weitere fünf Jahre zum Betriebe und gab ihm die Erlaubnis , daselbst ein zweites Plahaus von Neuem zu erbauen , jedoch gegen folgende Bedingungen : daſs er alle Arbeiten sogleich einstelle , wenn seine Eisenerzeugnisse dem leobnischen Eisen offenbaren Eintrag thue ; dass er seinem rauhen und geschlagenen Eisen eine andere Gestaltung und Biegung gebe , wie ihm vom Vordernberger Amtmann Veit Zollner vorgezeichnet werde , und endlich , daſs er an die landesfürstliche Kammer von jedem Centner die Hälfte von dem , was für das Vordernberger Eisen vorgeschrieben sei , bezahle .",Cross-Era,2
murmeltier,1454798,valisnieri T. II. S. 436. iacobaevs de Ranis. S. 71 . rai Wisdom of god S. 292. von den Bergmaͤuſen oder Murmelthieren der beruͤhmte Altmann vom Eismeere. S. 108 .,4033878,"Lieben Freunde , trinkt Cognac und Gin , machet ein Feuer in euch an , daß eure Augen glühende Kugeln werden , groß wie die Uhrſcheiben am Rathausturm , und eure Fäuſte ſtark wie die Dampframmen der Weidendammerbrücke , trinket Gin und Cognac , Freunde , lieben Freunde und Genies , trinkt und glaubt an meine ſchlafenden Lieder , dieſe feiſten Murmeltiere , aus deren Fett ich Elender Feuilletons gebacken habe , trinkt , trinkt , trinkt , ſchlagt euch rotgeränderte Wolken um die Schultern als Regenmäntel und kommt mit mir in den Phalluswald !",Cross-Era,2
rehbock,4415510,"Die Hoͤrner eines Reh-Bocks , werden allein Gehoͤrne , nicht aber Geweih genennet .",2329966,"Es galt vor allem den Faſanen , aber auch Birkwild , Rebhühner , Rehböcke und Haſen ſollten zum Abſchuß kommen .",Cross-Era,4
stückwerk,3933101,"Wir fuͤgen dieſem bey , was Herr D. Beyer in ſeinem Tractat von Handwercks-Meiſtern n. 216. von denen Hutmachern ſchreibet , daß obgleich in alten Hutmacher-Jnnungen ihren Handwercks-Articul ſtuͤnde , daß denen Stuͤckwerckern die Wolle juxta pondus & Libram , nach dem Gewicht und Waag von dem Handwerck gegeben werden ſolte ; Solches doch keines wegs ſo zu verſtehen , als wenn das Handwerck die Wolle von dem ihrigen nach gewiſſen Gewicht hergeben ſolte . ſondern ſie ſolte vielmehr den Stuͤckwercker dahin halten , daß er nach einem vorgeſchriebenen Gewicht ſeine Meiſter-Stuͤck verarbeiten muͤſte .",521410,"„ Ehe noch einige Geſellſchaften in unſrem Vaterlande ſich hervorthaten , hatten ſchon viele einzele gelehrte Leute manches zur Aufnahm und Erklaͤrung unſrer Sprache beygetragen , ob es gleich nur Stuͤckwerck zu nennen iſt .",Early-Early,2
eifersucht,832224,"Die ganze Eiferſucht bäumte auf , dieſe wahre Stichflamme der Erotik .",3872930,"Sie iſt immer verſtimmt , beinahe melancholiſch ( ähnlich wie unſere Frau Kruſe , an die ſie mich überhaupt erinnert ) und das alles aus Eiferſucht .",Late-Late,2
brunnenwasser,652217,"Die nur gedachten ( IX ) aus Zucker bereiteten Stuͤcke ſind : 1 ) der Penidzucker , Penydzucker , Zuckerpenid , Kinderzucker , ( weil er den jungen Kindern , fuͤr die der Zuckerkant gar zu hart iſt , mit Nutzen gegeben wird , ) lat. Saccharum penidium , franz. Penides ; oder Epenides , iſt ein ſehr gelinder Zucker , welcher ſich von gemeinem Hutzucker oder auch gar Caſſaunzucker machen laͤßt , indem man ſolchen Zucker mit Brunnenwaſſer uͤber dem Feuer durch Eyerweiß clarificiret , und ſo lange kochet , bis er zerbruͤchig , und nicht an den Zaͤhnen hangen bleibt : darnach wird er , weil er noch warm iſt , mit einem Nagel oder Hacken gewunden .",5426383,"Und etwas wünſchen die beiden guten Leute doch auch dafür zu haben , daß ſie Einen in dieſe Welt voll abgenagter Knochen , trockner Brodrinden und höchſt geſunden , klaren , erquickenden und vor Allem billigen Brunnenwaſſers hineingeſetzt haben , Eduard ! “",Cross-Era,4
wortspiel,4315115,"Was ſoll euer verfluchtes Wortſpiel bedeuten , Robert ? ‒ ‒ Sagt rein heraus :",1905526,"Der Ungenannte haͤlt ſich hier mit einem Wortſpiele auf : Niemand , wenn er von geoffenbarten Geheimniſſen redet , verſtehet Saͤze , in ſo fern ſie verborgen bleiben , ſondern ſolche deren Sinn und Nuzen ihm , in ſo weit es noͤthig iſt , durch die Offenbarung genug entdeket werden .",Early-Early,4
kreuzzug,5116627,"Die Wanderungen des Mittelalters ergreifen immer nur einzelne Stände : die Ritter in den Kreuzzügen , die Kaufleute , die Lohnhandwerker , die Handwerksgeſellen , die Gaukler und Spielleute , die Hörigen , welche Schutz hinter den ſtädtiſchen Mauern ſuchen .",2545009,"Die Heldenzeit der Kreuzzüge begünstigt den Aufschwung der Republik , die unter dem Dogen Enrico Dandolo ( 1192—1205 ) nach der Eroberung von Constantinopel und Theilung des byzantinischen Reiches einen reichen Länderzuwachs , darunter die Ostküste der Adria , die Insel Candia und anderen Besitz erhält .",Late-Late,2
salzwasser,5080670,Man nimmt ſchoͤne gelbe Citronat-Aepfel / ſchneidet ſie in vier Theile / darnach die innern Faſen und das unſaubere Weſen heraus geſchnitten / dann legt man ſie in ein gutes Saltz-Waſſer / ſo wohl ſcharff gemachet / vier oder fuͤnff Tage / oder laͤnger ein / biß ſie ſich ſchoͤn durch freſſen / dann gieſſet man das Saltz-Waſſer darvon / und legt ſie in ein friſch Brunnen-Waſſer / daß es das Saltz-Waſſer wieder heraus ziehet / alsdann gieſſet man ſolches wieder herab / ſiedet ſie in friſchem Waſſer / daß ſie wohl weich werden .,5082326,Wilt du nun von obbeſagter Milch gebrauchen / ſo nimm drey Theil von dem Saltz-Waſſer / und einen Theil von dem Glaͤtt-Eſſig / miſche es zuſammen / ſo wird es zu einer Milch werden / wilt du es aber beſſer haben / ſo nimm ein wenig Salmiack und Roſenwaſſer darzu / mit dieſem kanſt du das Angeſicht waſchen / es wird dir auch alle Unreinigkeit und Flecken hinweg nehmen / und dein Geſicht rein und ſauber erhalten .,Early-Early,4
ziegenbock,4407653,"Die Chaldaͤer hatten den Loͤwen , die Perſer den Parder , die Griechen den Ziegenbock , die Roͤmer den Adler ꝛc .",4416913,"Dieſes Wappen hat 5 Helme ; der erſte hat 2 ſilberne Buͤffels-Hoͤrner mit gruͤnen Zweigen beſtecket , als der Heßiſche ; der andere iſt der Hirſchfeldiſche , und hat einen Pfau- Schwantz ; der dritte als der Ziegenhayniſche , hat einen ſchwartzen Ziegenbock mit ſchwartz und Gold getheilten Fluͤgeln ; der vierte als der Catzenelnbogiſche , zeiget 2 ſchwartze Fluͤgel mit Gold eingefaßt , darauf ein blau gecroͤnter Leopard ſtehet , der fuͤnffte iſt der Schaumburgiſche , und traͤgt zwiſchen zwey weiſſen oben mit Pfau-Federn gezierten Staͤben 5 Faͤhnlein mit dem Neſſel- Blatte .",Early-Early,4
windspiel,3887911,"Eines Abends , da ich mit demſelben aus einer Compagnie guter Freunde , da es ſchon ziemlich dunckel war , nach Hauſe ging , kam uns eine ſchwartz gekleidete Manns-Perſon entgegen , und ſtieß mich im Vorbeygehen mit einem Dolche in die Seite , lieff hierauf noch ſchneller , als ein Windſpiel ſort .",4417659,"Schiemer oder Retter ſind eine Art Windſpiele , welche , wenn der Haſe gefangen die andern davon wegbeiſſen , daß ſie ihn nicht zerreiſſen .",Early-Early,4
brunnenwasser,3928006,Von diſem Thal ſteiget man nicht ohne muͤhe obſich auf den Berg / findet an dem Wege / und erquicket die vom ſteigen muͤd gemachte Beine mit Cryſtall lauterem Brunnenwaſſer / welches man in zimlicher maß kan einſchlucken / ohne daß es dem Trinker ſchaden thut .,571661,"Die Unmiſch barkeit der Seiffe ſetze in Vergleichung mit anderen in der Natur und Chymia vorkommenden Begebenheiten / als da das Waſſer und Oehl ſich zwar unter einander mit Gewalt laſſen miſchen / bald aber / wann ſie in Freyheit geſetzet werden / ſich widerum ſoͤnderen / und jenes zwar nidſich fahret / diſes aber obſich ſteiget : inſonderheit aber dienet mir zu aufloͤſung gegenwertiger Natur-Geſchicht die aufloͤſung der Reſinarum , oder hartzichten Gummi im Brantenwein / und durch anſchüttung des gemeinen Brunnenwaſſers erfolgende Zuſammenrinnung der hartzichten Theilen an einen Klumpen / der ſich zu Boden ſenket / oder præcipitiret .",Early-Early,4
salzwasser,5080673,Wie man das Saltz-Waſſer hierzu bereiten ſoll .,3647939,"Wie wir bereits wiſſen , beſteht dasſelbe aus einer Kupfer- und einer Zinkplatte , welche ohne ſich zu berühren in Salzwaſſer oder angeſäuertes Waſſer eingetaucht werden .",Cross-Era,2
murmeltier,1270583,"Sonſt zahlt man vor ein Murmelthier , Zwey Mandel Naſen-Stuͤber , Doch kriegt ein Huͤpel-Junge hier , Noch ein paar Dutzend druͤber ; Drum ſperr dich kuͤnfftighin nicht mehr , Und ſprich , der Korb iſt fertig , So bleibeſt du bey deiner Ehr , Denn allzuſcharff macht ſchaͤrttig .",573880,Die Winterquartier der Murmelthieren in der Erden / der Gemſen aber unter / und an den Felſen .,Early-Early,4
salzwasser,5528218,"Eine der bekannteſten dieſer „ künſtlichen Kernſeifen “ iſt die nach ihrem erſten Herſtellungsorte benannte Eſchweger Seife , welche beim Sieden ausgeſalzen und , um ihr den hohen Waſſergehalt mitzuteilen , mit verdünnter Lauge und Salzwaſſer „ gefüllt “ wird .",3649292,"Eine der Springfluth ähnliche Erſcheinung ( Fig. 372 ) erhielt Planté , indem er die poſitive Elektrode dem Rande des mit Salzwaſſer gefüllten Gefäßes näherte , wenn gleichzeitig die negative Elektrode in die Flüſſigkeit tauchte .",Late-Late,4
grundfläche,4113003,Und wann es ein Spitz-Coͤrper waͤre / dieſe Flaͤchen werden den Coͤrper in lauter Schnitte zertheilen / deren Grundflaͤche werden unter einander und mit der Grund flaͤche des Kegels oder Eck-kegels gleichfoͤrmig und parallel ſeyn ; Und ſolche Schnitte nun / koͤnnen wir Elementa der Coͤrper nennen / und werden Untheilbar genennet / weil man ihre Dicke nicht mehr als theilbar betrachtet .,4113062,"Hieraus folget / weil man allerhand Eck- Kegel in triangulare Eck-Kegel theilen kan / daß allerhand Stuͤck Eck-Kegel kan zertheilet werden in drey andere Eck-Kegel die gebundener Weiſe ebenmaͤßig ſeynd in ratione laterũ homologorum , das iſt / in Verhaltnus ihrer correſpondenten Seiten / darvon der Erſte und letztere die zwo Grundflaͤchen des Stuͤcks fuͤr ihre Grundflaͤche haben / und gleiche Hoͤhe mit dem gantzen Stuͤck Kegel .",Early-Early,4
ruhestand,4934599,"Wenn alſo hinwiederum dieſe Entfernung des Penduli von ſeinem Ruheſtand bekannt iſt , welcher von dem Anſtoß einer Kugel , deren Schwehre bekannt , in einem gegebenen Punkt verurſachet worden , ſo laͤßt ſich daraus die Geſchwindigkeit , womit die Kugel darauf geſtoſſen , beſtimmen .",2102738,"Dieſelbe iſt dadurch geſichert , daß die Mitglieder des Rechnungshofes in Beziehung auf die Verſetzung in ein anderes Amt , über die einſtweilige und über die zwangsweiſe Verſetzung in den Ruheſtand , über Disciplinarbeſtrafung und über vorläufige Dienſtenthebung von den Vorſchriften des Reichsbeamten-Geſetzes vom 31. März 1873 ausgenommen und den richterlichen Beamten gleichgeſtellt ſind .",Cross-Era,4
stockwerk,1352544,"„ Das dringende Bedürfniß , bei der in Wien üblichen ſchnellen Bauweiſe die Ziegel in ſtets hinreichender Menge nach den Gerüſten der verſchiedenen Stockwerke zur Bearbeitung bereit zu halten , veranlaßte mich , über Verbeſſerung der bereits ſchon öfter in Gebrauch gekommenen Paternoſterwerke reiflich nachzudenken .",5407740,"Einige Stockwerke werden von Dämonen getragen ; dann folgen phantastische Thiere , Blumen- und Blatt-Zierrathen .",Late-Late,4
salzwasser,5076777,Die Prexen werden in Saltz-Waſſer abgeſotten / etliche ſieden ſie in Eſſig und Wein / man mag ſie ſieden wie man will / wann ſie geſotten / ſtreuet man gruͤn Peterſilien-Kraut daruͤber / und giebet es alſo trocken / mit einem Schuͤſſelein Eſſig auf den Tiſch .,2995548,"Man trennt die rothe Beere , welche die Grösse einer kleinen Kirsche hat , von dem sie umgebenden orangefarbigen Balg und conserviert sie in Salzwasser .",Cross-Era,2
leinöl,662427,"Die Waaren , welche man dahin ſendet , ſind , wenn wir etliche wenige Tuche und Galanteriewaaren ausnehmen , faſt nichts anders , als Weine : im Gegentheil verfuͤhret man aus Petersburg Juchten oder rußiſch Leder , Flachs , Hanf , Leinſaat , Leinoͤl , Pelz- oder Rauchwerk , Talg oder Jnſchlitt , Wachs , Hopfen , Eiſen , Kaviar und dergleichen mehr .",2546580,"Südfrüchte kommen aus der Türkei und Griechenland ( Einfuhr 1888 33.111 q ) , Harz , Pech und Colophonium aus England , Italien und Frankreich ( 1888 4562 q im Werthe von mehr als zwei Millionen Francs ) , Speiseöl aus Frankreich und Italien , Olivenöl aus der Türkei und Griechenland , Leinöl aus England .",Cross-Era,4
leinöl,2554957,Leinöl über Grossbritannien .,5528223,"Die Schmierſeifen werden allgemein aus Leinöl , Brennöl , Thran mit Kalilauge hergeſtellt .",Late-Late,4
sündenfall,109718,"Dazu iſt erſchienen der Sohn GOttes ( deſſen , als zugleich des Menſchen-Sohns Erſcheinung gleich nach dem Suͤndenfall verheiſſen war 1 B. Moſ. 3 , 15. ) daß er die Wercke des Teufels zerſtoͤre ( nemlich in allen , die ſeine glaͤubige Glieder werden ; damit er denn ſeine Erloͤſung in der Ordnung des Heyls zur rechten Application bringet . )",3551119,Davids Suͤndenfall III. 48 . und Ehe mit Bathſeba II. 607 .,Early-Early,2
mauerwerk,4992369,auf die alte Eiſen-Huͤtten geheſt / da liegt unter der Glaß-Huͤtten eine Bruͤcke / daruͤber kommſtu in Hartz / gehe allda fort / ſo wirſtu ein altes verwachſenes Mauerwerck finden / davon halte dich zur lincken Hand / etwan 2. Ackerbreit / ſo kommſtu zu einer Stein- Klippen / an derſelben gehe hin / u. ſ. f. biß du fuͤr 9. Stein-Klippen fuͤruͤber biſt / dann lehne dich an die Letztere / und ſiehe zur lincken Hand / ſo wirſtu etwan 3. Acker breit davon wieder eine Stein- Klippen ſehen / da gehe hinein / ſo findeſtu eine Fichten / die mit Reißig zugedeckt iſt / darunter iſt ein Loch / worinnen gediegen Gold iſt .,1352577,"Die Löſchbanken , Kalkkaſten , Hacken , Mollen , Schippen und Spaten und die Werkzeuge : Picken , Schälhammer , Maurerhammer , Kelle , Setzeiſen , Setzwage , Winkelholz , Reibebrett ( für den Decken- und Wandputz ) , Kartätſche , Weißpinſel , Sprengpinſel ( zum Bewäſſern des Mauerwerks ) , Schnürrolle , Fluchtſchnure , Bleiloth u. ſ. w .",Cross-Era,4
wortspiel,2204774,"Entweder weil ſie durch Bekanntmachung ihres Nahmens nicht Anlaß zu allerley Wortſpielen geben wollen , wozu ſelbige in Abſicht auf ihren Urſprung , Ton oder Bedeutung koͤnnten mißbraucht werden :",2004521,"Hörst du nicht , wie der Geist hier zum Wortspiel wurde ?",Cross-Era,2
ziegenbock,829941,"auch da iſt bei Affen wie Ziegenböcken ſchon unverkennbar vorgearbeitet , indem die Herrn entweder bloß den Bart beſitzen ( alſo wie bei uns ) oder ihn doch weit entwickelter zeigen als das Weib .",4094775,"Nun das Dritte , das war „ Bacchus auf dem Ziegenbock “ im Grünen Gewölbe und der ſich „ kratzende Hund “ von Peter Viſcher . “",Late-Late,2
mauerwerk,3559602,"Ganz besonders mache ich darauf aufmerksam , dass das Mauerwerk des Skaeischen Thors bei dessen Aufdeckung noch so merkwürdig neu aussah , als ob es erst ganz kürzlich errichtet worden wäre .",450519,"Im allgemeinen muſs der Windbehälter von einer Feuerung erhitzt werden , welche unabhängig von der durch den Luftstrom gespeisten Feuerung ist ; auch ist es im allgemeinen besser , daſs der Behälter mit seiner Feuerung in Mauerwerk eingeschlossen sei , durch welches die Windleitungsröhren gehen .",Late-Late,4
ziegenbock,829941,"auch da iſt bei Affen wie Ziegenböcken ſchon unverkennbar vorgearbeitet , indem die Herrn entweder bloß den Bart beſitzen ( alſo wie bei uns ) oder ihn doch weit entwickelter zeigen als das Weib .",1478507,"Thor fuhr auf einem mit Ziegenböcken bespannten Wagen und ihm wurden besonders Ziegenopfer gebracht , deshalb sieht auch der mittelalterliche Teufel einem Ziegenbocke ähnlich , hat Hörner , einen Bocksbart und ein haariges Fell , ja sogar den Bocksgeruch .",Late-Late,2
sonnenschein,3308532,"Es wurde ihm beinahe feierlich angenehm zu Muthe , und indem er in dieſem Gefühle ſo hindämmerte , entſchlief er wieder und erwachte erſt , als das ſchöne Landgebiet , in das er hinausſchaute , ſchon im vollen Sonnenſcheine lag und der Fluß weithin ſchimmerte .",4698331,"Wahrlich , wenn man die Welt ſo vor ſich ſieht im Sonnenſchein , und die harmloſen Thier- und Menſchengeſtalten darauf , man ſollte glauben , ſie ſei ein Eden , deſſen heitere Ruhe niemals durch das wüſte Geſchrei kämpfender Schaaren wäre geſtört , deſſen Fluren niemals mit argvergoſſenem Blute wären getränkt worden . “",Late-Late,4
grundfläche,4113052,"Als hier zum Exempel , wie AC gegen ED und zwar alſo / daß die aͤuſerſten von dieſen drey Eck-Kegeln / eben die Hoͤhe des vorgegebenen Stuͤcks haben / der eine aber mit der Grundflaͤche ABC . und der andere mit der Grundflaͤche EFD . der Erſte iſt hier ABCD. der andere AEBD . und der dritte EFDB .",4967326,Jeder der beiden Thürme iſt auf einer Grundfläche von 1590 Quadratmeter fundirt und beträgt der Druck auf dieſelbe pro Quadratmeter 71 Tonnen .,Cross-Era,3
stockwerk,1352917,"§ 59. Wo die Aufführung von vollem Mauerwerke Schwierigkeiten unterliegt , kann zur Abtheilung einzelner Localitäten in den Stockwerken zwiſchen je zwei feuerfeſten Abtheilungswänden die Errichtung einer Scheidewand , welche theilweiſe aus Holz beſteht , jedoch von beiden Seiten mit einem vollen Mörtelverputze verſehen ſein muß , dann bewilligt werden , wenn in der Nähe keine Feuerung angebracht wird ( Vorſchriften über Riegelwände ſiehe 1. Band d. Werkes Seite 145 ) .",5407740,"Einige Stockwerke werden von Dämonen getragen ; dann folgen phantastische Thiere , Blumen- und Blatt-Zierrathen .",Late-Late,4
ruhestand,3629824,"ſo bemuͤhete er ſich durch allerley Kuͤnſte , Beſtechungen und Verſprechen , den annaͤhernden Ruheſtand zu ſtoͤren und einen neuen Schauplatz von Blutvergießen anzurichten .",2104386,"Die Forderung beſteht ferner wenn auch in gemindertem Betrage fort , wenn der Beamte einſtweilig oder definitiv in den Ruheſtand verſetzt wird .",Cross-Era,4
eifersucht,774973,"Jalouſie , Mißgunſt und Eyferſucht , Neyd , Verdruß .",2319263,"Ein Schriftsteller der Zeit versichert uns , es gebe jetzt in Madrid so viele glänzende Talente und kühne Farbenkünstler , dass man mit ihnen viele Städte ja Reiche versorgen könne ; an Wettbewerb und Eifersucht konnte es also nicht fehlen .",Cross-Era,3
ruhestand,223242,§. 36. Endlich / wann unter vielen Jagenden das Wild nicht dem Verfolger / der es verwundet / ſondern demjenigen / der es zu erſt auffnimmt und bekoͤmmt / zuſtaͤndig gehoͤret / ſo erhellet leicht / wie ſich mancherley Leute balgen und ſchlagen wuͤrden ; ja wann man allgemeinen Ruheſtandes halben privat Leuten auch wohl gar das Jhrige nehmen kan / ſo mag man vielmehr deswegen dergleichen Perſonen an gemeinem Ort etwas zu thun verbiethen ; derowegen nun ſolchen Rechts undenckliche Verjaͤhrung und vielen hundert Jahren Erduldung benimmt denen Unterthanen das Recht darnach zu fragen / und befeſtiget im Gegentheil derer Fuͤrſten und Herren Recht / gleichwie eine ſonderbare Freyheit .,4659737,Ruhestand II 232 ; einstweiliger Ruhestand II 226 .,Cross-Era,2
eisenwerk,4415437,"Wird entweder uͤberhauͤpt das ſaͤmtliche zu einem Pferde-Zaum gehoͤrige , und von dem Sporer verfertigte Eiſenwerck , an Mundſtuͤck , Stangen und Kinnkette oder Kinnreif ; oder inſonderheit das ſtarck verzinnte , manchmal auch an ſtat des Zinns mit Bley oder Silber uͤberzogene , gantze oder gebrochene Stuͤcke Eiſen genennet , welches beym Aufzaͤumen dem Pferde in das Maul gegeben wird , ſolches damit zu baͤndigen ; in dieſem Verſtand heißt es auch das Mundſtuͤck , welches mit Fleiß nach des Pferdes Maul gerichtet , und nicht zu dick oder zu duͤnn , nicht zu weit oder zu eng , nicht zu hoch oder zu ſcharff ſeyn ſoll , damit das Pferd weder auf den Laden oder auf der Zungen geriſſen , noch im Maule damit irr gemachet werde .",1252066,Pfund Knuͤppels / 16. Kuͤh-Fuͤſſe und Stangen um die Galerie / alles Eiſenwerck / was zu dem Schiff- Boht / Schlup / Maſt-Korb / Eſelshoͤffen / auf die Maſten / Banden / zu den Stuͤhlen und Tappen / der Maſten / Spieckers / Bolten zu den Pforten und Hecken / ꝛc. auch an Kuͤchen-Geraͤht / wie es Nahmen haben mag / gehoͤret / nichts ausgeſchloſſen / als bloß die Schiffs-Ancker ; Ferner ſoll er alles Holtz / was benennet werden kan / und auf ein Schiff gehoͤret / als das Holtz zu den Lavetten / fertige Ancker-Stoͤcke / ſo viel als noͤhtig / die Planehl-Dehlen / Treppen / Sattel-Holtz auf die Maſten / Holtz zum Bildwerck / ꝛc. anſchaffen / item alles Werck / Ther und Pech / daneben alles Tiſcher- / Schmiede- und Bild-Hauer- Lohn / die Maſten einzuſetzen / ſolches will er alles zahlen / und noch dazu bey dem Schiff liefern 100. Fuß 4. und 3. zollige Eichene und hundert Fuß 3. zollige Eichene / und hundert Fuß 3. zollige Fuͤhrne Plancken .,Early-Early,2
kreuzzug,5465341,"Es ward aber zum Beſcheide gegeben , ſie ſtuͤnden unter dem Schutz des Apoſtoliſchen Stuhls , der auf den Kreuzzug nach Liefland eben ſo wol voͤllige Vergebung aller Suͤnden geſetzt habe , als auf die Walfart nach Jeruſalem .",5465350,"GOTT wieß aber dieſen Leuten durch den ungluͤcklichen Ausgang , daß es ſein Werk nicht ſey ; denn in dieſem , wie auch in den uͤbrigen Kreuzzuͤgen ging es ſo jaͤmmerlich ab , daß nach und nach wol ſechs tauſend mal tauſend Menſchen aufgeopfert wurden , und die Barbaren an denen Chriſten nur deſto bitterere Feindſeligkeiten veruͤbten .",Early-Early,2
sonnenlicht,4041060,Mein ſonnen-licht ward nie bedeckt mit finſternuͤſſen / Der himmel zog ſich ſtets mit lichten farben an / Und was die feder nicht aus ſchmertz hier ſchreiben kan / Das wird Arminde ſelbſt aus meinem weſen ſchlieſſen .,3300455,"So blikt das Sonnenlicht im Glanze , mit ſeinen heitren Anmuths-Schein .",Early-Early,4
tagewerk,1467942,"Hesiod , Tagewerke v. 108 etc .",2557174,"Der Umstand , dass ein grosser Theil der Londoner die Arbeitsstätte weit getrennt von der Wohnstätte hat , beeinflusst in doppelter Beziehung das Leben in dieser Stadt ; zunächst in Bezug auf die Eintheilung des Tagewerkes und dann in Bezug auf den Verkehr .",Late-Late,4
sonnenblume,5640919,So werd ich Sonnen-Blum ja mehr als Lotus ſeyn .,5168643,Die lehrenden Sonnenblumen 130,Early-Early,4
sonnenblume,4761478,"§. 3. Wer iſt groͤſſer als der HERR , er iſt wie die Sonne unter den Sternen , wie die Sonnenblum unter denen Margaritlein , oder kleinen Masbluͤmlein . Er iſt GOTT , alle Kraͤfften in der gantzen Natur und Creatur ſind geſchaffen durch ſeinen Willen ; O daß er nur groß und herrlich wurde in uns , wie waͤren wir ſo kleine Staͤubgen in unſeren Augen , wie erſtaunlich kaͤmen uns vor die Gnaden-Wunder , ſo der HErr in ſo gar kleinen , armen Wuͤrmlein wuͤrckt , daß er Sieg gibt uͤber Suͤnd , Tod , Teufel , Welt ; Daß es unmoͤglich iſt , daß ein Menſch groͤſſer , herrlicher , majeſtaͤtiſcher ſeyn koͤnne , als wann er dieſe Perle hat , er iſt uͤber alle Koͤnige und Kayſer weit erhaben , und iſt dieſer Perl Wuͤrckung , daß ſie Menſchen-Forcht vertreibt , und ſchaffet , daß man alles , was Geſchoͤpf heiſſet , nicht hoͤher und ehrwuͤrdiger haͤlt , als in ſo viel dieſe Perl dranſcheint .",1913621,"Und wie wir ſolche Sterne nennen ; So ſieht die Sonnen-Bluhm ’ auch Sternen-foͤrmig aus , Ja , wie die Sterne dort verſchied’ner Groͤſſe ſeyn , So trifft auch dieß bey Sonnen-Bluhmen ein , Jndem wir einige bey ihnen Jn angenemen , holden , gruͤnen , So wie wir dort in blauen Gruͤnden Von dritter , anderer und erſter Groͤſſe finden .",Early-Early,2
uhrwerk,2203124,"Selbſt das Uhr-Werck der Natur Wird mir , vor mein Seelen-Aug ’ , in der allgemeinen Welt Als ein ungemeſſnes Uhr-Werck anzuſehen vorgeſtellt : Worauf die Planeten Scheiben , und zugleich auch Zeiger ſeyn ; Als die uͤm den Mittel-Punct , uͤm der Sonnen Glut und Schein , Jn ſo unverruͤckter Ordnung , in ſo feſter Spur ſich drehn , Daß ſie , uͤm die Zeit zu zeigen , unaufhoͤrlich richtig gehn .",2587883,"Dieser machte ein Schiff von ¾ Ellen Länge , das durch ein Uhrwerk aufgezogen , auf dem Tisch herumfuhr .",Cross-Era,4
meerwasser,4618019,"Auf Amboina erhielt ich zwei lebende Exemplare , die einige Tage in einem grossen Gefäss mit Meerwasser lebend blieben , sie hielten sich aber ruhig am Grunde desselben und ich konnte keine andere Bewegung an ihnen wahrnehmen , als dass die sogenannte Kappe bald etwas mehr , bald etwas weniger weit einwärts vom Schalenrande sich befand .",4487326,"Dasselbe würde geschehen , wenn in die mit Tages- oder Meerwasser gefüllten Spalten aufsteigendes glühendes Magma eintritt .",Late-Late,4
zeughaus,552168,Zwey Sterne / deren krafft auf krancke hertzen flieſſet ; Zwey Lichter / ſo die Nacht der liebenden zerſtreun ; Ein offnes Paradieß / doch daß ſich ſelbſt verſchlieſſet Wenn die begierde will ſein reines Feld entweihn ; Ein Brunn / aus dem bald zorn / bald lieb u. hoffnung qvillet ; Ein ſchoͤnes wetter-glaß / das hitz und kaͤlte fuͤhlt ; Ein Koͤcher / der mit zorn und luſt iſt angefuͤllet ; Ein bogen / der niemals wohin vergebens zielt ; Ein Zeughauß / wo Geſchoß und Siegeswaffen liegen ; Ein Schloß / das in der hoͤh iſt in ein thal gebaut ; Ein thurm / an welchem ſich die Schiffenden vergnuͤgen / Wenn ihre Sehnſucht hier die liebes-ampel ſchaut ; Zwo kertzen / die der GOtt der lieb ’ in haͤnden traͤget / Wenn ſeiner Mutter wird ein Opffer abgeſchlacht ; Ein bild / das alle Welt faſt anzubeten pfleget / Und das die Schoͤnheit hat mit eigner hand gemacht ; Wir ſind ein koſtbahr Schiff / das reiche Ladung fuͤhret ; Ein Wechſeltiſch / auf dem ein blick dem Golde gleicht ; Ein Buch / das niemand noch hat gaͤntzlich ausſtudieret / Weil jede Sylbe da nach groſſer Klugheit reucht ; Die Schule / wo man lernt / die Schrifft der liebe kennen ; Das thor / bey welchem ſelbſt ein Engel wache haͤlt ; Zwey Schoͤpffer dieſer glut / in der viel tauſend brennen ; Zwey redner / deren Spruch der Maͤnner vorſatz faͤllt ; Zwey Jaͤger / welche frey in allen Waͤldern jagen ; Zwey Schuͤtzen / denen nicht ſo leicht ein Wild entgeht ; Zwo Schweſtern / welche ſtets nur eine Mode tragen / Die immer neu verbleibt und taͤglich netter ſteht ; Zwo braͤute die ein hertz und einen liebſten kuͤſſen / Und doch um deſſen gunſt nicht eiferſuͤchtig ſind ; Zwey ſpiegel / die doch nur ein bild zu zeigen wiſſen ; Ein ſpiel / bey dem man kaufft / verkaufft / verliehrt / gewinnt ; Zwo Kugeln / welche klein an groͤſſe / groß an ſtaͤrcke ; Zwo Uhren / welche doch nur ein gewichte zieht ; Zwey Kuͤnſtler / deren thun beruͤhmte wunderwercke ; Zwo Muſcheln / die man offt voll Waſſer-perlen ſieht ; Zwey Mahler / die ein bild am aͤhnlichſten entwerffen ; Zwey helden / die zwar viel doch einerley / gethan ; Ein Stahl den ſtumpffen Muht der liebenden zu ſchaͤrffen ; Ein Dittrich der die bruſt geſchwind’ eroͤffnen kan ; Wir ſind ein See-Compaß / dem der verliebten Menge / Als ihrem Fuͤhrer folgt ; doch dieſes ſchlechte blat Ja dieſe Welt iſt viel vor unſern ruhm zu enge / Die Welt / die ihren glantz bloß uns zu dancken hat .,642987,"Hingegen wenn es ihm wieder abgenommen , und im Zeughauſe beygeleget wird , ſo heißt es ein Schiff abtackeln , franz. Desagréer , holl. Ontaakelen , ſiehe Abtackeln .",Early-Early,4
salzwasser,3659647,Zink - Salzwaſſer - Kohle- Element 483,5528218,"Eine der bekannteſten dieſer „ künſtlichen Kernſeifen “ iſt die nach ihrem erſten Herſtellungsorte benannte Eſchweger Seife , welche beim Sieden ausgeſalzen und , um ihr den hohen Waſſergehalt mitzuteilen , mit verdünnter Lauge und Salzwaſſer „ gefüllt “ wird .",Late-Late,4
rehbock,2091085,( Beide hängen den Rehbock am Thürpfoſten auf ) .,2091348,"Papa hat’n Rehbock geſchoſſen , ja !?",Late-Late,4
zitronensaft,4640950,Dann gab ich ihr ſtarken Kaffee mit Citronenſaft und dann den Galläpfelaufguß .,2764884,"19. Citronenſaures Natron , hergeſtellt durch Neutraliſieren von Citronenſaft oder kryſtalliſierter Citronenſäure durch Soda , wird vornehmlich in der Zeugdruckerei benutzt .",Late-Late,4
zitronensaft,124028,Bronzebeschlag wird am zweckmässigsten mit Zitronensaft geputzt .,2764612,"Zur Neutraliſation ſaurer Löſungen , wie angeſäuerter Bäder , Citronenſaft u. dergl. ; zur Löſung der in Waſſer unlöslichen Alizarinfarben , ſowie zur Bereitung des Thonerdealuminats ; für letztere beiden Zwecke darf die Natronlauge kein Eiſen enthalten ; ſie muß für dieſe Fälle geprüft werden .",Late-Late,2
ziegenbock,1932696,"Wenn ein junger Menſch einmahl ein Liebes- Finckgen bekommt , den wird es nicht ſo verdacht , als wenn ein alter Ziegenbock Luſt dazu bekommt .",3622115,"denn er zog ſich zuruͤck , wie ein ſtoßender Ziegenbock , bloß um ſeinen Feinden einen deſto heftigern Streich zu verſetzen .",Early-Early,2
zeughaus,2664524,"Allhier iſt ein groſſer Saltz-Handel , wie auch ein gutes Zeughauß .",9485,"Eine Stelle in einer alten Passauer Chronik , welche uns Leber in seinem Werke : „ Das kaiserl. Zeughaus zu Wien mitteilt , berichtet , daſs die Passauer Klingenschmiede das Wolfszeichen 1349 durch Albrecht den Lahmen erhalten hätten .",Cross-Era,2
meerwasser,3928072,Diſere halb-Geographiſche und halb-Chymiſche Gedanken geben mir anlas zu folgendem Vernunft-urtheil / daß die ſalzichten Meerwaſſer durch unterirdiſche Gaͤnge aller Orten hinflieſſen in die Eingeweide der Erden / hoͤher aber nicht ſteigen koͤnnen als das Meer ſelbs iſt / folglich nicht einmal unter der Erden koͤnten hinkommen zu den wurzlen unſerer Schweizeriſchen Gebirgen / wil geſchweigen / auf die Spitzen derſelben / ſo daß alle unſere Lande des Waſſers manglen muͤßten / wann nicht die wunderbare / Allweiſe Guͤte Gottes in denen inneren Kammeren der Erden angezuͤndet hette ein brennendes / oder ſonſt waͤrmendes Feuer / welches die Waſſer verwandelt in Duͤnſte / durch hole Kluͤften auftreibet zu der Oberen / und oberſten Erden Rinde / ja auch in die Luft ſelbs / wo ſie nicht hinderhalten / und in Waſſertroͤpflein verſamlet werden / durch beſchloſſene Felſichte Helme / mit denen inſonderheit verſehen die jenigen hoben Gebirge / welche vil Waſſer von ſich geben / wie zum Exempel koͤnnen dienen die ob Flims in Puͤndten ſtehende Stein Gebirge / und haͤuffige in dem Dorff Flims ſelbs hervor flieſſende Brunn und Bachquellen / von denen anderſtwo zu reden ſeyn wird / ꝛc.,3172561,"Hingegen iſt das meerwaſſer am ſchwereſten , mithin traͤget es auch am ſchwereſten , iedoch traͤget wohl ein ſtrom ſchwerer als der andre .",Early-Early,2
stückwerk,2945680,"Der HErr mache denn mich und dieſe in dem Heyland geliebteſte Freunde recht treue , der Gnade bis ans Ende zu folgen , ſo werden wir in jener frohen Zeit , wenn das Stuͤckwerk aufhoͤren , und das Vollkommene kommen wird , gewiß ganz anders von denen groſſen und ſeligen Thaten der Gnade reden , und in einer triumphierenden Gluͤckſeligkeit uns uͤber die liebreiche Gnadenfuͤhrungen des Heylandes mit allen vollendeten und verklaͤrten Seelen in Ewigkeit erfreuen .",897301,Die Reform blieb Stückwerk und erregte nur den Groll der Handwerker .,Cross-Era,4
wortspiel,5503634,"Solche giengen uͤber die Kunſt zu leſen , uͤber die Beywoͤrter , die gleichguͤltigen Woͤrter , die verſchiedenen Arten der Wortſpiele , die Phantaſieſpiele , die Anbauung der Einbildungskraft in Anſehen der Poeten , uͤber das Phoͤbus , die Fabeln , und dergleichen .",3132744,"Ob die Auferſtehung Chriſti in den Augen des Ordinarii kein Wunder iſt ( welche paradoxe Rede nicht beſſer entſchuldiget werden kan , als wenn man ſie ein Wortſpiel nennet , ) ſo iſt doch das Zeugniß von ſolcher Auferſtehung das eigentlichſte Stuͤck des Apoſtel-Amts , Apg. 1 , 22. c. 2 , 36. c.4 , 33. ꝛc .",Early-Early,4
triebwerk,4601800,"Soll Tomlinſon , ſollen dieſe Weibsleute angenommen und beſchaͤfftiget , ſollen ſo viele Triebwerke mit unſaͤglichen Koſten in Bewegung gebracht ſeyn : und das alles umſonſt ?",5516957,"Er iſt aus zwei Teilen zuſammengeſetzt , nämlich einem Rade N , das ſich um eine Achſe ſehr leicht drehen läßt und einer ſehr feinen Spiralfeder aus Stahl , einer viel zarteren , als diejenige bei A , die man als Triebwerk benutzt .",Cross-Era,4
kreuzzug,3171575,"Daher es gekommen iſt , daß ein und andere bauerguͤter einigen vorzug haben ; immaſen zu den kreuzzuͤgen die guts-herren geld noͤtig hatten , in ſelbigen gar verſturben , die bauern entlifen , oder ſich der iren herren ſchuldigen pflichten und gerechtigkeiten entzogen , folglich ſich frei machten ; auſſer dem die guͤter mit freien leuten bei ermangelung der leibeigenen , auch wohl beſezet wurden , mithin dergleichen inhaber die guͤter unter erleidlichern ſo wohl ertraͤglichern umſtaͤnden erhilten , Boͤhmer de iurium innouatione per expeditiones cruciatas , cap. II. § 9 , von Voltaire in den kleinern hiſtoriſchen ſchriften ſ. 243 .",684004,"Zu gleicher Zeit von zwei Seiten unaufhörlich bekämpft und bedrückt und zertreten — von den orthodoxen Serben und von den stets jedem Wink des römischen Papstes gehorsamen Ungarn — , die blutigen Opfer also eines ununterbrochenen zwiefachen Kreuzzuges , hielt dieses kleine Volk an seinem Glauben durch Jahrhunderte fest ; die Gräber seiner bogumilischen Helden zieren noch heute die Bergesspitzen , wohin die Leichen , der zu befürchtenden Schändung wegen , hinaufgetragen wurden .",Cross-Era,4
hausstand,3419516,"Die Verwaltung des Hausſtandes bleibet freilich die Hauptpflicht und Beſchaͤftigung unſeres Geſchlechtes : ſolche zu verſaͤumen , oder auch nur nachlaͤſſig zu beobachten , iſt demſelben allemal eine groͤſſere Unehre , als alle Scharfſinnigkeit und Gelehrſamkeit erſetzen kann .",657441,"Endlich haben Aeltern und Vormuͤnde noch ( 9 ) auf den kuͤnftigen Handelspatron zu ſehen , und zwar a ) auf deſſen Perſon , immaßen es unter Kaufleuten nicht an ſolchen fehlet , die entweder ihren Dienſtboten ſo uͤbel und unvernuͤnftig begegnen , daß ein jeder billig Bedenken traͤgt , ihm ſein Kind anzuvertrauen ; oder die den Jhrigen nicht mit guten Beyſpielen vorgehen : b ) auf deſſen Handlung ſelbſten , ob darinnen was rechtſchaffenes zu lernen ſey , oder nicht ; und c ) auf deſſen Haushaltung oder Hausſtand , ob naͤmlich die Hausfrau wiſſe , was dem Geſinde gebuͤhret ; ob Friede und Einigkeit zwiſchen Mann und Weib , und auch dem Geſinde ſey ꝛc .",Early-Early,4
stückwerk,1210625,"An manchem zu seiner Zeit durch die ganze Welt verbreiteten Aberglauben , welcher später zu einem christlichen Dogma umgestaltet ward , geht er lächelnd vorüber , wie er z. B. von den Engeln meint , man habe » nie keins gesehen « ( Col. II , 18 ) und solle sich nicht durch solche Vorstellungen » das Ziel verrücken lassen « ; er gesteht auch freimütig : » unser Wissen ist Stückwerk ; wir sehen jetzt wie in einem Spiegelbild nur Rätselhaftes « ( I. Cor. XIII , 9 , 12 ) , und darum kann es ihm auch gar nicht einfallen , seinen lebendigen Glauben in dogmatisches Stückwerk einzuschrauben : kurz , Paulus war noch ein freier Mann gewesen .",2869448,"Es entſtand die Frage : Sollte das Stückwerk , das man vorderhand in Angriff nahm , als eine Erfüllung des alten Verſprechens gelten ?",Late-Late,2
trauerspiel,5503423,"Ein halb mit Pikelſchertz vermengtes Operettchen , Ein ſtinkender Roman von raſenden Chryſettchen , Ein geiles Myrthenlied , und ein nach dem Adon Des uͤppigen Marin erbauter Venusthron , Der der Geliebten Schoos bis auf den Grund entdecket , Und Buͤſch und Bruͤnnen draus , und Vogelneſter hecket ‒ ‒ ‒ ‒ ‒ ‒ ‒ ‒ Ein rohes Trauerſpiel , in dem die Regeln fehlen , Und ſo viel Schnizer faſt , als Sylben ſind , zu zehlen ; Ein Brief , den Adam ſchon der Eva zugeſandt , Da beyde dazumahl doch keine Schrift gekandt ; Ein kreiſſendes Sonnet , das mit dem Tode ringet , Und der Gedanken Rad , ſo wie die Reimen zwinget , Und ein nach Poͤbelart geprieſner Buhlerblick Jſt oft bey dieſer Zeit das groͤſte Meiſterſtuͤck .",2856691,"Das wird manchen weg und umweg kosten ; es scheint sogar geraten , zunächst einen holzweg einzuschlagen , weil in der litteraturgeschichte die holzwege die betretensten zu sein pflegen . die komödie ist viel verständlicher als die tragödie : fangen wir mit ihr an . das muſs dem modernen doch sehr aussichtsvoll erscheinen . denn wir sehen mit recht trauerspiel und lustspiel nur als zwei arten derselben gattung , der dramatischen poesie , an . darin sind uns die peripatetiker vorangegangen , und logisch ist es gewiſs . nur hat es für Athen keinen sinn . dort konnte zwar der gröſste philosoph , zugleich der gröſste dichter , auf den gedanken dieser einheit kommen , aber selbst er lieſs es nur in der vorgerücktesten weinlaune aussprechen . in der praxis waren komödie und tragödie zwei so grundverschiedene dichtungsgattungen , daſs es gleich ungeheuerlich erschien , Aristophanes eine tragödie , Agathon eine komödie dichtend zu denken ; woran nichts geändert wird , auch wenn in den zeiten des verfalls geringere leute diesen versuch gemacht haben , wie z. b. von Timokles feststeht . für Athen ist das dramatische etwas accessorisches sowol in der komödie wie in der tragödie . die übergeordnete gattung könnte nur dionysisches festspiel heiſsen , wo dann aber sofort der dithyrambos als dritte gleichberechtigte art hinzutreten und diesen versuch einer definition unbrauchbar machen würde . für uns ist das dramatische entscheidend , ist aber auch die sonderung in tragödie und komödie eine inhaltsleere concession an die antike , welche nur zu der annahme von bastardgattungen wie des s. g. schauspieles oder dramas führt . wir wissen also im voraus , daſs wir zum ziele über die komödie nicht kommen können ; aber bei wege dürfte doch manche wichtige belehrung abfallen .",Cross-Era,2
uhrwerk,479919,"So will der himmel doch ein uhrwerck aus mir machen , Wo der gedancken lauff an ſtatt der raͤder iſt .",6068559,"14. 15. ) 2. Uhrwercke und Compaſſe mit guͤldenen Gehaͤuſen , und ſtarck mit Steinen beſetzt , worinnen zu oberſt die Magnet-Nadel befindlich .",Early-Early,4
seewasser,648124,"Ja wie das Seewaſſer dem Fließwaſſer an Guͤte gleich koͤmmt , ſo thut es ſolches auch am Nutzen. d )",4211101,"Dieſer Deckel iſt an dem Fiſche , der in der Schale wohnet , veſte gemacht , ſo daß dieß Thier , wenn es ſich tieff in ſein Haus hinein begiebet , den Deckel nach ſich ziehet , und das Loch der Schale oder die Oeffnung dermaſſen genau verſchließt , daß kein Troͤpflein Seewaſſers hinein zu tringen vermag .",Early-Early,2
sonnenschein,4066292,"O Maitag , Sonnenſchein und Blüthenregnen , Noch heut muß ich euch tauſendfältig ſegnen !",4929046,"Es war Prachtwetter , aber ſcharfe Luft , ſo daß man trotz Sonnenſchein fröſtelte .",Late-Late,4
rehbock,5100728,"Nämlich : in ſolche Paſteten thut man das Allerbeſte hinein : Rebhühnlein , Faſanen , Spanferkeln , Knödl mit Sauerkraut , Haſen , ganze Rehböck und oft die beſten Süßigkeiten mit allerhand Obſt und geſchnittene Nudel dazu mit chineſiſchem Pfeffer .",2543585,In einer Winternacht hatte der Schnellzug einen Rehbock überfahren .,Late-Late,4
windspiel,4639555,"Bei dem letzten Worte blickte er auf das Windſpiel , welches neben meinem Pferde hertrabte ; ich war ſo vorſichtig geweſen , es mittels einer Leine an meinen Steigbügel zu binden .",1093229,"Auch die Erfahrungen der Thierzüchter sind dieser Vermuthung nicht günstig , denn bei Rennpferden , Windspielen und Cochinchinahühnern bleibt das Zahlengleichgewicht der Geburten ungestört , obgleich die strengste Polygamie herrscht .",Late-Late,1
mauerwerk,3947296,"Fuͤrnehmlich gedencket bevtervs l. c. daß die Alanen Sagunt zerſtoͤhret gehabt , von deſſen praͤchtigen theatro nur einiges Maurwerck ſtehen geblieben , davon der Ort den Namen Murovieio , itzo Morviedro bekommen .",4862416,"Die Stein-Eule iſt der Horn-Eule in allen gleich , auſſer , daß dieſelbe nicht wie jene ſich in hohlen Baͤumen aufhaͤlt , ſondern lieber das alte Mauerwerck zu ihrer Wohnung aufſucht .",Early-Early,2
mauerwerk,1355287,"Zweckmäßig iſt es , den Sturz mit dem Mauerwerk zu verankern .",2461735,Die Sandfüllung zwischen dem inneren und äuſseren Ofen war zum Schutze des Mauerwerks vor Hitze wie vor Feuchtigkeit sehr zweckmäſsig .,Late-Late,2
brunnenwasser,5083046,"Nimm 2. Maas Spiritus vini 4. Loth Zimmet und halb ſo viel Naͤgelein / Moos und Cardomoͤmlein jedes 1. Loth / laſſe es 24. Stunden oder nur eine Nacht uͤber dem Spiritu vini ſtehen / alsdann 4. Pfund guten Zucker / in anderthalb Maas Brunnenwaſſer zerlaſſen / und uͤber das Feuer geſetzt / aber nicht eher abgeſchaumet / biß der Zucker clarificirt iſt ; hernach ein halb Cochenillen oder grana Kermes im Moͤrſel klein geſtoſſen / 14. oder 15. Tropffen Olei Tartari darein getroͤpffelt / und ferner des beſten Spiritus vini ſo viel zur Ausziehung genug iſt / darzu gegoſſen / ſo wird es innerhalb 24. Stunden eine ſchoͤne Tinctur geben / den Ros Solis darmit nach Belieben zu faͤrben / weiter nimm 4. Gran Ambra gryſea , 4. Gran / Moſohus reibe beydes mit ein klein wenig Zucker-Candi unter einander / thue es in ein Glaͤslein / und geuß darauff 1. Loͤffel voll Spiritus Roſarum / laſſe es auch 24. Stunden ſtehen / miſche es mit dem Ros Solis und laſſe es durch ein ſauber Tuch lauffen .",2245349,"Nehmet 3 viertel Pfund klein geraſpelt Hirſchhorn , thut es in einen neuen Topff , gieſſet helles Brunnenwaſſer drauf , und laſſets eine halbe Stunde ſtehen .",Early-Early,4
ziegenbock,4431971,Allhier ſind die Grammatici Streitbare Ziegenboͤcke .,2584861,"Oder : Nimm geläuterten Honig , frischen Harn vom Ziegenbock , Alaun , Borax , Olivenbaumöl und Salz , und nachdem du diese gehörig gemischt hast , tauche das Eisen hinein und lösche es ab ( idem ) .",Cross-Era,4
uhrwerk,4044332,Kein uhrwerck ſtimmt ſo gut / als wort und thaten ein .,101356,"7. Wenn nun der Menſch ſoll und kan ſeine Zunge im Zaum halten , wo wollen denn heute zu Tage die falſchen Philoſophi mit ihrem Mechaniſmo bleiben , welchen ſie auch auf alle willkuͤhrliche Bewegungen und Handlungen des Leibes extendiren , und ſtatuiren , daß die Seele damit gar nichts zu thun habe , ſondern daß ſie alle von ſich ſelbſt kaͤmen nach den Mechaniſchen Geſetzen der Bewegung , und daß der Menſch gleichſam wie ein Raͤdlein an dem groſſen Uhrwercke des gantzen Welt-Gebaͤudes ſey , und an ihm nach Leib und Seele alles unwandelbarer und nothwendiger Weiſe geſchehe ?",Early-Early,2
hausstand,657441,"Endlich haben Aeltern und Vormuͤnde noch ( 9 ) auf den kuͤnftigen Handelspatron zu ſehen , und zwar a ) auf deſſen Perſon , immaßen es unter Kaufleuten nicht an ſolchen fehlet , die entweder ihren Dienſtboten ſo uͤbel und unvernuͤnftig begegnen , daß ein jeder billig Bedenken traͤgt , ihm ſein Kind anzuvertrauen ; oder die den Jhrigen nicht mit guten Beyſpielen vorgehen : b ) auf deſſen Handlung ſelbſten , ob darinnen was rechtſchaffenes zu lernen ſey , oder nicht ; und c ) auf deſſen Haushaltung oder Hausſtand , ob naͤmlich die Hausfrau wiſſe , was dem Geſinde gebuͤhret ; ob Friede und Einigkeit zwiſchen Mann und Weib , und auch dem Geſinde ſey ꝛc .",3872800,"Die muſikaliſche Soiree bei Gieshübler hatte Mitte Dezember ſtattgefunden , gleich danach begannen die Vorbereitungen für Weihnachten , und Effi , die ſonſt ſchwer über dieſe Tage hingekommen wäre , ſegnete es , daß ſie ſelber einen Hausſtand hatte , deſſen Anſprüche befriedigt werden mußten .",Cross-Era,4
leinöl,4208952,"Die Europaͤer machen es in einem Moͤrſel mit Leinoͤl an , und daraus , nachdem ſie es genugſam geſtoſſen , eine Maſſa , die ſie nach Franckreich verſenden , woſelbſt es gebraucht , und das Wachs , wenn es zu blaß iſt , gelb damit gefaͤrbet wird .",4213049,"DJß iſt eigentlich zu reden , ein Praͤcipitat , den man aus dem Laſurſtein , vermittelſt eines Teigs oder Paſta von Schmierpech und gelben Wachs , Leinoͤl , und andern dergleichen Dingen gemacht , bereitet .",Early-Early,4
bildhauer,4989255,"Bey Streitberg im Burggraffthum oberhalb Gebuͤrgs liegt Wuͤſtenſtein / wenn man von dar nacher Truppach gehet / findet man eine Art groſſer und kleiner Steine / deren etliche gar viel Pfund ſchwer ſeynd / auf freyem Felde / auf deren Superficie , ſo breit als ſolche iſt / die alleraccurateſte und netteſte Form einer Schnecken-Windung zu ſehen / eben als ob ſie durch kuͤnſtliche Hand eines Bildhauers zubereitet worden / und wann man etwas oben davon herabſchlaͤget / ſo zeiget ſich unter derſelben eben dieſe Figur in ihrer Proportion wieder / ſo daß auch hieraus die wundervolle Weißheit des Schoͤpffers erhellet .",3864039,"Da vernahm man , wie Bildhauer Wichmann aus Berlin , der die lebensgroße Statue der Kaiſerin ausführte , gerührt , entzückt erzählte : der Kaiſer habe bei Beſichtigung der Arbeit ausgerufen : » Ja , ja , das ſind die edlen Züge meiner Matuſchka ( Mütterchen ) — das iſt das klaſſiſche Profil meiner Alexandra , der herrliche Nacken …",Cross-Era,2
windspiel,963312,"Es iſt bekant , daß ein Windſpiel den Fuchß nicht beiſſen will , weil ſolcher das Windſpiel leicht lahm zu beiſſen pfleget , daß es gar abgeſchaffet werden muß ; Hat man alſo hier eine Art Zwitter , welche hierzu abſonderlich angefuͤhret werden , und eine ſonderliche beyßigte Art von Natur an ſich haben .",2205775,"Das Windſpiel hat im rauhen Geklüft ſein Beinchen gebrochen , auch eine innere Verletzung erlitten .",Cross-Era,4
zitronensaft,2247276,"Beym Anrichten druͤcket Citronenſafft hinein , ſo kan es aufgetragen werden .",2247674,"Ihr duͤrffet hier keinen Citronenſafft drein druͤcken , ſo ſind ſie fertig .",Early-Early,4
feuerwerk,4284963,"Und wäre dies winzigſte Fünkchen Zufall nicht geweſen , ſo hätten wir oben ein ganz anderes Feuerwerk erhalten !",2329899,Dann wieder gab es ein Feuerwerk .,Late-Late,4
grundfläche,4113052,"Als hier zum Exempel , wie AC gegen ED und zwar alſo / daß die aͤuſerſten von dieſen drey Eck-Kegeln / eben die Hoͤhe des vorgegebenen Stuͤcks haben / der eine aber mit der Grundflaͤche ABC . und der andere mit der Grundflaͤche EFD . der Erſte iſt hier ABCD. der andere AEBD . und der dritte EFDB .",5512798,"Fragt man , welchen Betrag G · h eines Fallhammers haben muss , um einen vorgeschmiedeten und dabei bis zur Kirschrothhitze abgekühlten Gegenstand von F qmm Grundfläche in ein Gesenk zu schlagen , wenn das Verdrängen längs dieser Fläche im Mittel e = 2 mm beträgt , so enthält man nach Gl. 128 :",Cross-Era,2
streitsache,3475480,"Es regierte damahls zu Rom nach Adriani Hintritt / Johannes VIII , der An. 873. zur Paͤbſtlichen Wuͤrde kommen war / ein Mann von ziemlich guten Gemuͤth / aber ſehr opiniatre und eigenſinnig / dabey auch etwas grauſam ( wie ihn ein alter Scribent nennet ) welches er in der Streitſache mit den Patriarchen zu Conſtantinopel ziemlich ſehen lieſſe .",1284213,Denn der König kann Billigkeit walten und die Streitsache ex aequitate entscheiden lassen .,Cross-Era,2
seewasser,4615649,"Schnepfen und Strandläufer ; hier scheint in den Namen Verwirrung zu herrschen ; shingi ( sigi ) , von Medhurst als Schnepfe erklärt , ist nach mehreren Bilderbüchern eine Art Strandläufer , mit nicht besonders langem Schnabel , im Wasser watend , nach der Umgebung zu schliessen , bald Süss- , bald Seewasser ; in der Encyclopädie dagegen ist der Vogel dieses Namens im Flug abgebildet , mit grossem Kopf und starkem Schnabel , als ob er sich eben in’s Wasser herabstürzen wollte , was nur auf einen Eisvogel passt , dazu mit feingeschecktem Gefieder und verhältnissmässig gross , also vielleicht Alcedo lugubris Schlegel .",6107559,"Ich mußte aufſtehen , um mir ihn ſelbſt aus den Waſſerfäſſern an Deck zu holen , wenn auch der kalte Wind mich eiſig durchſchauerte und ich von überſpritzendem Seewaſſer durchnäßt in meine Coje zurückkehrte .",Late-Late,4
wunderwerk,1713746,"Die mancheſterliche Nationalökonomie betrachtete von ihrem technologiſch-individualiſtiſchen Standpunkte aus die Arbeitsteilung als eine Art Wunderwerk , als eine präſtabilierte Harmonie , in die ſich die ſelbſtändig und iſoliert gedachten Individuen unbewußt oder gelockt durch die Vorteile des Tauſchverkehrs gleichſam willenlos einfügen .",2558151,"Um den ganzen Firth ziehen sich viele Niederlassungen hin , auch wird derselbe in seiner ganzen Ausdehnung von Eisenbahnlinien umsäumt ; ja im Hintergrunde der Bucht erregt ein Wunderwerk moderner Technik , die grosse Eisenbahn-Forthbrücke , unsere ganz besondere Aufmerksamkeit .",Late-Late,2
schauspiel,4462336,"Wenn ich ans Fenſter und nach der nächſten Gaslaterne hinüberſehe , kann ich mich nur ſchwer von dem ſchönen Schauſpiel losreißen ; von allen Naturerſcheinungen bringt der Schneefall ( vom warmen Zimmer aus geſehen ) die behaglichſten Bilder und Traumminuten mit ſich .",1310579,"„ Es ist Etwas daran , antwortete der Gewissenhafte und legte den Finger an die Nase , es ist Etwas an diesem Schauspiele , das meinem Gewissen sogar wohlthut .",Late-Late,4
tagewerk,3307356,"Als dieſer Strahl ſorgfältig auf die Tortur geſpannt war , wollte Reinhart ungeſäumt ſein Tagewerk beginnen , nahm Papier und Bleiſtift zur Hand und guckte hinein , um da fortzufahren , wo er geſtern ſtehen geblieben .",520155,"Das iſt der Gruß und Gegengruß auf dem Gebiete der Wiſſenſchaft , die brüderliche Genoſſenſchaft , die wechſelſeitige Handreichung bei dem gemeinſamen Tagewerke .",Late-Late,4
grundfläche,3655431,Der im Mittelpunkte der Membrane mit dieſer verbundene Kupfercylinder K ragt einige Millimeter weit in das Glasrohr hinein und ruht mit ſeiner etwas ausgehöhlten Grundfläche auf der erſten der ſechs Kohlenkugeln in dem Rohre auf .,1601313,"Die Projektion der Fläche nach der Windrichtung beträgt einschlieſslich der Flächendicke über 1/10 ihrer ganzen Grundfläche und dennoch schiebt der Wind die Fläche nicht zurück , indem der Hebel bei schwachen Pendelbewegungen die vertikale Lage behauptet .",Late-Late,3
stückwerk,2873015,"Gleich nachher baten Deſſau und Bernburg um die Aufnahme einiger Aemter in die Zollgemeinſchaft und empfingen , auf Motz’s Betrieb , die Antwort : mit ſolchem Stückwerk ſei nichts gethan ; wollten die Herzöge mit ihren geſammten Gebieten beitreten , ſo würde man ſie willkommen heißen .",2856976,"es redet durch sie das fühlen und denken eines ganzen volkes , und die zeit , wo sie blüht , ist ihres volkes blüte . die ganze geschichtliche entwickelung der Hellenen strebt auf diese zeit zu , die ganze entwickelung der hellenischen poesie strebt auf die tragödie zu . somit ist sie nicht nur ein geschichtliches object von ganz einziger bedeutung , sondern es wird auch jede theoretische untersuchung nicht bloſs der dramatischen sondern überhaupt aller poesie jämmerliches stückwerk sein , wenn sie nicht die attische tragödie verstanden hat . das kann sie nicht aus sich , würde sie selbst beim besten willen nicht können . die philologie aber verwirkt das recht , kenntnislose hoffart und flache geistreichigkeit zurückzuweisen , wenn sie nicht ihre pflicht erfüllt und das rechte , das geschichtliche verständnis der philosophischen betrachtung übermittelt , auf daſs diese dann in voller freiheit damit schalte . weil er ( wie zu unterschiedlichen anderen schätzen ) zur attischen tragödie allein die schlüssel führt , werden poesie und philosophie in alle ewigkeit des philologen nicht entraten können .",Late-Late,2
meerwasser,1128106,Sie waren zum Teil durch den Sturz und das Meerwaſſer beſchädigt .,1597209,Man ist damit sparsam und hilft vielfach durch Destillation von Meerwasser nach .,Late-Late,4
sonnenschein,5949385,"Es lag auf Wegen fern und nah Der Sonnenſchein , der Sonnenſchein des Glücks .",4616239,"Eidechsen waren trotz des intensiven Sonnenscheins nicht zu erblicken ; dagegen ertönte lautes Froschgequak aus den Pfützen , und die Urheber desselben stellten sich bald als die von China bis zu den Philippinen verbreitete Rana vittigera Wiegm . heraus .",Late-Late,4
murmeltier,3973923,Das Murmelthier .,3929891,Es bekraͤftigen diſes urtheil auch die Murmelthiere / oder Munken / deren vil auch diß jahr ſollen an gleicher Krankheit tod gefunden worden ſeyn .,Early-Early,4
brunnenwasser,3928006,Von diſem Thal ſteiget man nicht ohne muͤhe obſich auf den Berg / findet an dem Wege / und erquicket die vom ſteigen muͤd gemachte Beine mit Cryſtall lauterem Brunnenwaſſer / welches man in zimlicher maß kan einſchlucken / ohne daß es dem Trinker ſchaden thut .,3929878,"Und gewahre endlich bey anlas diſer / und vilen dergleichen hin und wider im Schweizerland befindlichen Waſſeren / welche gleichwol dann und wann nahmhaft machen werde / daß der Mineraliſchen Heilwaſſeren Gebrauch von einer gewiſſen fatalen mode geregiert wird ; Es ligt hier und da eine koſtliche Quell / oͤde / und unbeſucht / etwan wegen entfehrnung / und einſamkeit des Orts / oder weil ſie einen allzuarmen / allzureichen / oder ungeſchikten / oder eigenſiñigen Beſitzer hat / oder weil es jezund nicht die mode iſt / dahin zugehenthingegen kan eine andere Quell bey anlas einer außgeſtreuten Wundercur / oder in Truk gegebenen hochtrabenden Beſchreibung in aufnemmen kommen / und groſſen zulauff erhalten / welche gleichwol keinen Vortheil hat vor anderen Waſſeren / als eine ſchoͤne ſituation , nebſt guter Schnabelweid / oder nicht mehr Mineralien in ſich hat / als ein gemeiner in allen Staͤtten / und Doͤrfferen befindlicher Brunn / oder nicht mehrere kraͤfte / als die von der Einbildung herꝛuͤhren / und in allen gewaͤrmten See-Fluß- und Brunnenwaſſeren zufinden ſeyn .",Early-Early,3
feuerwerk,2329910,"Auch Karl Büttner war von Wörmsbach herübergelaufen , um ſich das Feuerwerk mit anzuſehen .",4923652,"Aber doch nicht wahrſcheinlich , Friedrichsfelde gehört nicht in die Reihe der Vororte , wo Feuerwerke ſozuſagen auf dem Programm ſtehen .",Late-Late,4
meerwasser,5091696,Zum Beſchluß uͤberlaſſe dem verſtaͤndigen Leſer zu urtheilen von deren Meynung / welche ein Geheimniß darinn ſuchen / daß dergleichen Brünnen flieſſen von einem H. Kreuztag zu dem anderen / namlich von Kreuzerfindung bis zur Kreuzerhoͤhung / da nicht zu laugnen / daß etwann von ohngefahr ein Meybrunn kan anfangen flieſſen an dem Tag des erſten / und aufhoͤren an dem letſten Feſt ; oder von des Paracelſi Einbildung / daß diſere Waſſer im Herbſt / wann andere Kraͤuter verwelken / auch verſchwinden ; oder von Thomæ Aquinatis traumung / daß die himmliſchen Einflüſſe ſolche Quellen im Winter nicht auß der Tieffe in die Hoͤhe heben koͤnnen : oder von denen / welche wollen / daß die Waſſergaͤnge bey anfangendem Winter durch das Eiß verſtopft den durchflieſſenden Waſſeren den Weg abſpannen ; oder endlich von denen / welche auſſagen / daß Erdreich habe zu Winterszeiten die Kraft nicht / die Waſſer auß dem Meerwaſſer anzuzeuhen .,3928072,Diſere halb-Geographiſche und halb-Chymiſche Gedanken geben mir anlas zu folgendem Vernunft-urtheil / daß die ſalzichten Meerwaſſer durch unterirdiſche Gaͤnge aller Orten hinflieſſen in die Eingeweide der Erden / hoͤher aber nicht ſteigen koͤnnen als das Meer ſelbs iſt / folglich nicht einmal unter der Erden koͤnten hinkommen zu den wurzlen unſerer Schweizeriſchen Gebirgen / wil geſchweigen / auf die Spitzen derſelben / ſo daß alle unſere Lande des Waſſers manglen muͤßten / wann nicht die wunderbare / Allweiſe Guͤte Gottes in denen inneren Kammeren der Erden angezuͤndet hette ein brennendes / oder ſonſt waͤrmendes Feuer / welches die Waſſer verwandelt in Duͤnſte / durch hole Kluͤften auftreibet zu der Oberen / und oberſten Erden Rinde / ja auch in die Luft ſelbs / wo ſie nicht hinderhalten / und in Waſſertroͤpflein verſamlet werden / durch beſchloſſene Felſichte Helme / mit denen inſonderheit verſehen die jenigen hoben Gebirge / welche vil Waſſer von ſich geben / wie zum Exempel koͤnnen dienen die ob Flims in Puͤndten ſtehende Stein Gebirge / und haͤuffige in dem Dorff Flims ſelbs hervor flieſſende Brunn und Bachquellen / von denen anderſtwo zu reden ſeyn wird / ꝛc.,Early-Early,2
sonnenuhr,1113491,"In ſolchen Stunden dichtete er das von den Kindern beider Bekenntniſſe oft geſungene Lied „ Stell ’ himmelwärts , ſtell’ himmelwärts gleich einer Sonnenuhr dein Herz “ ; und noch deutlicher ſprach der knorrige Weſtphälinger ſein innerſtes Weſen aus in den Verſen :",3877084,"Auf dem Rondell hatte ſich eine kleine Veränderung vollzogen , die Sonnenuhr war fort , und an der Stelle , wo ſie geſtanden hatte , lag ſeit geſtern eine weiße Marmorplatte , darauf ſtand nichts als „ Effi Brieſt “ und darunter ein Kreuz .",Late-Late,4
feldzug,3939901,"Nach dionis Rechnung iſt dieſes geſchehen a. u. c. 763. ovidivs ſcheinet dieſen Feldzug fuͤr Augen gehabt zu haben , wenn er Triſtium L. III. el. 12. v. 45. & c. ſchreibet :",3944981,"Die Burgunder kamen alſo ohne Wiederſtand bis an den Rhein , ohne daß Valentinianus , der noch immer mit Anbauung ſeiner Veſtungen beſchaͤfftiget war , nur Anſtalten zum Feldzug gemacht haͤtte ; und verurſachten ietzo faſt eben ſo viel Beſorgniß bey den Roͤmern , als ſie unter den Alemannen Schrecken erreget hatten .",Early-Early,4
streitsache,1289653,Die Gröſse des Eides hing in erster Linie von der Bedeutung der Streitsache ab .,4825608,"Das Reich hat einerſeits den Einzelſtaaten eine ſehr ausgedehnte Freiheit und Selbſtſtändigkeit hinſichtlich der Einrichtung , Dotirung und Organiſation der Gerichtsbehörden überlaſſen und — abgeſehen natürlich von dem Reichsgericht — nur die äußerſten Grundlinien des Juſtizbehördenſyſtems gezogen ; es hat andererſeits aber ſehr genaue und zwingende Vorſchriften darüber gegeben , wie die für die verſchiedenen Gattungen von Streitſachen erforderlichen , beſchließenden und urtheilenden Spruchcollegien conſtituirt ſind und wie ſie aus dieſen Behörden gebildet werden .",Late-Late,3
sündenfall,3552696,"Suͤnden-Fall / des Suͤndenfalls groͤſtes Ungluͤck l , 190 . ſchwere Suͤndenfaͤlle werden offt ſehr nuͤtzlich ll , 665 . und ſind zuweilen eine Artzeney wider die Heucheley IV , 653 . ſeq .",3510496,Canitz beſchreibt die Reizungen der boͤſen Luͤſte unter dem Bilde des erſten Suͤndenfalles :,Early-Early,4
triebwerk,2420288,"Und die Adern die dran ſizzen , Siehet man beſtaͤndig ſprizzen Durch ein Triebwerk das ſtets geht , Bis zum Todt nicht ſtille ſteht .",1708247,"Es handelt ſich nur darum , die falſchen Eingriffe der Geſetzgeber , der unter ſich verſchworenen Kaufleute und Unternehmer in dieſes Triebwerk zu beſeitigen , alle Privilegien , falſchen bisherigen Handels- , Zoll- und Zunfteinrichtungen , die falſche Begünſtigung der Städte aufzuheben , dann kommt die Geſellſchaft zur Natur , zur Gerechtigkeit , zur Gleichheit zurück .",Cross-Era,4
windspiel,960158,"Als nemlich derer groſſen Engliſchen Tocken , Baͤren oder Bollbeiſſern , leichten Cours-Hunden , von denen Sau-Ruͤden , von Windſpielen , von Blendlingen , von des Leit-Hunds Erziehung , vom Schweiß-Hunde , vom Sau-Finder , vom Huͤner-Hund , von Jagd-Hunden oder Chiens courans , Waſſer-Hunden , Stoͤber , Otter-Hunde , Dachs-Kriecher , Auferziehung der Hunde .",968859,"Hetzen reithen , iſt mit Windſpiehlen auff das Feld reithen , einen oder mehr Haſen zu fangen .",Early-Early,1
meerwasser,3172561,"Hingegen iſt das meerwaſſer am ſchwereſten , mithin traͤget es auch am ſchwereſten , iedoch traͤget wohl ein ſtrom ſchwerer als der andre .",4485873,"Durch Messung des Widerstandes einer isolirten Drahtrolle , deren Widerstand bei einer bestimmten Temperatur bekannt ist , kann man mithin auf die Temperatur des die Rolle umgebenden Meerwassers schliessen .",Cross-Era,4
uhrwerk,5627299,"1484 erhielt ſie , durch ein Privilegium des Raths unter der Stadt groͤſſerm Jnſiegel , eine Vicarie in der Peterskirche an der Suͤderſeite gegen dem Lostraͤgeraltar uͤber aufzurichten , ſamt dem Jmpatronatsrecht , eigne Prieſter dabey zu verordnen , welches der Erzbiſchof Jaſper confirmiret ; doch zur Zeit der Reformation 1524 am 10 Merz iſt der Altar aus der Kirche weggenommen , und in der Belagerung 1710 ſo wol als das neue Haus mit dem Uhrwerk ſamt ſeinem immerwaͤhrenden Kalender , mit dem Compasſtern und Ritter St. Juͤrgen durch die Bomben zerſchmettert worden .",3650980,"In dem Kaſten B B , Fig. 458 , befinden ſich zwei Uhrwerke , die von den Federgehäuſen L und L' ihre Bewegung erhalten .",Cross-Era,4
murmeltier,3872720,"Aber Gieshübler , ich bitte Sie , Sie ſind ein Murmeltier , Sie haben ſieben Jahre lang geſchlafen …",4397224,"Es gieng zuerſt holperig , das Paar fiel ſogar zu Boden , aber es raffte ſich auf , ſchliff glatter und glatter , gieng in einen Hopswalzer über , jetzt begannen die übrigen Thiere mit den Beinen zu zappeln , konnten ſich nicht länger halten , faßten ſich zum Tanz an und die ganze Geſellſchaft umkreiſte nun die aufrecht thronende Kuh ; raſcher und feuriger erſcholl die Muſik , die Thiere fiengen an , den Tanz mit den verſchiedenen Rufen ihrer Gattung zu begleiten : der Wolf heulte , der Fuchs ließ ſein heiſeres Bellen hören , der Dachs knurrte , das Füllen wieherte , das Wildſchwein grunzte , Gemſe und Steinbock miſchten zwiſchen Mäckern ihren pfeifenden Warnlaut , der Kater rallte , das Murmelthier pfiff ganz fein , der Auerhahn gab geſtoßene , tiefe Krächztöne von ſich wie beim Balzen , die Rohrdommeln blieben nicht zurück , tanzten mit und ließen ihre durchdringenden U-Laute wieder vernehmen , die Bären brummten , der Drache fauchte , das Kalb muhte und ſelbſt die ehrwürdige Mutter ſtimmte anmuthvoll in das allgemeine Konzert mit ein ; die Jugend unter den Zuhörern ſang Schnaderhüpfel dazu , es war luſtig .",Late-Late,2
windspiel,970301,Retter / wie ſolcher unter denen Windſpielen abzurichten ſey ? 173. b. ſeq .,2659561,Jch komm mir ſelbſt wie ein Windſpiel vor .,Cross-Era,2
kinderspiel,4461077,"Wir , Velten und ich , waren ungefähr zehn oder zwölf Jahre alt , als wir anfingen , mehr und mehr aufzuhorchen , wenn in unſere Kinderſpiele , Schularbeiten und Dummejungenſtreiche der Name Trotzendorff hineinklang , mit bedenklichem Kopfſchütteln von Seiten meiner Eltern , mit bedauerndem von Seiten der Mutter Veltens .",2363709,"Er , der die Vernichtung des fränkiſchen Geſindels für ein Parademanöver , den Einzug in Paris für eine Promenade und die Herſtellung des ſouveränen Thrones für ein Kinderſpiel erklärt , er hatte jetzt tauſend Bedenken , welche das gefliſſentliche Zaudern in ſeinen Augen bemäntelten .",Late-Late,4
zeughaus,660053,"Hiernaͤchſt iſt bey der nahe am Zeughauſe befindlichen Schleuße eine ſchoͤne und breite Anfuhrt , die man wol den Hafen von Berlin nennen kann , weil man daſelbſt beſtaͤndig eine Menge kleiner Schiffe den Fluß herauf oder herab fahren ſieht .",660926,"Und gleichwol kann Holland mit Recht fuͤr ein allgemeines Zeughaus und eine oͤffentliche Niederlage aller ſowol ſchlechter und geringer , als der allerkoͤſtlichſten , rareſten und beſten Waaren und Bequemlichkeiten aller Voͤlker gehalten werden .",Early-Early,4
rechtsstreit,3172318,"Gaſſer in ſeiner einleitung zu den oͤkonomiſchen policei- und kameral-wiſſenſchaften cap. 18 § 1 ſ. 293 fg. lachet uͤber die Teutſchen rechtslehrer , daß ſie keinen begrif vom poſtweſen gehabt haͤtten , wenn ſie ſich mit dem Reichs-poſtamte in einen rechtsſtreit eingelaſſen haͤtten .",5835177,"Die alſo über das Bereich des Privatrechts hinausgehobene Staatsgewalt greift ordnend und lehrend in alle Privatverhältniſſe ein , ſchreibt Eltern und Kindern , Grundherren und Dienſtboten ihre ſittlichen Pflichten vor , ſie vermißt ſich durch ihre Alles vorausbedenkende geſetzgeberiſche Weisheit jeden möglichen Rechtsſtreit der Zukunft von vornherein zu erledigen .",Cross-Era,4
streitsache,230254,Citation vor Gericht ſoll an heil. Feyertagen nicht geſchehen 11 . n. 2 . verhindert dreyßig jaͤhrige Verjaͤhrung 15 . n. 1 . auf was Art geſchehen ſoll 16 . n. 2 . wider welche ergehen ſoll 16 . n. 3 . deren Art ſoll protocolliret werden 16 . n. 3 . ſoll den Jnnhalt der Streitſache haben 17 . n. 6 . derſelben Uꝛſache wann nicht noͤthig zu melden 19 . n. 12 . deren Unkoſten wer zu erſtatten ſchuldig 400 . n. 1 . deren Wuͤrckung 16 . n. 1,1285143,"Es wird nämlich bestimmt , daſs in den Gerichten der Centenare oder Vikare keine peinliche Klage , d. h. keine Klage , die an das Leben geht , ferner keine Streitsache über Grundeigentum , Freiheit oder Eigenleute erhoben und entschieden werden , sondern die Kompetenz in solchen Angelegenheiten dem Grafen und den königlichen Missi vorbehalten sein solle .",Cross-Era,4
brunnenwasser,2245349,"Nehmet 3 viertel Pfund klein geraſpelt Hirſchhorn , thut es in einen neuen Topff , gieſſet helles Brunnenwaſſer drauf , und laſſets eine halbe Stunde ſtehen .",571661,"Die Unmiſch barkeit der Seiffe ſetze in Vergleichung mit anderen in der Natur und Chymia vorkommenden Begebenheiten / als da das Waſſer und Oehl ſich zwar unter einander mit Gewalt laſſen miſchen / bald aber / wann ſie in Freyheit geſetzet werden / ſich widerum ſoͤnderen / und jenes zwar nidſich fahret / diſes aber obſich ſteiget : inſonderheit aber dienet mir zu aufloͤſung gegenwertiger Natur-Geſchicht die aufloͤſung der Reſinarum , oder hartzichten Gummi im Brantenwein / und durch anſchüttung des gemeinen Brunnenwaſſers erfolgende Zuſammenrinnung der hartzichten Theilen an einen Klumpen / der ſich zu Boden ſenket / oder præcipitiret .",Early-Early,4
schauspiel,4410430,"Sie werffen zwar auf der Erde ihre Jungen , fuͤhren ſie aber am 12 Tage nach der Geburt ins Meer ; wenn ſie heimlich gemacht werden , nehmen ſie allerhand Unterweiſung an , werden in den Schauſpielen abgericht .",2872224,"Aber die bureaukratiſche Leitung der königlichen Schauſpiele wollte ſich nicht entſchließen , die leichte Waare der Poſſen und Singſpiele dem Volkstheater zu überlaſſen .",Cross-Era,2
rehbock,4428252,"Sonſt nennet man auch wol Gehoͤrne die Hoͤrner derer Rehe-Boͤcke , zum Unterſcheid der Geweihe .",4862103,"Mit dem Rehbock kan man auſſer dem eine ſchoͤne Luſt haben , wenn ein Jaͤger denſelben blatet , und alſo einem groſſen Herrn biß vor die Buͤchſe oder Flinte bringen kan .",Early-Early,4
bergwerk,1313998,"Man ſiehet uͤberhaupt daſiger Gegend viele Spuhren , daß in denen vorigen Zeiten ſtarcke Bergwercke daſelbſt umgegangen , z. E. am Baͤrberge , Steinberge ꝛc. wo uͤberall auf Silber und Kupfer gebauet worden .",2590057,"Sie heiſst : Bergordnung für die Bergwerke in Österreich , Steiermark , Kärnten und Krain .",Cross-Era,4
ziegenbock,4396167,"Feuerqualm ſcheint aus den ſchnaubenden Nüſtern zu ſprühen , das tiefe , wie aus langem Gewölb heraufgeholte Brummen iſt nur noch ſchrecklicher als Brüllen des Löwen , des Bären , dämoniſche Wuth funkelt in dem großen , dunklen Auge , bei ſeinem Schwellen und Rollen zeigt ſich die Bindehaut , die als weißer Grund dem menſchlichen Augenſtern ſeine edle , reine , hebende Umrahmung gibt , als roth durchäderte Folie und erhöht ſo mit ihrer Blutfarbe das ſcheusliche Wuthbild , aus dem Maule hängt die blaurothe Zunge und ein dunkler Bart ſchwankt am Unterkiefer , als hätte der teufliſchen Maske noch ein Stück vom Kopfe des Ziegenbocks gefehlt .",2584861,"Oder : Nimm geläuterten Honig , frischen Harn vom Ziegenbock , Alaun , Borax , Olivenbaumöl und Salz , und nachdem du diese gehörig gemischt hast , tauche das Eisen hinein und lösche es ab ( idem ) .",Late-Late,2
uhrwerk,1385865,"Damit die Minen ſicher Feuer fingen , war eine doppelte Zündung angebracht , nämlich eine Zündſchnur , deren Brenndauer der Zeit entſprach , welche die Fahrzeuge bis zum Erreichen der Brücke brauchten , und ein Uhrwerk , welches wie eine Weckuhr arbeitete und im gegebenen Momente Feuer ſchlug .",5526032,"Schon ſeit ſehr langer Zeit benutzt man zum Herſtellen der Zähne an kleineren Zahnrädern , namentlich auch ſolchen , wie ſie in Uhrwerken laufen , das ſogenannte Räderſchneidezeug , eine gekerbte Stahlſcheibe , die mit großer Geſchwindigkeit um ihre Achſe rotiert .",Late-Late,2
sonnenblume,1913619,"Seh’ ich der Sonnen-Bluhme Pracht , Und in derſelbigen ſolch eine Sternen-Menge ; So denk’ ich an das ſchimmernde Gepraͤnge Des funkelnden Geſtirns in einer heitern Nacht :",4700069,"Ein winziges Stückchen Feld , mit Mais und Gemüſe bepflanzt , liegt dahinter , und vor der Thüre , umfriedet von einer dichten Bohnenhecke , blühen röthliche Malven und großhäuptige Sonnenblumen .",Cross-Era,4
sonnenschein,6107190,"Wir haben bei hellſtem Sonnenſchein bis Mittags 11 Uhr und dann wieder von zwei Uhr an öfter Planeten ſo deutlich am Himmel geſehen , daß wir mit den Inſtrumenten ihre Höhe meſſen konnten .",3249810,Nach dem Regen kommt immer der Sonnenſchein .,Late-Late,4
sonnenlicht,5431917,"Während das nicht geimpfte Ohr ganz unverändert war und gegen das Sonnenlicht gehalten nur die Hauptgefässe durchschimmern liess , sah das geimpfte Ohr bei derselben Beleuchtung gleichmässig dunkelroth aus und einzelne Gefässe waren nicht mehr zu erkennen .",2766785,"Wie Verfaſſer an anderer Stelle dargelegt hat , zerſetzt das Sonnenlicht das Waſſer unter Bildung von Ozon , von deſſen Anweſenheit man ſich auf den Bleichplätzen ſchon durch den Geruch leicht überzeugen kann .",Late-Late,2
eifersucht,4221396,"Alte Eiferſucht zwiſchen dem hohen und niedrigen , alten und neuen Adel .",2513930,"Dieſe waren es auch , deren ſich die kaͤyſerin als werckzeuge ihrer rache bediente , und ſie durfte nur bey ihrem gemahl ſich beklagen der graf habe ihr unzucht angemuthet , ſo waren alle gute eigenſchaften deſſelben , in den augen des durch die eyferſucht geblendeten und aufgebrachten kaͤyſers , und alle dem kaͤyſerlichem ſcepter geleiſtete dienſte , bemuͤhungen , der kaͤyſerin liebe zu erzwingen .",Early-Early,4
murmeltier,4033878,"Lieben Freunde , trinkt Cognac und Gin , machet ein Feuer in euch an , daß eure Augen glühende Kugeln werden , groß wie die Uhrſcheiben am Rathausturm , und eure Fäuſte ſtark wie die Dampframmen der Weidendammerbrücke , trinket Gin und Cognac , Freunde , lieben Freunde und Genies , trinkt und glaubt an meine ſchlafenden Lieder , dieſe feiſten Murmeltiere , aus deren Fett ich Elender Feuilletons gebacken habe , trinkt , trinkt , trinkt , ſchlagt euch rotgeränderte Wolken um die Schultern als Regenmäntel und kommt mit mir in den Phalluswald !",4501183,"Von jagdbaren Thieren erſcheinen Eber , Hirſche Damhirſche , Rehe , Bären , Zobel ( Rondes ) , Pharaonismäuſe ( Murmelthiere ) , ſchwarze Füchſe und Haſen .",Late-Late,2
sonnenlicht,5530223,"Gehört doch zu dieſer Gruppe von Naturerſcheinungen , die man unter dem Namen Photochemie zuſammenfaßt , die ſchon den älteſten Völkern bekannte Thatſache , daß manche Stoffe , wenn ſie dem Sonnenlicht ausgeſetzt werden , allmählich ausbleichen .",2980236,— Sonnenlicht .,Late-Late,4
eisenwerk,5501474,"Ein gleiches iſt nachhero auch unterſchiedliche mahl mit denen angelegten Ketten und Banden geſchehen , jedoch endlich hat ein Schmid die ſtaͤrckſten eiſernen Bande verfertiget , auch die Muͤhe auf ſich genommen , nebſt ſeinen Geſellen bey mir zu wachen , und meine Haͤnde , ſo offt ſie ſich an dem Eiſenwercke vergreiffen wollen , mit Brenn-Neſſeln ſo lange zu peitſchen , biß mir die Luſt zum Zerbrechen nach und nach verſchwunden .",5499665,"Der ehrliche Peter Morgenthal , ließ es ſich bey dieſem Baue auch hertzlich ſauer werden , denn durch ſeine Haͤnde ging alles Eiſenwerck , ſo darbey gebraucht wurde , ſelbſt Monſ .",Early-Early,4
sündenfall,1216615,"Mythologie , die : Begriffsbestimmung 553 ; äussere und innere Mythologie 553 fg. ; alle Mythologie ist revolutionär und antidogmatisch 635 ; Mythologie und Religion 221 , 395 fg. , 553 fg. u. s. w. ; Mythologie und Wissenschaft 745 , 974 ; Mythologie und künstlerische Gestaltung 956 , 974 ; arische Mythologie im Allgemeinen 221 fg. , 553 fg. , 934 ; indoarische Mythologie 412 fg . ; die Mythologie in den Händen der Juden 235 fg. , 241 , 397 fg. , 394 fg. , 564 fg . ; die Mythologie in den Händen der Jesuiten 522 fg. , 567 , 626 ; die Mythologie in den Händen Rom ’s 635 ; David Strauss 194 ; der Mythus der Entartung 560 fg. , 564 , 714 fg . ; der Mythus der Dreieinigkeit 554 , 570 ; der Mythus des Sündenfalles 241 , 393 , 399 fg , 560 fg. , 562 , 564 fg. , 597 , 608 , 632 , 634 , 876 fg .",2200225,"Einer der wenigen neueren Dogmatiker , welche im Zuſammenhange mit Urſtand und Sündenfall auch dem Geſchichtsinhalte von Gen. 5 und 11 einige Aufmerkſamkeit gewidmet haben , J. P. Lange , hat in ſeiner geiſtreichen Weiſe ſich über die Makrobier der letzten Zeiten verbreitet , hat außer dem altteſtamentlichen Prophetenwort Jeſaj. 65 , 20 ff. die pauliniſchen Ausſprüche vom Ueberkleidetwerden und der Verwandlung ( 2 Cor. 5 , 1—5 ; 1 Cor. 15 , 51 ) herbeigezogen , hat als letzte ſieghafte Wirkung der Auferſtehung Chriſti die „ Wiederherſtellung einer neuen leiblichen Verwandlungsfähigkeit am Weltende ‟ zu weiſſagen gewagt und von einem „ Gegenſatze der wieder zunehmenden Makrobiotik am Weltende zur abnehmenden Makrobiotik in der Urzeit ‟ geredet .",Late-Late,4
sündenfall,2200208,"Jn dieſes letztere Stadium verlegen wir jene durch den Sündenfall herbeigeführten „ großen Veränderungen ſowohl der terreſtriſchen Lebensbedingungen als unſrer eignen Organiſation ‟ ( Philippi ) , welche die kirchlich dogmatiſche Tradition gewiß mit Recht und auf Grund unleugbarer Schriftzeugniſſe lehrt , welche aber freilich weder als außerhalb des Menſchen , in niederen Naturſphären vor ſich gegangene , noch als mit Einem Schlage und plötzlich erfolgte Veränderungen gedacht werden dürfen .",2197654,"— Eine neuere proteſtantiſche Myſtikerſchule , anhebend mit Jakob Böhme und Gottfried Arnold , liebt es in Adams Verfallen in einen tiefen Schlaf vor Evas Erſchaffung einen erſten Anfang des Sündenfalles zu erblicken .",Late-Late,2
hausstand,3419607,"So meine ich es auch , ein gelehrtes Frauenzimmer pfleget ſich wenig um den Hausſtand zu bekuͤmmern , und iſt vielfaͤltig gar zu klug .",5203700,es muß die hindernuͤß alles guten werden / denn wo der weltliche arm dieſes nicht will / diejenige / welche noch in dem geiſtlichen und haus-ſtand gern etwas gutes thun moͤchten / ſolches nicht thun doͤrffen .,Early-Early,4
ruhestand,3549164,Am einfaͤltigſten moͤchte ſeyn / daß man davor hielte / ſonderlich aus vergleichung c. 19 / 20. und c. 20 / 10. daß nach dem untergang Babels / und vor der letzten Gogitiſchen gefahr die kirche einen langen ſeligen ruheſtand in der welt haben werde / die uͤbrige art aber der goͤttlichen weisheit und erfuͤllung uͤberlieſſe .,4935853,"So lange alſo ein Koͤrper ſeinen Zuſtand unveraͤndert erhalten , das iſt entweder in ſeinem Ruheſtand verbleiben , oder ſeine Bewegung unverruͤckt fortſetzen kann , ſo aͤußert ſich darinne nichts anders , als das Vermoͤgen in ſeinem Zuſtande zu verharren ; ſo bald aber dieſer Koͤrper einen Wiederſtand antrift , welcher verhindert , daß derſelbe in ſeinem Zuſtand nicht verbleiben kann , ſo wiederſtehet eben dieſes Vermoͤgen der Veraͤnderung , ſo darinne vorgehen ſoll , und uͤbet eine Kraft aus , die Hinderniſſe aus dem Weg zu raͤumen .",Early-Early,1
zitronensaft,124187,"Sollte sich bei dieser Reinigung ergeben , dass nicht alle Flecken herausgegangen , so wird die Anwendung von etwas Zitronensaft , der nachher mit Wasser wieder weggewaschen werden muss , voraussichtlich zum Ziele führen .",2770410,Zuletzt wird mit Eſſig oder Eſſigſäure oder Citronenſaft aviviert .,Late-Late,4
kartenspiel,986774,Das umgekehrte kartenſpiel .,2057563,"Nur zu bereitwillig ergriffen wir die Gelegenheit , das Klaviergeklimper , Kartenspiel und die schrecklichen deklamatorischen Vorträge des Kajütensalons mit einer behaglichen Familienstube zu vertauschen und folgten der Einladung des Gastfreundes .",Cross-Era,4
murmeltier,573880,Die Winterquartier der Murmelthieren in der Erden / der Gemſen aber unter / und an den Felſen .,2641802,"Wie ſollten diejenigen zu leben wiſſen , die in den Spaͤlten der Berge alles Umgangs mit den Menſchen beraubet ſind , die allda zu den Murmelthieren in einen Winterlangen Schlaf verbannet ſind !",Early-Early,2
stockwerk,2638815,315. Blondell ( Cours d’ Architect- part. 3 c. 9. f. 269. ) ſetzet in den kleineſten Gebaͤuden die Hoͤhe iedes Stockwerckes wenigſtens 8½ bis 9 Schuh .,3652406,"Das für die Station aufgeführte Gebäude bedeckt einen Flächenraum von 624 Quadratmeter und beſteht aus drei Stockwerken , von welchen das unterſte drei Meter unter dem Boden liegt .",Cross-Era,3
bergwerk,3197697,Jndeſſen als ſolches geſchiehet / und der Jaͤger etwas lange ausbleibet / verlanget das Pferd nach ſeinem Herrn / und ſcharret / der Pferde-Art nach / hefftig mit denen Vorder-Fuͤſſen / wodurch ohngefaͤhr ein Ertz-Gang entbloͤſſet wird / davon der Jaͤger / bey ſeiner Wiederkunft / eine Stuffe mitnimmet / und dem Kaͤyſer zeiget / der ſolches probiren / und / aus Liebe die er zum Berg-Wercke getragen / aldar einſchlagen laͤſſet ; nachdem aber ſolches gegluͤcket / und die Berg-Leuͤthe ie laͤnger ie mehr den Berg mit Bauen angegriffen / hat der Kaͤyſer dem Berge / nach dem Jaͤger Ramm / den Nahmen Rammelsberg gegeben / wie er denn noch auf den heuͤtigen Tag alſo heiſſet .,3175994,"Bald erblicket man eine halb , bald eine wenig geoͤfnete thuͤre , wodurch das wetter , oder die luft ins bergwerk gebracht wird ; in betracht ſonſt die lichter der bergleute erloͤſchen wuͤrden .",Early-Early,2
ruhestand,4934598,"Dahero , wenn das Pendulum vor dem Stoß ſtill geſtanden , ſo wird man anzeigen koͤnnen , was vor einen groſſen Schwung das Pendulum von einem ſolchen Stoß bekommen , und wie weit daſſelbe von ſeinem Ruheſtand gebracht werden muͤſſe .",2104862,Die Vorſchriften des Reichsbeamtengeſetzes über die unfreiwillige Verſetzung in den Ruheſtand finden keine Anwendung auf die im §. 158 dieſes Geſetzes aufgeführten Reichsbeamten .,Cross-Era,2
leinöl,662427,"Die Waaren , welche man dahin ſendet , ſind , wenn wir etliche wenige Tuche und Galanteriewaaren ausnehmen , faſt nichts anders , als Weine : im Gegentheil verfuͤhret man aus Petersburg Juchten oder rußiſch Leder , Flachs , Hanf , Leinſaat , Leinoͤl , Pelz- oder Rauchwerk , Talg oder Jnſchlitt , Wachs , Hopfen , Eiſen , Kaviar und dergleichen mehr .",647396,"Zum Gebrauche des ( f ) Gartenbaues wird durch Zuſatz mit Harz , Terpenthin , und Leinoͤl ein Baumwachs , lat .",Early-Early,4
gesichtszug,4595899,"Und endlich aͤußerten ihre Lippen , was ein jeder unwilliger Blick und alle gluͤende Geſichtszuͤge vorbedeutet hatten .",4600367,Er ging zum Spiegel und fing an ſeine Geſichtszuͤge auszuwickeln und aufzuklaͤren .,Early-Early,4
triebwerk,1125873,"Wer das Triebwerk recht ergruͤndet , Welches zum Begreifen treibt , und zum Wiſſen , der befindet , Daß in der Gelehrten Bruſt oft ein kleiner Lucifer , Jn Erkenntniß ſeiner Wege , gerne waͤr , wie Gott , der Herr .",6057805,"Hierinnen ſteht die Macht , das Trieb-Werck aufgeſchrieben , Durch welches man des Feinds Beſtreben aufgerieben .",Early-Early,2
kartenspiel,352590,"Ja bey dem Cartenſpiele unſrer betrunkenen Knechte geht es viel friedlicher zu , als wenn ihrer zwey oder drey Geiſtliche bey meinem Herrn zuſammenkommen .",5408437,"Sie haben ferner das chinesische Schach- , Trictrac- und Kartenspiele , und würfeln mit Leidenschaft .",Cross-Era,4
sonnenuhr,2926089,"Jhr gemeinſchaftliches Jnſigne war eine Sonnenuhr an einer Saͤule ; Die Endten ſchwimmen , wie bey den andern , im Waſſer .",646294,"Die ( 3 ) Sonnenuhren , die bey Sonnenſchein durch den fortruͤckenden Schatten eines aufgerichteten Stifts oder Zeigers die Stunden anzeigen , ſind auch gar alt ; und haben wir von ihnen in einem beſondern Artikel gehandelt .",Early-Early,2
sonnenlicht,479212,"wir aͤndern nur den garten , Und unſer ſonnen-licht ; Denn weil uns taͤglich hier an pflegung was gebricht , So kan der himmel uns bey ſich am beſten warten .",5168209,"Wer kann in begruͤnten Auen , Den ſmaragden Klee beſchauen , Der mit Blumen untermengt , Mit dem Silberthau beſprengt , Und von Sonnenlicht verguͤldet , Der daran nicht abgebildet GOttes Wunderguͤt erblikt , Die das Aug und Herz entzuͤkt ?",Early-Early,4
streitsache,3475480,"Es regierte damahls zu Rom nach Adriani Hintritt / Johannes VIII , der An. 873. zur Paͤbſtlichen Wuͤrde kommen war / ein Mann von ziemlich guten Gemuͤth / aber ſehr opiniatre und eigenſinnig / dabey auch etwas grauſam ( wie ihn ein alter Scribent nennet ) welches er in der Streitſache mit den Patriarchen zu Conſtantinopel ziemlich ſehen lieſſe .",4825595,"Dadurch wird die Gerichtsverfaſſung weſentlich vereinfacht ; die vielen , nach den verſchiedenen Arten von Streitſachen ſo verſchieden conſtituirten Prozeßgerichte verſchwinden unter der gemeinſamen Firma und einheitlichen Organiſation der erwähnten Gerichtsanſtalten ; ſie ſind gleichſam nur „ Erſcheinungsformen “ , in denen die letzteren thätig werden .",Cross-Era,2
bergwerk,1692126,Hier iſt ein Diamant / der einen Schreck bekommen / Ein Stein / der durch den Thau der Wolluſt ausgehoͤlt / Ein Berg-Werck / wo man hat die Schaͤtze draus genommen / Ein Vielfraß welcher ſich nur Menſchen-Fleiſch erwehlt .,2593289,"Allerdings wurde auch bei diesen , soweit sie an die fürstlichen Bergwerke verkauft wurden , kein Gewinn genommen .",Cross-Era,4
sonnenschein,4859286,"Am Sanct Vincenzen-Tag , wenn iſt klar Sonnenſchein , Richtet viel Faͤſſer zu , denn es wird auch viel Wein .",5168442,"Wenn ſie befluͤgelt ſich in warmen Luͤften drehn ; Welch eine guͤldne Pracht kann man an denen ſehn Die um den zarten Leib mit Ringelein umgeben , Und welch ein fladdernd Gold wenn ſie die Fluͤgel weben , Die durch den Sonnenſchein , bald roth , bald blau geſchmuͤkt , Bald gruͤn bald gelb wenn man ſie in der Fern erblikt .",Early-Early,4
stockwerk,2638746,323. Damit nun die Fenſter in dem unterſten Stockwercke auf der Gaſſe nicht zu niedrieg ſtehen / muͤſſen entweder inwendig die Gemaͤcher etwas erhoͤhet werden / ſo daß man vor ihre Thuͤren einige Stuffen leget ; oder ( welches beſſer iſt / in dem es dem Hauſe ein praͤchtiges Anſehen giebet und die Verdrießlichkeit des Steigens aufhebet / wenn man aus einem Gemach in das andere gehen wil ) man ſol vielmehr vor die Hauß- Thuͤre eine Treppe von etlichen Stuffen anlegen .,4796903,Wenn Vorſtaͤdte vor einer Feſtung / welches zwar ſich nicht gebuͤhret / etwan in der Naͤhe noch ſolten angeleget werden / muͤſſen die Haͤuſer uͤber ihrer richtigen Ordnung und Linia nur zwey Stockwercke hoch von Holtze ohne einigen Keller wegen des feindlichen beſorglichen minirens angeleget und erbauet werden / und kan man auch allen Falls in dergleichen Vorſtaͤdte Scheuren erbauen / ſolche aber in einer Feſtung wegen Feuers-Gefahr durch aus nicht dulten .,Early-Early,4
sonnenblume,2404018,Auch das Bildniss mit der Sonnenblume ( Nr. 440 ) hiess früher spanische Schule und ist ebenfalls mailändisch .,38851,"Die Köpfe werden nach dem Abblühen , ebenſo wie die Dolden des Fenchels , die Roſen der Sonnenblume , die Mohnköpfe ꝛc. in dem Maße als die Samen in den Fruchtſtänden nach und nach ausreifen , durch Abſchneiden vom Stengel geerntet .",Late-Late,2
wortspiel,4197222,"Daher beschränkt sich die schöpferische Kraft gerade des gebildeten Theiles der japanischen Gesellschaft auf Silbenabmessen , Epigramme , Wortspiele und andere geringfügige Erzeugnisse des Geistes .",2004521,"Hörst du nicht , wie der Geist hier zum Wortspiel wurde ?",Late-Late,2
eifersucht,147788,"Es freuet mich , daß unſere Gedancken ſo genau uͤbereinkommen , und ich kan mich nicht enthalten , das , was ich hier von der Gemeinſchaft der Weiber und von der Eyferſucht ſage , mit den Worten dieſes vortreflichen Mannes zu erlaͤutern , und zubeſtaͤrcken .",4448988,"Er hatte ſich eine ernſthafte und tiefſinnige Geſichtsbildung zugelegt ; in ſeinem Umgange that er ſehr geſchaͤfftig ; er hatte aber in der That itzt viel weniger zu thun , als ehedem in ſeines Vaters Hauſe , weil er damals eine ganze Heerde Huͤhner fuͤttern , nunmehr aber ſeinen Mops abrichten mußte , an dem er einen guten natuͤrlichen Verſtand zu verſpuͤren glaubte , welchen er niemals , ohne eine kleine Eiferſucht zu empfinden , bewunderte .",Early-Early,4
schauspiel,97118,"c. 6 , 10. und c. 10 , 32. 33. 34. auch die Vollkommnen , oder Juͤnglinge , theils auch Vaͤter im Chriſtenthum , alſo beſchreibet , daß ſie ein loͤbliches Werck und Arbeit der Liebe an dem Namen GOttes bewieſen , und daß , nachdem ſie erleuchtet , ſie erduldet haben einen groſſen Kampf des Leidens , auch zum theil ſelbſt durch Schmach und Truͤbſal ein Schauſpiel worden , zum theil Gemeinſchaft gehabt mit denen , denen es alſo gehet , mit ſeinen Banden Mitleiden gehabt , und den Raub ihrer Guͤter mit Freuden erduldet haben. u. ſ. w .",3507718,"Die anſehnlichſten Maͤnner von reifem Verſtande , und ernſthafftem Weſen , moͤgen kein Schauſpiel ſehen , darinn nichts kluges vorkommt .",Early-Early,4
streitsache,2018498,"1. wenn während der Dauer der Rechtshängigkeit von einer Partei die Streitſache anderweit anhängig gemacht wird , ſo kann der Gegner die Einrede der Rechtshängigkeit erheben ;",1284215,"Für die karolingische Zeit haben wir in Hinkmars Schrift über die Hofordnung die bestimmte Nachricht , daſs Streitsachen propter aequitatis iudicium an den Hof gelangten und daſs Rechtsfälle , für welche das Volksrecht zu strenge war , zur Milderung ( moderatio ) vor den König gebracht wurden . Aus einem Kapitular Karls des Groſsen ergiebt sich , daſs die königliche Billigkeitsjustiz als Auskunftsmittel diente , um die Haftung des Herrn für Missethaten seines Knechtes zu ermäſsigen , sofern sie das Wergeld des freien Mannes überschreiten sollte . Und aus den Quellen der fränkischen Tochterrechte können wir mit Sicherheit zurückschlieſsen , daſs die strafrechtliche Behandlung absichtsloser Missethaten auf königliche Milderung des strengen Rechtes zugeschnitten war . Endlich hat sich hinsichtlich des Rechtsganges im Königsgerichte eine Anzahl von Prozeſsinstitutionen ausgebildet , welche im Verhältnis zum volksgerichtlichen Verfahren den Charakter eines ius aequum an sich tragen .",Late-Late,4
stückwerk,4040020,8. Folglich wuͤrden ſich wahre Apoſtel JEſu CHriſtinicht auffhalten mit menſchen-lehren / neben- und ſtuͤck-wercken / vernunfftſchluͤſſen oder aus der vernunfft und ſchrifft zuſammen gemengten formen .,622169,Daher mir dieſes das beſte zeugnuͤß eines recht grundgelehrten und weiſen mannes iſt / wo er nunmehro wahrhafftig glaubet / daß er noch nicht viel wiſſe / und daß alles itzige wiſſen / ein recht elendes ſtuͤckwerck ſeye .,Early-Early,2
ruhestand,2104641,Die einſtweilig in den Ruheſtand verſetzten Beamten haben folgende Rechte :,2104496,beziehentl . das zur Zeit der Verſetzung in den einſtweiligen Ruheſtand bezogene Reichsgeſ. §. 42 letzter Abſ .,Late-Late,4
zitronensaft,2254680,"Wenn ihr es wollet zu Tiſche tragen , ſo druͤcket erſt Citronenſafft darein .",4641133,"Ich riet , mit dem Kaffee und Citronenſaft fortzufahren , und empfahl dabei ein heißes Fußbad ; dann wollte ich wieder gehen .",Cross-Era,4
brunnenwasser,3928006,Von diſem Thal ſteiget man nicht ohne muͤhe obſich auf den Berg / findet an dem Wege / und erquicket die vom ſteigen muͤd gemachte Beine mit Cryſtall lauterem Brunnenwaſſer / welches man in zimlicher maß kan einſchlucken / ohne daß es dem Trinker ſchaden thut .,1459706,"Allein dieſer Weiſe hat hierdurch gewiß nichts weiter ſagen wollen , als daß man Mangel an Waſſer leiden wuͤrde , wenn das Rad an den Brunnen zerbrochen waͤre , vermittelſt deſſen man in Egypten und dem gelobten Lande das Brunnenwaſſer herauszuziehen pflegte , wovon uns auch die neuern Reiſebeſchreibungen deutliche Nachrichten ertheilet haben .",Early-Early,4
feldzug,4425105,"Reichs Ertz-Marſchall , ſein Erb- Marſchall aber der Graf von Pappenheim , auch iſt er dieſer wegen ein Patron und Richter der Hof- und Feld-Trompeter , ingleichen iſt er befugt , bey Feldzuͤgen , wenn der Kayſer ſelbſt zu Felde liegt , des Reichs Haupt- und Renn-Fahne zu fuͤhren .",3560645,"Die Myrine war eine der Amazonen , welche den Feldzug gegen Troja unternommen hatten ( Herodot , I , 27 ; Ilias , III , 189—190 ; Strabo , XIII , 3 ) .",Cross-Era,4
leinöl,4211719,"Es laſſen aber diejenigen , die ſich deſſen bedienen wollen , daſſelbe bis neunmahl gluͤend werden , und loͤſchen es ein iedes mahl in Leinoͤl ab : hernach , wenn ſie es zu Pulver gemachet , gebrauchen ſie es das wilde Fleiſch damit weg zu beitzen , und nennen das auf ſolche Art bereitete Æs uſtum , Kupfer-Saffran / Crocus Cupri .",2586375,"Eine intensivere Schwärze erreichte man durch die Erzeugung eines schwachen Überzuges von Schwefeleisen , wofür man vielerlei Rezepte hatte , z. B. ein Gemisch von Kalk und Schwefel , oder Spieſsglanz für sich aufgetragen u. s. w. Die Farbe lieſs sich glänzender hervorheben durch einen Firnis von Leinöl oder durch Bernsteinlack .",Cross-Era,4
kartenspiel,2331040,"„ Ihr wart mich wuhl 's Kartenſpielen lahren , Rotzleffel , die d' 'r ſeid ! “ rief Karl den Mitſpielern zu .",4828554,"Durch das Geſetz vom 3. Juli 1878 ( R.G. Bl. S. 133 ) wurden Spielkarten vom 1. Januar 1879 an unter Aufhebung aller Landesſtempelabgaben einer zur Reichskaſſe fließenden Stempelabgabe unterworfen , welche 0,30 Mark für jedes Kartenſpiel von 36 oder weniger Blättern , 0,50 Mark für jedes andere Spiel beträgt .",Late-Late,4
leinöl,662427,"Die Waaren , welche man dahin ſendet , ſind , wenn wir etliche wenige Tuche und Galanteriewaaren ausnehmen , faſt nichts anders , als Weine : im Gegentheil verfuͤhret man aus Petersburg Juchten oder rußiſch Leder , Flachs , Hanf , Leinſaat , Leinoͤl , Pelz- oder Rauchwerk , Talg oder Jnſchlitt , Wachs , Hopfen , Eiſen , Kaviar und dergleichen mehr .",661973,"Die ( b ) auslaͤndiſchen Waaren , mit denen man in Frankreich Handel treibt , ſind vornehmlich Holzwaaren , als Maſten , Breter , Zimmerholz , Klapholz , Stav- und Faßholz ; Leinſaat , Flachs , Hanf , Korn , Amidon , Reiß , Citronen , ſuͤße Pomeranzen , Oliven , Oel aus Jtalien und Spanien , Senf , raffinirter und anderer Zucker , Gewuͤrz , Caffee , Cacao , Taback , Droguereyen zur Arztney , Farbewaaren , Kalb- und Ochſenleder , Bockfelle , Corduan , Juchten , Biberhaͤute , und allerhand anderes Rauchwerk , Wuͤrſte und Nudeln aus Jtalien , Butter , Jnſelt ; hollaͤndiſche- ſchweizer- und Parmefankaͤſe ; Heringe , und andere geſalzene , getrocknete und geraͤucherte Fiſche ; Fiſchthran , Fiſchbein , Stockfiſchrogen , Leinoͤl , Federn , Haare , feine Wolle , rohe und zugerichtete Seide , Elephantenzaͤhne , Theer , Harz , Pech , Eiſen und Stahl in Stangen , Eiſen- und Meſſingdraht , ſchwarz und weiß Blech , Queckſilber , Bley , Zinn , Kupfer , Pfannen , Branntweinblaſen , Piſtolen , Flinten , Picken , feine Hellebarten , Degen , andere Eiſen- und Stahlarbeit , eiſerne Schiffanker , eiſerne und metallene Canonen , Moͤrſer , Porcellaͤn , Spiegel-Fenſter- und Trinkglaͤſer , Alaun , Kupferwaſſer , Vitriol , Pot- und Waidaſche , Steinkohlen , Schwefel , Salpeter , Stuͤckpulver , Lunten , hollaͤndiſche , engliſche und italieniſche Wollen-Seiden-Leinen-Baumwollen- und gemengte Manufacturarbeiten , als Tapeten , Tuͤcher , Sammete , Raſche , Sarſche , Kirſeyen , Cattun , Leinwand , Battiſt , Trillicht , Baucaſſins , Struͤmpfe , Feuerband , Handſchuhe , Spitzen , Eſſenzen , Pomaden , Schnupftaback ꝛc .",Early-Early,4
windspiel,970301,Retter / wie ſolcher unter denen Windſpielen abzurichten ſey ? 173. b. ſeq .,4500860,"Nach den Friſiſchen , Alemanniſchen und bayriſchen Geſetzbüchern werden folgende Raſſen zuſammengeſtellt : Leithund , Treibhund , Spürhund , Biberhund , Windſpiel , Habichthund ( Hapihuhunt ) , Bären- und Büffelfänger , Schweinhund , Schafhund , Viehhund , Hofhund ( Hovawarth ) und Barnbrake ( nach Schilter ein kleiner Schoßhund ) .",Cross-Era,1
feldzug,1384696,"Während der letzten großen Kurdenkriege zu Ende der dreißiger Jahre , mit denen auch Hafis Paſchas Feldzüge gegen Ibrahim von Egypten verbunden waren , wurde im türkiſchen Hauptquartier zu Malatia die Beſchiffung der Strecke angeregt , und zwar zunächſt auf Grund der dringenden Nothwendigkeit , die Bedürfniſſe der Operationsarmee raſcher als auf dem langwierigen Landwege zu befördern .",8897,Beutestück aus dem Feldzuge von 1556 .,Late-Late,2
ruhestand,2104627,"a ) jeden Reichsbeamten einſtweilig in den Ruheſtand zu verſetzen , wenn das von ihm verwaltete Amt in Folge einer Umbildung der Reichsbehörden aufhört. R.-G. §. 24 .",1873148,"Alle diplomatiſchen Agenten können durch kaiſerliche Verfügung jederzeit mit Gewährung des geſetzlichen Wartegeldes einſtweilig in den Ruheſtand verſetzt werden . Dadurch iſt der Regierung ein Mittel gegeben , auch in denjenigen Fällen , in welchen weder ein disciplinariſches noch ein ſtrafrechtliches Verfahren eingeleitet werden kann , diplomatiſche Agenten ihrer Dienſtfunctionen zu entheben .",Late-Late,4
zitronensaft,4205599,"Die Alcanna oder Cyprus , welches die Blaͤtter eines Baͤumleins ſind , das in Egypten und in der Levante in Menge waͤchſt , und den Jndianern Haar und Naͤgel gelb zu faͤrben dienet , wenn es vorher in Waſſer geweichet worden , oder in Weineßig , Citronenſaft , Alaunwaſſer , und andere ſaure Dinge , wenn ſie ſich roth mahlen wollen .",4207003,"Was anlanget den Zitronenſaft , der zu Paris verkaufft wird , denſelben mag man nur gaͤntzlich verwerffen , weil er blos von verfaulten Zitronen gemacht worden iſt .",Early-Early,4
stockwerk,5882730,"Die groͤſten Geſchirre , ſpricht er , ſtehn auf dem unterſten und oberſten Stockwerck , und die andern Stuͤcke auf den mittlern ; alſo daß man ſich nichts Wunderbarers einbilden kan , als dieſes Cabinet , welches eine 8 eckigte Figur machet , alſo , daß man alle Dinge doppelt ſiehet , und nicht weiß , bey welchem man ſich aufhalten ſoll ꝛc. Jm uͤbrigen ſind alle Neben-Zierathen an allerley raren Sachen von Agat , Helffenbein , Muſcheln , Perlen und Corallen-Zincken ꝛc. faſt mehr und beſſer , als man ſich vorſtellen mag . vid. loc. cit. pag. 263. Zu",3272946,"Um jedoch dem ganzen Aufbau eine größere Feſtigkeit zu geben , läßt man vielfach die Stützen in ihrer ganzen Länge durch ſämmtliche Stockwerke reichen .",Cross-Era,4
triebwerk,459904,"So bequem diese Systeme der Umsteuerung für die Arbeit des Walzens waren , so nachteilig erwiesen sie sich für die Maschinen und Triebwerke .",3294062,Alles dies verhüllt mehr und mehr die wahre Natur des Mehrwerths und daher das wirkliche Triebwerk des Kapitals .,Late-Late,3
sonnenschein,660068,"Denn vermittelſt des erſten , hat ſie nicht allein die freye Ab- und Zufuhr nach und von Breßlau ; ſondern auch uͤber Stettin , die Aus- und Einfahrt in die offenbare See , in Anſehung deren ſie beſondere Vorzuͤge und Freyheiten genießet , wie denn , wenn die Frankfurter mit ihren Guͤtern zu Stettin ankommen und große Schiffe vorhanden ſeyn , ſie dieſelben nach errichtetem gebuͤhrlichen Zolle und gehaltener Niederlage dreyer Sonnenſcheine , mit ihren Guͤtern befrachten , und , wohin ſie wollen , verfuͤhren moͤgen .",1127837,"Außerdem dauert der Sommer faſt ein volles Erdenjahr , währenddeſſen der Pol in fortwährendem Sonnenſchein liegt , ſo daß der Schnee zum größten Teile fortſchmilzt .",Cross-Era,2
gesichtszug,3624478,"Der Chan muthmaßete aus ſeinen Geſichtszuͤgen , daß er nicht von ſo geringem Stande ſeyn muͤſſe , als er vorgab , und verſuchte alle Mittel , ihn dahin zu bringen , daß er den muhaͤmmediſchen Aberglauben annaͤhme .",4595899,"Und endlich aͤußerten ihre Lippen , was ein jeder unwilliger Blick und alle gluͤende Geſichtszuͤge vorbedeutet hatten .",Early-Early,4
heerführer,1470104,"Doch lieſsen sich die Fürsten und Heerführer ihr Schlachtschwert auch öfter von einem Waffenträger nachtragen , wie dies Saul in seinem letzten verzweifelten Kampfe gegen die Philister auf dem Gebirge Gilboa that .",2551550,In den Religionskriegen jener fernen Zeit waren die Brüder San Laureano und San Isidoro nach einander Erzbischöfe von Sevilla und kriegskundige Heerführer .,Late-Late,2
kinderspiel,4199578,"Zu pag. 499. Gewöhnliche Kinderspiele , zum Theil sehr durchdacht und anregend , gibt es in Japan eine ganze Anzahl .",1752747,"Da ſiehſt du allenthalben ſo himmelſchreiende Vergewaltigungen des einzelnen Menſchen-Individuums , daß das bischen Bewegungsunfreiheit bei den ſtielverwachſenen Siphonophoren oft recht wie ein Kinderſpiel dagegen erſcheint .",Late-Late,2
bergwerk,2421948,II. 85 . deſſen Heiligkeit in Abſicht auf den Menſchen. I. 151 . deſſen Herrlichkeit leuchtet aus den Bergwerken hervor .,2594425,"„ Wir haben durch eine unwiderrufliche königl. Verordnung , Gesetz etc. bestimmt und erklärt , — daſs keine geistliche oder weltliche Herrschaft , von welchem Rang und Stand auch immer , in unserem Königreich weder jetzt noch in Zukunft , unter welchem Vorwand auch immer , Vorwand , Recht oder Macht haben soll , Bergwerke in Besitz zu nehmen , anzusprechen oder zu fordern , noch von anderen in unserem Königreiche den Zehnten oder einen anderen Anspruch an ein Bergwerk zu verlangen , sondern sollen durch Gesetz und Recht davon ausgeschlossen sein :",Cross-Era,4
eifersucht,5094770,"Mein Herr General , ſagte Eckarth , ich bedaure den guten Cavallier , ob ich ihn gleich nicht gekannt habe , daß er ſich die Eyferſucht , welcher dieſe Nation allzuſehr ergeben iſt , ſo weit verleiten laſſen , doch muß ich geſtehen , daß der junge Soluçki ein Juͤngling von ungemeiner Courage und behender Reſolution iſt ; So wuͤrde auch die Fraͤulein , wofern ſie zum Gewehr kommen koͤnnen , das Jhrige noch ziemlich gethan haben , denn ich mich ſonderlich verwundern muſte , mit was fuͤr einer Generoſitaͤt ſie den einen Moͤrder ergrief , und ihn die Piſtole an den Kopff ſatzte :",1113549,"Auch Metternich ſelbſt begann nunmehr , gleich den beiden bairiſchen Schweſtern in Wien , einen lebhaften Briefwechſel mit dem Münchener Hofe ; die Eiferſucht auf den Zollverein und das aufſtrebende Preußen ließ ihm keine Ruhe , nur durch die römiſche Kirche glaubte er den nordiſchen Nebenbuhler noch bändigen zu können .",Cross-Era,3
bergwerk,651678,"Es hat das Zinn ſeine eigene Bergwerke , welche daher ( 5 ) Zinnbergwerke , oder Zwitterwerke genennet werden ; ob ſich gleich deſſen auch in den Silber- und Bleybergwerken befindet .",1656813,"In der letztern Entzuͤndung deſſelben , deren in denen Philoſophicaltransact. n. 136. Meldung geſchiehet , ſo durch einen , der mit ſeinem Lichte unvorſichtiger Weiſe uͤber das Loch der Dampfgrube hinlief , entzuͤndet wurde , flohe der Dampf uͤber alle Hoͤhlen des Bergwerks mit einem ſtarken Wind und gewaltigen Brauſen hin und wieder , riſſe denen Leuten die Kleider vom Leibe , verſengete und verbrennete ſie an Haut und Haaren , fuͤhrete einige funfzehen bis ſechzehen Ellen von ihren erſten Ort hinweg , und ſchmiſſe ſie wieder die Decke und Pfoſten der Grube .",Early-Early,2
streitsache,619524,Alſo iſts muͤglich / daß ich in facto einiges auslaſſe / als meiner meinung nach nichts dazu thuende / ſo hingegen die gegenparthey als etwas wichtiges anſehen kan / und in ſententia ferenda ein ſtarckes momentum haben mag : ſo mag ich auch eine that anders anſehen / als ſie von andern angeſehen werden kan / ob ich ſie wol vor mich als præoccupiret nicht anders anſehen koͤnte / und alſo / da ich ſie als ſo und ſo bewandt einem andern proponire / nichts mit willen wider die wahrheit thue / und doch wo der richter die ſache nicht auch von einem andern hoͤret / der ſie ſo zu reden durch ein ander farbglaß angeſehen hat / denſelben einnehmen koͤnte / daß ſeine ſentenz darnach der wahrheit fehlen moͤchte : ich kan des andern ſeine wort und actiones interpretiren / wie ſie mir vorgekommen und von mir auffgenommen / und kan doch eben darinnen mich betrogen haben / welches derjenige erſt erkennen wird / welcher auch die gegenparthey anhoͤret / wie ſich ſelbs / ihre wort und thaten interpretire und gemeinet geweſen zu ſeyn bezeuge. u. ſ. f. Daß daher nicht nur den ſicherſten / ſondern faſt einig noͤthigen weg / in dergleichen ſtreitſachen zu ende zu kommen / finde / daß durch ſolche leut der entſcheid geſchehe / welche eine genugſame cognitionem cauſæ eingenommen haben / womit alsdann die gewiſſen beſſer tranquillirt / und alles ſonſten befahrende aͤrgernuͤß abgewendet werden mag . ꝛc. 1684 .,5470306,"Als inzwiſchen der Cardinal Otto in der Streitſache uͤber den Biſchofshut zu Riga fuͤr den Nicolaus geſprochen , den das Kapitel erwaͤhlet ; ſo beſtaͤtigte der Pabſt ſeinen Ausſpruch , und legte den Bremiſchen , welche dawider mureten , ein Stilſchweigen auf .",Early-Early,2
salzwasser,5081086,Das Faͤßlein oder Geſchirr mit der Butter fetzet man an einen kuͤhlen Ort / Keller oder Gewoͤlb / und braucht darvon ſo offt man will / ſchuͤttet von dem obigen Saltz-Waſſer darauf / alſo / daß ſie ſtetig darmit bedecket bleibe .,1483121,"„ Die anderen sieden das gsaltzen wasser , sonderlich das mehrwasser in groſsen eisern töpffen , welche dieweil sie d’ mehrer teil strow zu brennen pflegendt , so machendt sie das saltz schwärtzer , etliche sieden eben in diesen töpffen das saltzwasser ; dieselbigen machendt salz , das nach fischen reucht und schmeckt . “",Cross-Era,4
zitronensaft,2244567,"Hernach kochet mit Hauſen Blaͤtter ein Paar Kalbs- Fuͤſſe , biß ſie weich werden ; langet denn einen Loͤffel voll heraus , probiret es , ob ſolches geſtehe : wenns denn geſtehet , ſo ſeiget es ab , nehmet alles fette mit einem Loͤſch-Papier herunter , thuts in einen neuen Tiegel , gieſſet Wein , auch etwas Eßig darzu , ingleichen Citronenſafft und Zucker , und laſſets auf einem Kohlfeuer auffkochen .",1471622,Statt der Mineralsäuren kann man auch Citronensaft oder Bieressig anwenden .,Cross-Era,3
trauerspiel,3864339,"Es wäre eine intereſſante und dankbare Aufgabe unſerer Bühnen , durch dies Trauerſpiel das Andenken Ferdinand Raimund's neu zu beleben .",4456955,Das Trauerſpiel war aus ; das Idyll begann .,Late-Late,2
windspiel,4424425,"Windſpiel von edler Art , welches , wann der Haſe gefangen , alle Hunde abtreibt , und verhindert , daß er nicht zerriſſen werde .",4417657,Windſpiele braucht man Haſen und Fuͤchſe zu hetzen .,Early-Early,1
feuerwerk,5167333,"Die am hohen Himmels Dach , ſo viel Lichter aufgehangen , Die zu deiner Gottheit Ruhm , als ein ſchimmernd Feurwerk prangen .",1482680,"Von einer zunftmäſsigen Verfassung , wie sie den Meistern der Fechtkunst vom Kaiser Friedrich III. erteilt wurde , ist in den benutzten Werken keine Erwähnung vorhanden , wohl aber , daſs der zum Meister sich ausbilden wollende Geselle bei den Koriphäen seiner Kunst herumreist , um dort zu lernen , wie Meister Hans aus München ( 1502 ) erzählt , bei welchen Meistern er das Feuerwerk , das Pulvermachen , den Schuſs aus den Büchsen , das Werfen aus den Mörsern und endlich das Sprengwerk erlernt habe .",Cross-Era,2
tagewerk,3398473,"Wo das Jahr in ſeiner Fuͤlle Und des Fruͤhlings bunte Pracht Ein gelobtes Land bemerken , Wo des Himmels Ueberfluß Den beſchwitzten Tagewerken Hundertfaͤltig lohnen muß !",519368,"Auch Er hat keinen Feierabend , an dem Er von Seinem Tagewerk ausruht .",Cross-Era,3
seewasser,1314338,"Es muß dieſer Kometſtarck auf das Meer drucken , bis es ſeine Graͤntzen verlaͤßt , dieſe Waſſerſaͤule , nebſt den ausgetretenen Seewaſſer und 40 taͤgigen Regen uͤberſchwemmen den Erdboden und loͤſen ſolchen zum Theil auf .",4211101,"Dieſer Deckel iſt an dem Fiſche , der in der Schale wohnet , veſte gemacht , ſo daß dieß Thier , wenn es ſich tieff in ſein Haus hinein begiebet , den Deckel nach ſich ziehet , und das Loch der Schale oder die Oeffnung dermaſſen genau verſchließt , daß kein Troͤpflein Seewaſſers hinein zu tringen vermag .",Early-Early,4
kreuzzug,5465364,"Engelberts libr. 2. c. 6 & 7. Jch ſehe auch nicht , was es hindert , wenn man dieſen fuͤr eben denſelbigen haͤlt , der Anno 1199 einen Kreuzzug nach Liefland gethan , 1214 der Schlacht bey Bovines beygewohnet , und 1225 dem Erzbiſchof von Coͤln gegen die Straſſenraͤuber beygeſtanden .",6047,Das Ende des 11. Jahrhunderts bezeichnet den Beginn der Kreuzzüge .,Cross-Era,2
bildhauer,5545461,"Branca urſina Virgilii , I. B. Acanthus ſativus vel mollis Virgilii , C. Bauh . wovon Virgilius Eclog. 3. und Ovidius lib. 13. Metamorph . geſchrieben , daß die Roͤmiſchen Bildhauer vor Zeiten ihre Blaͤtter , wegen ihrer Zierlichkeit , an die Statuͤen und Saͤulen einzuhauen gepfleget , ingleichen , daß die Heyden ſolche auf ihr Trink-Geſchirre zeichnen laſſen ; wird auf zweyerley Weiſe vermehret .",2321051,"Zu jener Zeit war der Maler Juan van der Hamen archero , d. h. von der burgundischen Leibwache ; der florentiner Bildhauer Rutilio Gaxi einer der zwanzig acroys oder gentilhombres de la casa , welche den König in die Kirche und bei Festen begleiteten .",Cross-Era,4
feuerwerk,4855249,"Das Rohr , ſo aus den Teichen gehauen wird , muß ebenfalls an manchen Oertern , wo das Holtz angenehm , ein Feuerwerck mit abgeben , wiewohl es zum Decken der Haͤuſer , und zu andern Haußwirthlichen Gebrauch noch weit beſſer zu nutzen , als ſo .",1117999,"Der große Zapfenſtreich im Brühler Schloßhofe , das prächtige Feuerwerk in Köln , die Enthüllung des Beethoven- Denkmals in Bonn und die tauſend Salutſchüſſe , die von den Wällen des Ehrenbreitſteins und den Coblenzer Bergfeſten herabdröhnten , erregten auch bei den verwöhnten britiſchen Gäſten Verwunderung , und bis zu Thränen fühlte ſich die Königin gerührt , als der erlauchte Schloßherr zu Brühl in einem begeiſterten Trinkſpruche das Wort feierte , das in britiſchen und deutſchen Herzen hell erklinge , wie einſt auf dem Siegesfelde von Waterloo , ſo jetzt unter den Segnungen des Friedens am ſchönen Geſtade des Rheins : Victoria !",Cross-Era,2
gesichtszug,4595669,Deine ſtarken Geſichtszuͤge gluͤeten von Mitleiden gegen mich .,1534265,"Sie muͤſſen ſich vor ſolchen unanſtaͤndigen Heftigkeiten huͤten , die ihnen alle Lineamente in Unordnung bringen , und ihnen wirklich ihre ganzen Geſichtszuͤge verzerren , wenn ſie ſich dergleichen heftigen Bewegungen zu oft uͤberlaſſen .",Early-Early,4
wortspiel,5697719,"Das Wortspiel wurde zur Fabel von der römischen Herkunft der Burgunder ausgesponnen , über welche Ammianus Marcellinus XXVIII 5 , 11 berichtet , indem er die Burgunder sagen läſst : quod iam inde temporibus priscis subolem se esse romanam Burgundii sciunt .",2004521,"Hörst du nicht , wie der Geist hier zum Wortspiel wurde ?",Late-Late,2
meerwasser,4616755,"Es ist also vorherrschend eine Meerfauna ; ich kostete das Wasser und fand es stark salzig , noch bitterer als reines Meerwasser , so dass es mir trotz lebhaften Durstes widerlich blieb .",1128106,Sie waren zum Teil durch den Sturz und das Meerwaſſer beſchädigt .,Late-Late,4
stückwerk,5166198,"Doch der Schatten wird verfliegen , Dieſes Stuͤkwerks Dunkelheit , Wird das hellſte Licht beſiegen Der verklaͤrten Ewigkeit ; Wer im Chor der Seraphinen , GOTT , wird erſt im Schauen dienen , Dem wird mehr noch kund gethan , Als man hier begreifen kan .",2456827,Im Ganzen aber blieb die Ausbildung Stückwerk .,Cross-Era,4
trauerspiel,3276485,"Aus dieſen Epiſodien oder Handlungen ſey nachmahls der Coͤrper des Trauerſpiels geworden , und die Choͤre ſeyn zulezt nichts weiter als ein Theil derſelben geweſen , den man mit den andern auf eine wahrſcheinliche Art habe zuſammen ordnen muͤſſen .",3865651,"Goethe konnte er nie die eigenthümliche Kritik über ſein religiös-myſtiſches Trauerſpiel » Genovefa « vergeben , als der Altmeiſter nach Tieck's Vorleſung deſſelben im Jenaiſchen Schloß nur ſeinem kleinen Wolfgang fein lächelnd die Locken aus der Stirne ſtrich und ſagte :",Cross-Era,4
eisenwerk,3136266,"Dem zu folge wurde unter ſeiner Anweiſung auch eine Schmiede-Werck-Staͤtte zu bauen angefangen , in welcher die Naͤgel und anderes zum Schiff-Bau gehoͤriges Eiſenwerck geſchmiedet und zubereitet werden ſolet , hatten ſelbige auch allbereit in ziemlich guten Stande , als eines Tages meine 3. juͤngſten Soͤhne , welche beſtellet waren , die leichteſten Holtz-Stuͤcke mit Huͤlffe der Affen ans Ufer zu ſchaffen , gelauffen kamen , und berichteten , daß ſich nahe an unſerer Jnſul ein Schiff mit Menſchen beſetzt ſehen lieſſe ; weßwegen wir ingeſammt zwiſchen Furcht und guter Hoffnung hinab zum Meer lieffen , und erſahen , wie bemeldtes Schiff auf eine der vor uns liegenden Sand-Baͤncke auſgelauffen war , und nicht weiter von der Stelle kommen konte .",1402288,"Oberschlesische Hochöfen setzen ihren eigenen Erzen ungarische Spatheisensteine zu , wenn sie phosphorreinere Roheisensorten darstellen wollen ; grosse Mengen Braun- und Rotheisenerze bezieht alljährlich das Eisenwerk Witkowitz in Mähren aus einem vom Staate gepachteten Erzrevier im Borsoder Comitate ; auch Eisenwerke in Oesterreichisch-Schlesien besitzen Spatheisensteingruben im Zipser Comitate und beziehen von dort den grössten Theil ihres Erzbedarfes .",Cross-Era,2
mauerwerk,1408141,"Sie sind , wie erwähnt , durch Mauerwerk von feuerfesten Ziegeln eingefasst und oben durch je einen Deckel geschlossen , welcher aus einem eisernen Rahmen mit eingesetzten feuerfesten Steinen besteht .",1399127,"Auch das Gestell und die Rast , sofern letztere überhaupt in Masse gefertigt werden soll , müssen äusserlich durch Mauerwerk aus feuerfesten oder gewöhnlichen Ziegeln begrenzt sein , welches vorher fertig gestellt und innerhalb dessen das Einstampfen vorgenommen wird .",Late-Late,2
bildhauer,2403483,"Der Künstler trägt einen weiten schwarzen Rock mit Ledergürtel und einen schwarzseidenen Mantel : ein Anzug in dem ein Bildhauer kaum modelliren wird , es sei denn , dass er eine sehr vornehme Person vor sich habe . —",1097721,"Die schüchternste Zeitberechnung führt Menes zurück bis auf 3892 v. Chr. und unter ihm waren die Aegypter längst schon Baumeister , Bildhauer , Maler , Mythologen , und Gottesgelehrte .",Late-Late,4
heerführer,3159304,Die Frantzoͤiſche ungleich kleiner ; Aber ihre Heerfuͤhrer ſo wol als die Soldaten ſeynd von groſſer Tapferkeit / und weil der gantzen Chriſtenheit ihre Wohlfahrt an dem Ausgange dieſer Schlacht henget / ruffen ſie zu Gott und ermuntern einander behertzt zu fechten .,12913,"’Alem , im Volksmunde Blutfahne genannt , ist das Banner des Heerführers .",Cross-Era,4
rechtsstreit,3208990,"Jn ſachen des profeſſors Orts zu Giſen , wider den damaligen profeſſor der arzenei-kunde Valentini , entſtand ein rechtsſtreit .",3173974,"Dabei waltet izt ein rechtsſtreit : ob der nachbar einem muͤller die fahrt verbauen moͤge , daß er von der gemeinen ſtraße durch die erfoderliche umkehr und kruͤmmung mit einem wellbaume zur muͤlen nicht mehr faren koͤnne ? diſe fahrt gehoͤret zum narungsſtande des muͤllers , davon entrichtet er ſteuren und gaben .",Early-Early,4
eifersucht,3534950,"Dieſer Diſcours entzuͤndete des Gouverneurs Bruſt mit Eyferſucht und Argwohn ; Und deſto mehr Oel in ſeine Flammen zu gieſſen , geſchahe es , daß er von ohngefehr zum Fenſter hinaus ſahe , und den Obriſten und ſein Weib erblickete , welche mit einander im Garten herum ſpatzierten und einander bey den Haͤnden fuͤhreten , biß ſie ſich mit einander in ein Luſt-Hauß hinein begaben , woſelbſt er ſie in ipſo Actu Adulterii erdappte :",170239,"So muſs also in der Periode zwischen dem Absterben des ionischen Epos und dem Aufblühen des attischen Drama’s ein gewaltiger Umschwung in der Sagengestaltung erfolgt sein , zu dem sich ein Ansatz allerdings bereits in der späteren Partie der Nekyia findet , ein Umschwung , durch den die von Natur gutartige , aber schwache und den Verführungskünsten des Aigisthos nicht gewachsene Frau , die bei Homer Klytaimnestra ist , umgewandelt wird in das leidenschaftliche von Lieb und Haſs und Eifersucht bis in’s Innerste bewegte , listige und thatkräftige Weib , als welches uns Klytaimnestra bei Aischylos entgegentritt .",Cross-Era,3
rechtsstreit,3173250,"Was fuͤr ein rechtsſtreit zwiſchen Kur-Mainz und Hanau im anfange des vorigen jar-hunderts wegen des markt-ſchiffes entſtanden ; ſolches iſt teils beim Thomas Merkelbach t. I der conſiliorum , Caſpar Klock ſ .",1871013,"Geſetze , welche Ermächtigungen ertheilen , haben die Wirkungen von Vollmachten ; Geſetze , welche einen Rechtsſtreit entſcheiden , haben die Wirkungen von Urtheilen ; Geſetze , welche den Haushalt regeln , haben die Wirkungen von Wirthſchaftsplänen , alſo von Verwaltungsvorſchriften u. ſ. w. .",Cross-Era,4
kartenspiel,2066696,Natürlich wurde der Sold im Kartenspiel verjubelt .,5408437,"Sie haben ferner das chinesische Schach- , Trictrac- und Kartenspiele , und würfeln mit Leidenschaft .",Late-Late,4
rechtsstreit,3173974,"Dabei waltet izt ein rechtsſtreit : ob der nachbar einem muͤller die fahrt verbauen moͤge , daß er von der gemeinen ſtraße durch die erfoderliche umkehr und kruͤmmung mit einem wellbaume zur muͤlen nicht mehr faren koͤnne ? diſe fahrt gehoͤret zum narungsſtande des muͤllers , davon entrichtet er ſteuren und gaben .",3166917,"Den rechtsſtreit erzaͤlet George Adam Struve de iure ouium , und aus diſem Stryk im vſu moderno π . im 21ten buche tit. I § 14 , auch der von Rohr im haushaltungsrechte ſ. 819 fg .",Early-Early,4
zitronensaft,2254680,"Wenn ihr es wollet zu Tiſche tragen , ſo druͤcket erſt Citronenſafft darein .",645604,"Die Farbe , welche dieſe Rinde der Wurzel hervorbringt , iſt eine ſchoͤne feuerrothe Farbe ; oder , wenn man ein wenig Citronenſaft hinzu thut , eine helle gelbe Farbe .",Early-Early,4
rehbock,4415853,"Werden die Hoͤrner eines Hirſchen , des Rehebocks Hoͤrner aber Gehoͤrne genennet . ſiehe Gehoͤrn .",4856422,"Der Reh-Bock hat gemeiniglich einen ſtaͤrckern Fuß als die Ruͤcke , ihre Schaalen an den Lauf-Klauen ſind ruͤnder , und unten iſt der Fuß voͤller gehohlet , als bey den Geiſſen .",Early-Early,4
brunnenwasser,4197327,"Das Abstossende , welches eine solche Badeeinrichtung für uns hat , wird etwas verringert , wenn man bedenkt , dass sich die Sache täglich wiederholt , Seife und andere das Wasser verunreinigende Stoffe nicht gebräuchlich sind und das Ganze mehr in einem raschen Abwaschen des Körpers besteht , während eine Vorrichtung zur Seite der Badewanne jedem ihr Entsteigenden Gelegenheit bietet , sich Kopf und Hände mit frischem Brunnenwasser zu waschen , das kein Anderer mitbenutzt .",2596560,"Sobald man sieht , daſs sie heiſs genug sind , wirft man den ganzen Pack in ein Gefäſs mit kaltem Quell- oder Brunnenwasser , je kälter , je besser .",Late-Late,4
ruhestand,2900357,"Denn es iſt die Regul , daß einem Regenten dem natuͤrlichen Rechte nach alles dasjenige , ohne welches der allgemeine Friede und Ruheſtand des Landes nicht befoͤrdert werden kan , zu verſtatten .",3160240,Aber dieſes alles geſchiehet nach der Handels-Freyheit / und verhindert nicht / daß deßwegen der Friede und Ruheſtand erhalten werde .,Early-Early,4
bildhauer,1338676,Sokrates hatte nicht umſonſt einen Bildhauer und eine Wehmutter zu Eltern gehabt .,5711467,"Ob nun zwar dieſes dem gemeinen Poͤbel laͤcherlich vorkam ; ſo haben dennoch Ihro Parnaſſiſche Majeſtaͤt ſolches vor ein ſo hochwichtiges Werck gehalten , daß ſie dem weitberuͤhmten Bildhauer Praxiteli auferlegen und anbefehken laſſen , ſolches in eine marmorſteinerne Tafel einzuhauen , damit ſich in kuͤnfftigen Zeiten die Hof-Courtiſanen , ſo uͤber einander eyffern , daran zu ſpiegeln haͤtten .",Early-Early,4
murmeltier,1270583,"Sonſt zahlt man vor ein Murmelthier , Zwey Mandel Naſen-Stuͤber , Doch kriegt ein Huͤpel-Junge hier , Noch ein paar Dutzend druͤber ; Drum ſperr dich kuͤnfftighin nicht mehr , Und ſprich , der Korb iſt fertig , So bleibeſt du bey deiner Ehr , Denn allzuſcharff macht ſchaͤrttig .",4172694,"Mus alpinus , montanus , auch Murmentum , das Murmelthier , iſt wie eine groſſe Maus und klein Caninchen anzuſehen , haͤlt ſich auf den Alpen-Gebuͤrgen auf .",Early-Early,2
salzwasser,2187099,Dem Ahl muͤſt ihr bey dem Kopffe die Haut abloͤſen / und ſelbige abziehen / nehmt ihn alsdenn aus / ſchneidet ihn in Stuͤcken / ( nehmt aber zufoͤrderſt das Aederlein / ſo durch den Ruͤckgrad geht / davon ) bruͤhet ihn alsdenn ab mit ſiedend heiſſen Saltz-Waſſer und Eßig / waſchet ihn wiederum / ſiedet ihn alsdenn mit halb Wein / Waſſer oder Eßig / klein geſchnittenen Peterſilien / Salbey / jungen Mangold / oder Spienat / Majoran / Saltz / Pfeffer / Jngber / Saffran / und wenig friſcher Butter .,5528218,"Eine der bekannteſten dieſer „ künſtlichen Kernſeifen “ iſt die nach ihrem erſten Herſtellungsorte benannte Eſchweger Seife , welche beim Sieden ausgeſalzen und , um ihr den hohen Waſſergehalt mitzuteilen , mit verdünnter Lauge und Salzwaſſer „ gefüllt “ wird .",Cross-Era,4
ziegenbock,1937130,"Eine Lauß aus Nova Zembla , ein Ziegenbock aus Meſopotamien ſind auch etwas rares .",4500882,"Langethal , Geſchichte der teutſchen Landwirthſchaft. Bd. 1. S. 258. Baſtarde von Schaf und Ziegenbock heißen bei Iſidor von Sevilla tityrus .",Cross-Era,4
heerführer,3945625,"Von der andern Seite hat , unter den Gothiſchen Heerfuͤhrern , ſich Alarich ſchon damals herfuͤr gethan , wie im folgenden Buch angemercket wird .",2587273,"Eine sehr vornehme und zugleich altdeutsche Waffe war der Streithammer , aus der alten Barte entstanden , die Waffe der Heerführer .",Cross-Era,2
eisenwerk,2474445,"Dicht bei Broseley lag das Eisenwerk Calcutt , welches drei Hochöfen , mehrere Guſsflammöfen , eine Kanonenbohrmaschine und Eisendreherei hatte .",4574688,"Dieses Ergebnis machte die Eisenindustriellen indes keineswegs mutlos , vielmehr entstanden im Jahre 1888 eine Anzahl neuer Werke. J. von Baffacio baute eiserne Schiffe ; die Firma Pirelli & Co. in Mailand legte in Spezia eine Drahtseilfabrik für Kabel an ; die Eisenwerke im Bezirke von Genua vergröſserten sich und erhöhten ihre Produktion .",Late-Late,4
salzwasser,2256204,"Siedet den Karpffen-Rogen in Saltz-Waſſer halb gar ab , darnach ſchneidet ihn mit einem Schneide- Meſſer klein , pasſiret ihn ein wenig in Butter , thut etwas geriebene Semmel , und auch 3. Eyer drein , wuͤrtzet es mit Ingber und Pfeffer , gieſſet ein Paar Eß-Loͤffel voll ſuͤſſen Rahm drunter , und ruͤhret es alſo auf dem Kohlfeuer durch einander ab .",5080670,Man nimmt ſchoͤne gelbe Citronat-Aepfel / ſchneidet ſie in vier Theile / darnach die innern Faſen und das unſaubere Weſen heraus geſchnitten / dann legt man ſie in ein gutes Saltz-Waſſer / ſo wohl ſcharff gemachet / vier oder fuͤnff Tage / oder laͤnger ein / biß ſie ſich ſchoͤn durch freſſen / dann gieſſet man das Saltz-Waſſer darvon / und legt ſie in ein friſch Brunnen-Waſſer / daß es das Saltz-Waſſer wieder heraus ziehet / alsdann gieſſet man ſolches wieder herab / ſiedet ſie in friſchem Waſſer / daß ſie wohl weich werden .,Early-Early,4
zeughaus,9485,"Eine Stelle in einer alten Passauer Chronik , welche uns Leber in seinem Werke : „ Das kaiserl. Zeughaus zu Wien mitteilt , berichtet , daſs die Passauer Klingenschmiede das Wolfszeichen 1349 durch Albrecht den Lahmen erhalten hätten .",1712492,"Und dazu kamen nun noch die ſtädtiſchen Getreideſpeicher und Zeughäuſer , die Beſchaffung von Kanonen und Waffen .",Late-Late,4
gesichtszug,2172271,"Stelle dir nun einmal vor , ( wenn ich meine Schoͤne uͤberwunden habe ) du ſieheſt mich nachlaͤßig mit uͤbereinander geſchlagenen Knien auf meinem Canape ſitzen , der Gott der Liebe tanzet mir in den Augen herum , und freuet ſich uͤber einen jeden ihrer aufſchwellenden Geſichtszuͤge ; der ſuͤße loſe Schalk , der kurzens noch ſo ſtolz und ſproͤde that , iſt voͤllig in meiner Gewalt , koͤmmt langſam zu mir , wenn ich ihm winke ; Schwellende Seufzer , halb geſtammlete Vorwuͤrfe kommen von ihren murrenden Lippen ; ſie reibet ſich das Auge , und verdoppelt ihre Schritte , wenn ich rufe : Komm hieher , liebſtes Kind !",4595669,Deine ſtarken Geſichtszuͤge gluͤeten von Mitleiden gegen mich .,Early-Early,4
sonnenlicht,1123776,"So nuͤtzet , was Gott zugericht , Es nuͤtzt das guͤldne Sonnenlicht , Es nuͤtzt dein Wunder-reich Geſicht Nicht dir , auch deinem Schoͤpfer nicht .",3512581,"Es verkehrt die finſtern Blicke , Jn ein heitres Sonnenlicht .",Early-Early,4
salzwasser,5081084,Darnach ein friſches Waſſer / und ſo viel Saltz darein gethan / ſo lange biß daß ein friſch gelegtes Huͤner-Ey auf dieſem Saltzwaſſer empor ſchwimmet .,5517501,"3. Ferner will er Mittel angeben , um beliebig lange Zeit unter Waſſer verweilen zu können , um bei geringerer Tiefe auch in trübem Waſſer alle Gegenſtände , die auf dem Grunde ſich befinden , ganz deutlich aufzunehmen , um das Salzwaſſer trinkbar zu machen .",Cross-Era,4
kreuzzug,5625074,"Beim Duisburger part. II c. 5 , bedeutet es den Kreuzzug ſelbſt nach dem gelobten Lande .",2668418,"Creutz-Zug , ſuche Croiſade .",Early-Early,4
gesichtszug,1534272,So verſtellen auch andere ausſchweifende Leidenſchaften die Geſichtszuͤge unſerer Frauenzimmer .,1093070,"Nun hat unser grosser Alexander v. Humboldt geäussert , dass , wenn jene Cursänderung nicht stattgehabt hätte , die Schiffe nach Florida gelangt wären , und die Spanier nicht Mittelamerika , sondern die Vereinigten Staaten bevölkert haben würden , so dass ohne jene Herzenseingebung des Pinzon die neue Welt heute andere ethnographische Gesichtszüge uns darbieten würde .",Cross-Era,3
windspiel,3299198,"Dieſes merkt das ſcheuche Wild Das den ſchlauen Jaͤger fuͤrchtet und die Angſt von Herzen bruͤllt , Wenn das Windſpiel es verliert , es verkreucht ſich unter Hekken , Die mit einen friſchen Laub ſie in ſanften Schatten dekken .",4409063,"Dieſes Pſerd hat genug Gedaͤrme , und ſeine Lenden bezeugen , daß es wohl iſſet ; Hingegen das andere iſt aufgeſchuͤrtzt , d. i. es hat keinen Bauch , eingefallene weite Seiten , wie ein Windſpiel , dahero hat es keine Dauer .",Early-Early,2
eisenwerk,3175310,"Zum eiſenwerk laͤſſet ſich diſe mine nicht gebrauchen ; wie man andrer orten das eiſen zum ſtale mache , erzaͤlen Marperger im kaufmannsmagazin II ſ. 504 , und der von Rohr ſ. 258 des Oberharzes .",434572,Sonſt ſchiene ſie auswendig gleichſam auff Blaͤtter-Art verguͤldet / und mit Eiſenwerck wol verſehen .,Early-Early,2
kreuzzug,4218765,Das Feldgeſchrey aber iſt aus den Creuzzuͤgen herzuleiten .,2553235,Dünkirchen wird bereits zur Zeit der Kreuzzüge genannt .,Cross-Era,4
feuerwerk,4907136,"Es laͤſt auch gar artig , wenn bey einigen praͤchtigen Feuerwercken , die man mit Abfeuerung einiger halber oder gantzer Carthaunen eroͤffnet , Mercurius , oder ein Adler , oder ſonſt etwas anders geflogen kommt , und das Feuerwerck anzuͤudet .",4906211,"Sie laſſen guͤldene und ſilberne Schauſtuͤcken praͤgen , und uͤberbringen die anſehnlichſten Præſente , ſie erbauen koſtbahre Ehren-Pforten , zuͤnden Freuden-Feuer und Feuerwercke an , und alle Staͤnde laſſen durch ihre Deputirten ſolenne Reden bey ihren Herrſchafften ablegen .",Early-Early,4
sonnenlicht,5166516,"Tugend hat ein hell Geſicht , Das mit reinen Strahlen glaͤntzet Und ſich wie ein Sonnenlicht , Mit dem eignen Schimmer kraͤntzet ; Laſter haben auch zwar Schein , Aber der von auſſen ſtrahlet Und wie ein unechter Stein Mit erborgten Farben prahlet .",1122943,"Jch ſah das ſchoͤne Sonnenlicht Am Horizont , mit vielen Stralen , Den Himmel , und zugleich den Fluß im Wiederſchein , recht lieblich malen ; Jch ſahe ganze Heerden Menſchen andaͤchtige Gebehrden zeigen , Und , mit erhabnen Aug-und Haͤnden , in das fatale Waſſer ſteigen , Woraus bald hier , bald da , bald dort erſchrecklich haͤßliche Figuren , Von Crocodill- und Waſſer-Drachen , mit aufgeſperrten Rachen , fuhren , Die ungluͤckſeligen Vergnuͤgte , die ſich mit Fleiß zu ihnen drungen , Bald hie bald dort ergrimmt ergriffen , zerfleiſcht-zerquetſchten und verſchlungen .",Early-Early,2
ziegenbock,4163383,"Cornu , heiſt insgemein ein Horn , an iedem gehoͤrnten Thier , als am Hirſch , Ochſen , Ziegenbock ꝛc. in der Medicin aber ſind ſolcher Hoͤrner die gebraͤuchlichſten :",1937130,"Eine Lauß aus Nova Zembla , ein Ziegenbock aus Meſopotamien ſind auch etwas rares .",Early-Early,4
trauerspiel,2419862,"Dies iſt ein Beiſpiel das uns lehrt , wie leicht die fluͤchtge Jugend faͤllt , Auf einer ſchluͤpfrig glatten Bahn in der verfuͤriſch falſchen Welt , Und wie nichts deſto weniger das eitle Herz ein Luſtſpiel ſuchet , Das man am Ausgang erſt erkennt , und als ein Trauerſpiel verfluchet .",2856691,"Das wird manchen weg und umweg kosten ; es scheint sogar geraten , zunächst einen holzweg einzuschlagen , weil in der litteraturgeschichte die holzwege die betretensten zu sein pflegen . die komödie ist viel verständlicher als die tragödie : fangen wir mit ihr an . das muſs dem modernen doch sehr aussichtsvoll erscheinen . denn wir sehen mit recht trauerspiel und lustspiel nur als zwei arten derselben gattung , der dramatischen poesie , an . darin sind uns die peripatetiker vorangegangen , und logisch ist es gewiſs . nur hat es für Athen keinen sinn . dort konnte zwar der gröſste philosoph , zugleich der gröſste dichter , auf den gedanken dieser einheit kommen , aber selbst er lieſs es nur in der vorgerücktesten weinlaune aussprechen . in der praxis waren komödie und tragödie zwei so grundverschiedene dichtungsgattungen , daſs es gleich ungeheuerlich erschien , Aristophanes eine tragödie , Agathon eine komödie dichtend zu denken ; woran nichts geändert wird , auch wenn in den zeiten des verfalls geringere leute diesen versuch gemacht haben , wie z. b. von Timokles feststeht . für Athen ist das dramatische etwas accessorisches sowol in der komödie wie in der tragödie . die übergeordnete gattung könnte nur dionysisches festspiel heiſsen , wo dann aber sofort der dithyrambos als dritte gleichberechtigte art hinzutreten und diesen versuch einer definition unbrauchbar machen würde . für uns ist das dramatische entscheidend , ist aber auch die sonderung in tragödie und komödie eine inhaltsleere concession an die antike , welche nur zu der annahme von bastardgattungen wie des s. g. schauspieles oder dramas führt . wir wissen also im voraus , daſs wir zum ziele über die komödie nicht kommen können ; aber bei wege dürfte doch manche wichtige belehrung abfallen .",Cross-Era,2
feldzug,3628944,"ſo richtet er alle ſeine Sorgfalt einzig und allein auf die Kriegeszuruͤſtungen , und dieſes mit dem groͤßten Eifer ; laͤſſet ſechs und dreyßig große Kriegsſchiffe bauen , davon er einen Theil gegen die Venetianer , den andern aber gegen die Ruſſen beſtimmet hatte ( denn dieſe hatten ſeit der Eroberung von Aßak angefangen , in dem ſchwarzen Meere eine Flote zu bauen ) , nebſt noch einer großen Anzahl Galeen und Galioten ; beehret den Admiral Mezzomorto , der in Schiffskleidern einherginge , mit dreyen Tug , und traͤget ihm die Befehlhabung uͤber das ganze Meer und alle Eylaͤnder auf ; laͤſſet auch den uͤbrigen Seebefehlhabern , die ſich in dem vorigen Feldzuge beſonders hervorgethan hatten , anſehnliche Geſchenke reichen .",3941913,Aurelii neuer Feldzug .,Early-Early,4
sonnenstrahl,1655511,"Dieſe feuchte Materie nun , nachdem ſie von der natuͤrlichen Waͤrme fruchtbar gemacht worden , ſey des Nachts durch einen Reif , der aus der Luft herabgefallen , genaͤret , bey Tage aber durch die Sonnenſtralen immer haͤrter und veſter gemacht worden , bis mit der Zeit die eingeſchloßene Frucht zur voͤlligen Reife gelanget , und endlich , nachdem die gedachten Haͤute ausgetrocknet und geplatzt , allerley Arten der Geſchoͤpfe hervorgekommen .",4907833,"Die Staͤubchen in einem Sonnenſtrahle , welcher in einem verfinſterten Gemache uͤber eine Stange faͤhrt , die auf blauſeidnen Schnuͤren liegt , und electriſiret wird , gerathen in mancherley Bewegungen .",Early-Early,4
rechtsstreit,3173250,"Was fuͤr ein rechtsſtreit zwiſchen Kur-Mainz und Hanau im anfange des vorigen jar-hunderts wegen des markt-ſchiffes entſtanden ; ſolches iſt teils beim Thomas Merkelbach t. I der conſiliorum , Caſpar Klock ſ .",3164473,"Dargegen die beiſpiele aus dem hauſe Baden-Baden und Pfalz-Birkenfeld ꝛc. nichts fuͤrtragen ; ſintemal ſolche misheiraten , welche durch machtſpruͤche gebilliget worden ſind , nichts beweiſen , auch daher , daß die gevettern ſowol lehnsfolger , hier und da in ſelbige gewilliget haben , kein Reichsherkommen zu folgern iſt ; vilmer am tage liget , daß ſo oft dergleichen ungleiche ehen ohne der anverwandten , oder mitbelehnten einwilligung getroffen worden ſind , eine groſe irrung , und ein beſchwerlicher rechtsſtreit daruͤber ſich eraͤuget habe .",Early-Early,4
seewasser,1753669,"Indem die Männlein meiſt unten ſchwänzeln und eine tiefere Schicht Seewaſſers mit ihrer Pollutionsmilch erfüllen , während die Weiblein von oben her ihre Eier durch dieſe Samenwolke hindurchfallen laſſen , entſteht auf gut Glück die eigentliche Hochzeit von Samenzelle und Eizelle , — auf gut Glück und dank einer braven Verſchwendung von beiden Seiten .",4284021,"Und unendlich iſt denn auch hierin die Auſter übertroffen : der Tintenfiſch iſt ein Schwimmer , Läufer , Kletterer , ja ſelbſt Baukünſtler , der ſich mit Steinen verbarrikadiert , wie er in ſeinem Element , dem Seewaſſer , ſeines gleichen ſucht .",Late-Late,2
stückwerk,2947678,"Nur uns heut lebenden , konnten dergleichen Stuͤck-Werck nicht dienlich , und zu unſerm Vorhaben hinlaͤnglich ſeyn .",4764424,"Ach ohne dieſes iſts alles Stuckwerck , da iſt kein wahre , lautere Weißheit , Klugheit und Vorſichtigkeit , alles iſt mit Eigen-Duͤnckel und Blindheit vermenget , da man zwar ein gute Meynung hat , dabey aber die Seelen mehr verſcheuet , als fahet , das Gute durch mancherley Verſehen mehr hindert als foͤrderet ; GOtt aber kan auch aus unſerer Finſterniß das Liecht hervor ziehen .",Early-Early,4
brunnenwasser,5426383,"Und etwas wünſchen die beiden guten Leute doch auch dafür zu haben , daß ſie Einen in dieſe Welt voll abgenagter Knochen , trockner Brodrinden und höchſt geſunden , klaren , erquickenden und vor Allem billigen Brunnenwaſſers hineingeſetzt haben , Eduard ! “",5404153,"Das Brunnenwasser des salpeterhaltigen Bodens kann Niemand trinken ; so ist denn Tien - tsin auf den Lehmbrei des Pei-ho und des Canales angewiesen , welche allen Unrath der Stadt aufnehmen ; auch faulende Thierleichen und anderes Unsägliche schwimmen darin herum .",Late-Late,4
kinderspiel,477800,"Was Carl der fuͤnffte that , iſt gegen deinen ſiegen Ein bloſſes kinder-ſpiel .",4040455,Jſt diß ein kinderſpiel / wo goͤtter unterliegen / Wo nur ein eintzigs kind ſie wehrloß hat gemacht ?,Early-Early,4
feuerwerk,4907136,"Es laͤſt auch gar artig , wenn bey einigen praͤchtigen Feuerwercken , die man mit Abfeuerung einiger halber oder gantzer Carthaunen eroͤffnet , Mercurius , oder ein Adler , oder ſonſt etwas anders geflogen kommt , und das Feuerwerck anzuͤudet .",6105683,Abends ist Feuerwerk .,Cross-Era,4
stockwerk,3273392,"Bei einem einſtöckigen Gebäude würde die Wand mit dem Gebälke abſchließen , hingegen bei Anordnung mehrerer Stockwerke beginnt die Wandbildung mit der Schwelle a' von Neuem , indem die Stiele e' , f' , z' und die Streben s' in derſelben Weiſe wie vorhin mit Riegeln verbunden und mit dem Rähm w' bedeckt werden ; im Giebel ſtehen ſämmtliche Ständer und Streben auf dem Ortbalken o .",831546,"Vor dem Altar dieſes Konfliktes wird der arme Menſch gekreuzigt , der Weg der Liebe , die zum höheren moraliſchen Stockwerk anſteigen ſoll , fällt wieder einmal unter das Meſſer .",Late-Late,2
wunderwerk,778370,"Die allerberuͤhmteſten und vormals unter die ſieben Wunderwercke der Welt gezehlten Pyramiden , finden ſich noch heutiges Tages , wiewol etwas zerſtuͤmmelt und verfallen , in Egypten etwa 3. Meilen von Cairo .",3973272,"Gottheit , die du deine Liebe , Und wie ſehr du uns geneigt , Nebſt dem Macht- und Weisheitstriebe , Auch in dieſer Frucht gezeigt , Gieb , daß , wenn ich Maulbeer ’ eſſe , Jch dein Wunderwerk ermeſſe , So in ihrem holden Saft , Als in meiner Zunge Kraft .",Early-Early,2
hausstand,1932016,Wie in ſtatu compoſito und zwar im Hausſtande ?,1093206,"Im alten Peru wurde den Männern erst im 24. , den Frauen im 18. Lebensjahr die Begründung eines Hausstandes gestattet .",Cross-Era,2
wunderwerk,636316,"Es hoͤrt , o Wunderwerck ! des Coͤrpers Handlung auf , Damit der Geiſter Krafft , die unſre Waͤrme naͤhret , Wovon der Sinnen-Schaar den groͤſten Theil verzehret , Sich mehr vereinen koͤnn’ und ſich verbinden , Um unſer Lebens-Feur von neuen anzuzuͤnden : Daher , wenn gleich bey uns das Fuͤhlen , Hoͤren , Sehn , Bewegen , der Geruch , in Sinnen , ſtille ſtehn ; So ſtehen doch in ſtetigem Geſchaͤffte , Blut , Magen , Lung und Hertz , der Eingeweide Kraͤffte , Nie muͤßig , nimmer ſtill ; um wieder zu erſetzen Was abgegangen war .",5063322,"Ell beſtätigte dieſe Bemerkung und ſtimmte Jsma bei , nun zunächſt ein oder das andre der techniſchen Wunderwerke aufzuſuchen .",Cross-Era,3
gesichtszug,2575574,Gefaͤlligkeit zeigte ſich in jedem ihrer liebenswuͤrdigen Geſichtszuͤge .,4198108,Augen und Gesichtszüge dieser Ni-ô sind verdreht und die ganze Haltung ist eher vom Tempel abschreckend .,Cross-Era,3
ruhestand,2101940,"Insbeſondere aber kömmt die rechtliche Stellung der Reichsbeamten als Gehülfen des Kaiſers dadurch zur Geltung , daß die wichtigſten derſelben , und zwar gerade diejenigen , deren Geſchäftsführung am wenigſten durch Geſetze normirt iſt , folglich am meiſten vom freien Ermeſſen beſtimmt wird , durch Kaiſerliche Verfügung einſtweilig in den Ruheſtand verſetzt werden können .",2104467,"Auch der einſtweilig in den Ruheſtand verſetzte Beamte hat demnach dieſen Anſpruch ; indeß ermäßigt ſich der Regel nach die Höhe deſſelben . Der Betrag des Dienſt- Einkommens , welcher den einſtweilig in den Ruheſtand verſetzten Beamten zu zahlen iſt , heißt das Wartegeld .",Late-Late,4
sonnenlicht,3299154,"Da das Auge dieſer Erden , das verneute Sonnenlicht Alles in den Schimmer ſezt !",2407832,"Dass man dem Einfall eines Augenblicks ein solches Bild verdankt kommt natürlich daher , dass der dem Maler zufällig entgegengeworfene Stoff vorzüglich geeignet war , seine eigenste Kraft aufzureizen , Motive seiner Lieblingsbilder in der Erinnerung weckte , wie Tintoretto’s Hochzeit zu Cana in der Salute mit dem Seitenfall des Sonnenlichts auf blonde Köpfe , die Fusswaschung desselben mit dem bewunderten Auseinandergehen in die Tiefe ( I , 275 ) .",Cross-Era,2
sonnenblume,1391061,"An dem 2—3 Meter hohen Stengel erſcheinen ſpät im Herbſte kleine 50—80 Ctm. breite , den Sonnenblumen ähnliche Blüthenköpfe mit goldgelben Randblüthen .",4284674,"Die Sonnenblumen welken und knicken , die Aſtern ſchrumpfen eines Tages ein .",Late-Late,3
rechtsstreit,2019704,"Der Staatsanwalt kann , auch wenn er die Klage nicht erhoben hat , den Rechtsſtreit betreiben , insbeſondere ſelbſtändig Anträge ſtellen und Rechtsmittel einlegen .",2020831,"Dritter , Betheiligung Dritter am Rechtsſtreite 61 — 73 . Verfahren , wenn eine Beweisurkunde in den Händen eines Dritten ſich befindet 393 — 396 . Rechte Dritter an dem Gegenſtande der Zwangsvollſtreckung 690 . Rechte und Pflichten des Drittſchuldners bei der Pfändung von Geldforderungen 730 . 739 . 744 . 753 . 754 . Ueberweiſung der im Gewahrſam eines Dritten befindlichen Sache an den Gläubiger 772 . Vornahme einer Handlung im Zwangsverfahren durch einen Dritten 773 .",Late-Late,4
windspiel,4409063,"Dieſes Pſerd hat genug Gedaͤrme , und ſeine Lenden bezeugen , daß es wohl iſſet ; Hingegen das andere iſt aufgeſchuͤrtzt , d. i. es hat keinen Bauch , eingefallene weite Seiten , wie ein Windſpiel , dahero hat es keine Dauer .",4639555,"Bei dem letzten Worte blickte er auf das Windſpiel , welches neben meinem Pferde hertrabte ; ich war ſo vorſichtig geweſen , es mittels einer Leine an meinen Steigbügel zu binden .",Cross-Era,2
kreuzzug,4218426,"Jedoch kann es wegen der Creuzzuͤge der Capetinger und der uͤbergroſſen Gewalt ſeiner Vaſallen nicht zu Kraͤften kommen , und die aͤltere maͤnnliche Linie Philipps des Kuͤhnen ſtirbt mit Carl dem Schoͤnen 1328 . aus .",2868219,"Und hätte auch das Tuileriencabinet ſich zu einem ſo tollkühnen Entſchluſſe aufgerafft , ſo durfte ihn doch die engliſche Handelspolitik , nach ihren alten Traditionen , nimmermehr erlauben ; die Tory-Regierung war im Parlamente unrettbar verloren , ſobald ſie einem ruſſiſch-franzöſiſchen Kreuzzuge gegen Englands alten Bundesgenoſſen zuſtimmte .",Cross-Era,4
windspiel,4926750,"Und der Herr hatte ein Windſpiel , das immer zitterte , trotzdem fünfundzwanzig Grad Wärme waren . “",4461984,"„ Hinweiſe auf das Mittelmeer , Donjons , Falkenjagd , Zelter , Windſpiele und König Renés Minnehöfe kannſt Du Dir ſparen , Krumhardt , “ ſagte Velten .",Late-Late,4
schauspiel,2869676,"Er konnte ſich von dem grandioſen Anblick lange nicht trennen und ſagte , ein ſchöneres Schauſpiel habe er in ſeinem langen Leben nie genoſſen .",4964837,"Zur Erhöhung der maleriſchen Wirkung dieſes feſſelnden Schauſpieles trägt die düſtere Beleuchtung mit den halbnackten Arbeitern , dem Gedröhne der Hämmer , dem Geſumme der Schwungräder und der ganzen dämoniſchen Lebendigkeit , die in dieſem Raume herrſcht , ganz weſentlich bei .",Late-Late,4
salzwasser,3647939,"Wie wir bereits wiſſen , beſteht dasſelbe aus einer Kupfer- und einer Zinkplatte , welche ohne ſich zu berühren in Salzwaſſer oder angeſäuertes Waſſer eingetaucht werden .",4615028,"Das Salzwasser selbst zu erreichen , war mir nur an einer Stelle möglich , wo ein Weg zwischen dem bodenlosen Schlamm zu einem kleinen Hause und Nachen an der Ostseite des Sees führt ; hier ist ein Streif weichen Sandbodens : von Phanerogamen war nur eine niedrige Portulacee mit rosenrothen Blumen und etwas fleischigen Blättern , Sesuvium L. , von Thieren nichts zu sehen , der Kescher brachte unter vielen Holzstückchen und schwarzem Schlamm nur todte Schalen einer kleinen Schnecke aus der Gattung Hydrobia hervor .",Late-Late,2
sonnenstrahl,4907888,"Hingegen ein Sonnenſtrahl , welcher durch ein kleines Loch in ein verfinſtert Gemach uͤber eine blecherne Roͤhre , oder unter ihr hinfaͤhret , wenn ſie electriſiret wird , laͤſſet ſich durch die Electricitaͤt derſelben von ſeiner geraden Linie nicht ableiten .",1823488,"In der unermeßlichen Mannichfaltigkeit von kleinen , ſcheinbar verſchwindenden Wirkungen , die von Individuum zu Individuum durch das Medium materieller Vorgänge ausſtrahlen , geht ſo wenig eine Wirkung verloren , als ein Sonnenſtrahl in der phyſiſchen Welt .",Cross-Era,4
tagewerk,3210403,"Wenn ſpann- oder gehende dinſte vom vorwerk uͤber feld beſchehen muͤſſen , wird auf 3 bis 4 ſtunden weit ein tagewerk gerechnet . 13 )",95492,"ſo koͤmmt David von dem Himmel und den Wolcken und Winden auf die Engel : nicht deßwegen , als wenn ſie zwiſchen dem andern und dritten Tage-Werck ( von welchem dritten er v. 5. u. f. handelt ) erſchaffen waͤren , ſondern weil es der vorhergehende Context alſo mit ſich gebracht .",Early-Early,4
murmeltier,5709800,"Nach denen uͤbrigen , und abſonderlich denenjenigen Murmelthieren , welche zur gelehrten Narrn-Matzen- und Lappen-Claſſe , wircklich gehoͤren , frage ich nichts , lache uͤber ihren Zorn , und will ihnen hiermit die Apologie eines gewiſſen weiſſen Gelehrten , der von der gelehrten Narrheit ebenfalls geſchrieben , und vornemlich die vermeynten Gelehrten , und daher ſtoltzierenden , in der That aber mit wenig wahrer Gelehrſamkeit und gar keiner Weißheit geſchmuͤckten , ſondern mit lauter Ungeſchicklichkeit , Grobheit und Toͤlpeley angefuͤlleten Schul-Tuͤrannen durchhechelt hat , entgegen ſetzen , welche alſo laulet :",4397183,"Inzwiſchen hatten ſich aber nach und nach auf der Bühne ſelbſt Zuſchauer eingefunden : ein Wolf , ein Fuchs , ein Dachs , ein Füllen , ein Wildſchwein , eine Gemſe , ein Steinbock , ein wilder Kater , ein Murmelthier , ein Auerhahn und noch mehreres Waldvolk ; ſie ſchienen die Feindſchaft unter ſich zu vergeſſen , fiengen an , das Tanzen nachzuahmen , anfangs täppiſch , unglücklich , dann geſchickter , behender , die Muſiker waren längſt wieder erwarmt , blieſen und ſchlugen , was das Zeug hielt , die Thiere wurden ſämmtlich ſo charaktertreu geſpielt wie die Bären und fügten ſich unbeſchadet dieſer Beſonderheit immer glatter in das Geſetz , das die Tanzverſchlingungen beherrſchte .",Cross-Era,2
hausstand,883964,"Deshalb ist es von besonderer Bedeutung , dass alle Kaninchen , so weit die Beobachtung bis jetzt reicht , die spezifische Eigenthümlichkeit des Armes bewahrt haben , auch diejenigen , welche seit einer unbestimmten Reihe von Generationen durch den Hausstand an ihrer ursprünglichen Lebensart verhindert sind .",310051,"Denn nachdem ſich der Hausſtand zwei Jahre ſpäter durch einen neuen Ankömmling , das Töchterchen Mathilde , erweitert , folgte auch eine Verbeſſerung in der Stellung Dr. Büchner's ; er wurde mit erhöhtem Rang und Gehalt nach Darmſtadt verſetzt .",Late-Late,4
zeughaus,5775928,"Zeughauß , unterſchiedene Betrachtung deſſelben 102",12884,( Fig. 600. ) Sie ist mit Applikationsstickerei geziert und stammt aus dem Zeughause zu Luzern .,Cross-Era,4
schauspiel,1907608,"O Luſt ! wenn von bebluͤhmter Spitze , Wo im Geſtraͤuch ich einſam ſitze , Wo mich die Sommerluft vergnuͤgt ; Wenn ich von krausbebuͤſchter Hoͤhe Die groſſen Weiten uͤberſehe , Die itzt mein Auge frey umfliegt ; Wenn hier ein ſchattigt Waͤldchen rauſchet , Wo Amor , flieht ihr Schoͤnen ! lauſchet ; Dort unbeſtrahlte Waͤlder brauſen , Und hier der Weſt mit ſanftem Sauſen Auf wallendem Getraide liegt ; Wenn bald mit ſeinen weiſſen Waͤnden Mir Breitenſee entgegen lacht , Bald Milz mit ſeinem Thurm in gothiſch alter Tracht ; Und hier und dort , an allen Enden , Mir eine Stadt , ein Dorf manch luſtig Schauſpiel macht !",3058853,"So müſſen wir denn jetzt am Schluſſe des 19. Jahrhunderts das beſchämende Schauſpiel erleben , daß das ſogenannte „ Centrum im Deutſchen Reichstage Trumpf “ iſt , und daß die Geſchicke unſeres gedemüthigten Vaterlandes von einer papiſtiſchen Partei geleitet werden , deren Kopfzahl noch nicht den dritten Theil der ganzen Bevölkerung beträgt .",Cross-Era,4
wortspiel,1338856,"Einer Frau , welche die Haushaltung eines Philoſophen fuͤhren , und einem Mann , der die Regierungsgeſchaͤfte unvermoͤgender Großviziern verwalten ſoll , iſt freylich die Zeit zu edel , Wortſpiele zu erſinnen und verbluͤmt zu reden .",3510282,"NUn muß ich auch auf die Wortſpiele kommen ; die vorzeiten uͤberall ſo beliebt geweſen , zu unſern Zeiten aber gantz laͤcherlich geworden .",Early-Early,4
wunderwerk,1755948,"Es bleibt der „ ſchöne Menſch ein Wunderwerk der Entwickelung , das aber in ſich kein Geſchlecht mehr als Schranke kennt .",1226156,"Dann mußte „ der Einſchnitt “ bei Machern ausgeſchaufelt werden , durch eine Bodenwelle , welche der Reiſende heute kaum bemerkt ; von weither kamen die Fremden , auch der länderkundige Frhr. v. Strombeck um das Wunderwerk zu betrachten und gründlich zu beſchreiben .",Late-Late,4
mauerwerk,3136113,"Er fuͤhrete uns ſo fort zu des Don Cyrillo de Valaro aufgerichteten Gedaͤchtniß-Saͤule , die unten mit einem runden Mauerwerck umgeben , und woran eine zinnerne Tafel geſchlagen war , die folgende Zeilen zu leſen gab :",4150033,man ſieht noch die Ueberbleibſel und das alte Mauerwerck einer zerſtoͤrten Capelle / die jetzt mitten im Gebuͤſche liegt . Hin und wieder ſteht eine uhralte Eiche / mit Epheu umgeben / dadurch dieſer Ort gleichſam geheiliget wird .,Early-Early,2
kartenspiel,4699701,"Ich mag nicht das Beten ganz verlernen unter dem Volk , das nur an's Trinken und Kartenſpielen denkt . “",1221935,"Im Januar des folgenden Jahres entflohen noch ſechs Studenten aus der Conſtablerwache , während die Wachmannſchaft ſich mit Kartenſpiel vergnügte , und jetzt endlich beſchloß der Bundestag was Preußen ſchon vor vier Jahren beantragt hatte : die unglücklichen Sechs , die nach ſo vielen Entweichungen noch übrig blieben , wurden in das ſichere Mainz abgeführt . —",Late-Late,4
sonnenschein,3301022,"Drum muß bei Freude Leid , bei Luſt auch Schmerzen ſeyn , Bisweilen truͤbe Nacht , nach heitren Sonnenſchein :",3484344,Wer weiß / ob man mit Recht Das Opffer ſchlachtet ab / wenn ihm der Sonnenſchein In das Geſichte ſchlaͤgt / und ob der Mangel nicht In mir des Leibes und Gemuͤttes Kraͤffte ſchwaͤcht .,Early-Early,4
kartenspiel,913817,"Das landläufige Sprichwort von dem beſudelnden Pech und der Geiſt , welcher geheimnißvoll aus einem Kartenſpiel warnt , ſtimmten in dieſer Mahnung zuſammen : Und alte , treue Juſtine , könntest Du doch ſpüren , daß vierzig Jahre ſpäter die Erörterung der Frage , ob Deinem Fräulein Gutes von dem Wildling gekommen iſt ? die Schlußbetrachtung ihres Lebens bilden wird .",1221935,"Im Januar des folgenden Jahres entflohen noch ſechs Studenten aus der Conſtablerwache , während die Wachmannſchaft ſich mit Kartenſpiel vergnügte , und jetzt endlich beſchloß der Bundestag was Preußen ſchon vor vier Jahren beantragt hatte : die unglücklichen Sechs , die nach ſo vielen Entweichungen noch übrig blieben , wurden in das ſichere Mainz abgeführt . —",Late-Late,4
